v -0.017206135291109703 0.4838927336722069 0.483892733672207
v -0.02076982381082859 0.48560474061223335 0.4856047406122334
v -0.024346027886659738 0.4872975767085889 0.487297576708589
v -0.027934606336189827 0.4889711751310031 0.4889711751310032
v -0.03153541748848626 0.4906254698086759 0.490625469808676
v -0.03514831918969025 0.492260395432886 0.4922603954328861
v -0.03877316880862902 0.49387588745956923 0.49387588745956934
v -0.0424098232424463 0.4954718821118666 0.49547188211186666
v -0.04605813892225202 0.4970483163826418 0.4970483163826419
v -0.04971797181879001 0.4986051280369694 0.49860512803696944
v -0.05338917744812416 0.5001422556145908 0.5001422556145908
v -0.05707161087734236 0.5016596384323412 0.5016596384323412
v -0.06076512673027812 0.5031572165865451 0.5031572165865452
v -0.06446957919324997 0.5046349309553814 0.5046349309553814
v -0.0681848220208176 0.506092723201217 0.506092723201217
v -0.07191070854155579 0.5075305357729101 0.5075305357729102
v -0.07564709166384437 0.5089483119080824 0.5089483119080824
v -0.07939382388167537 0.5103459956353597 0.5103459956353597
v -0.08315075728047633 0.5117235317765815 0.5117235317765816
v -0.08691774354294957 0.51308086594898 0.51308086594898
v -0.09069463395492747 0.5144179445673257 0.5144179445673258
v -0.09448127941124371 0.5157347148460447 0.5157347148460447
v -0.09827753042161944 0.5170311248013008 0.5170311248013009
v -0.102083237116565 0.5183071232530488 0.518307123253049
v -0.10589824925329644 0.5195626598270547 0.5195626598270549
v -0.10972241622166704 0.5207976849568845 0.5207976849568846
v -0.11355558705011282 0.5220121498858606 0.5220121498858608
v -0.11739761041161292 0.5232060066689872 0.5232060066689873
v -0.1212483346296637 0.5243792081748427 0.5243792081748427
v -0.1251076076842665 0.5255317080874405 0.5255317080874407
v -0.1289752772179292 0.5266634609080575 0.5266634609080575
v -0.13285119054168118 0.52777442195703 0.52777442195703
v -0.136735194641101 0.5288645473755181 0.5288645473755182
v -0.14062713618235737 0.5299337941272372 0.5299337941272372
v -0.1445268615182622 0.530982120000156 0.530982120000156
v -0.14843421669433673 0.5320094836081641 0.5320094836081642
v -0.15234904745488903 0.5330158443927057 0.5330158443927058
v -0.1562711992491039 0.5340011626243799 0.53400116262438
v -0.16020051723714443 0.5349653994045103 0.5349653994045104
v -0.16413684629626438 0.5359085166666795 0.5359085166666796
v -0.1680800310269326 0.5368304771782331 0.5368304771782332
v -0.17202991575896784 0.5377312445417487 0.5377312445417488
v -0.17598634455768403 0.5386107831964733 0.5386107831964734
v -0.17994916123004678 0.5394690584197265 0.5394690584197266
v -0.18391820933083924 0.5403060363282723 0.5403060363282725
v -0.18789333216883855 0.5411216838796561 0.5411216838796561
v -0.19187437281300151 0.5419159688735089 0.541915968873509
v -0.19586117409866013 0.5426888599528195 0.5426888599528196
v -0.19985357863372616 0.5434403266051712 0.5434403266051713
v -0.20385142880490464 0.5441703391639474 0.5441703391639475
v -0.20785456678391626 0.5448788688095024 0.5448788688095024
v -0.21186283453372806 0.5455658875702988 0.5455658875702989
v -0.2158760738147925 0.5462313683240123 0.5462313683240124
v -0.21989412619129456 0.5468752847986024 0.5468752847986025
v -0.2239168330374064 0.547497611573349 0.5474976115733491
v -0.22794403554354975 0.5480983240798568 0.5480983240798568
v -0.23197557472266533 0.5486773986030246 0.5486773986030247
v -0.2360112914164894 0.5492348122819817 0.5492348122819818
v -0.24005102630183722 0.5497705431109905 0.5497705431109906
v -0.24409461989689263 0.5502845699403153 0.5502845699403154
v -0.2481419125675042 0.550776872477057 0.550776872477057
v -0.2521927445334874 0.5512474312859543 0.5512474312859544
v -0.25624695587493235 0.5516962277901513 0.5516962277901513
v -0.2603043865385172 0.5521232442719303 0.5521232442719304
v -0.26436487634382677 0.5525284638734118 0.5525284638734119
v -0.26842826498967626 0.55291187059722 0.5529118705972201
v -0.2724943920604395 0.5532734493071136 0.5532734493071138
v -0.27656309703238213 0.5536131857285846 0.5536131857285848
v -0.2806342192799986 0.5539310664494207 0.5539310664494208
v -0.2847075980823534 0.5542270789202351 0.5542270789202351
v -0.28878307262942615 0.5545012114549626 0.5545012114549627
v -0.29286048202846016 0.55475345323132 0.5547534532313201
v -0.29693966531031385 0.5549837942912338 0.5549837942912339
v -0.30102046143581607 0.5551922255412336 0.5551922255412337
v -0.30510270930212313 0.5553787387528103 0.5553787387528103
v -0.30918624774907927 0.5555433265627417 0.5555433265627419
v -0.3132709155655787 0.5556859824733831 0.5556859824733832
v -0.3173565514959301 0.5558067008529232 0.5558067008529233
v -0.3214429942462227 0.555905476935607 0.5559054769356071
v -0.32553008249069376 0.5559823068219242 0.5559823068219242
v -0.32961765487809763 0.5560371874787622 0.5560371874787623
v -0.33370555003807556 0.5560701167395267 0.5560701167395267
v -0.33779360658752633 0.5560810933042267 0.5560810933042268
v -0.34188166313697665 0.5560701167395267 0.5560701167395267
v -0.3459695582969549 0.5560371874787622 0.5560371874787623
v -0.35005713068435856 0.5559823068219242 0.5559823068219242
v -0.35414421892882997 0.555905476935607 0.5559054769356071
v -0.35823066167912226 0.5558067008529232 0.5558067008529233
v -0.362316297609474 0.5556859824733831 0.5556859824733832
v -0.36640096542597317 0.5555433265627417 0.5555433265627419
v -0.37048450387292964 0.5553787387528103 0.5553787387528103
v -0.37456675173923637 0.5551922255412336 0.5551922255412337
v -0.37864754786473837 0.5549837942912338 0.5549837942912339
v -0.38272673114659245 0.55475345323132 0.5547534532313201
v -0.3868041405456262 0.5545012114549626 0.5545012114549627
v -0.39087961509269925 0.5542270789202351 0.5542270789202351
v -0.3949529938950538 0.5539310664494207 0.5539310664494208
v -0.3990241161426706 0.5536131857285846 0.5536131857285848
v -0.4030928211146129 0.5532734493071136 0.5532734493071138
v -0.407158948185376 0.55291187059722 0.5529118705972201
v -0.4112223368312258 0.5525284638734118 0.5525284638734119
v -0.4152828266365351 0.5521232442719303 0.5521232442719304
v -0.41934025730012026 0.5516962277901513 0.5516962277901513
v -0.42339446864156494 0.5512474312859543 0.5512474312859544
v -0.4274453006075484 0.550776872477057 0.550776872477057
v -0.4314925932781598 0.5502845699403153 0.5502845699403154
v -0.4355361868732155 0.5497705431109905 0.5497705431109906
v -0.4395759217585631 0.5492348122819817 0.5492348122819818
v -0.4436116384523868 0.5486773986030246 0.5486773986030247
v -0.4476431776315028 0.5480983240798568 0.5480983240798568
v -0.4516703801376458 0.547497611573349 0.5474976115733491
v -0.4556930869837581 0.5468752847986023 0.5468752847986024
v -0.45971113936025987 0.5462313683240123 0.5462313683240124
v -0.46372437864132465 0.5455658875702988 0.5455658875702988
v -0.4677326463911362 0.5448788688095024 0.5448788688095024
v -0.47173578437014807 0.5441703391639474 0.5441703391639475
v -0.47573363454132633 0.5434403266051712 0.5434403266051712
v -0.4797260390763921 0.5426888599528195 0.5426888599528196
v -0.4837128403620511 0.5419159688735089 0.541915968873509
v -0.4876938810062138 0.5411216838796561 0.5411216838796561
v -0.4916690038442134 0.5403060363282723 0.5403060363282725
v -0.49563805194500565 0.5394690584197265 0.5394690584197266
v -0.49960086861736863 0.5386107831964732 0.5386107831964733
v -0.5035572974160847 0.5377312445417487 0.5377312445417488
v -0.5075071821481196 0.5368304771782331 0.5368304771782332
v -0.5114503668787882 0.5359085166666795 0.5359085166666796
v -0.5153866959379079 0.5349653994045103 0.5349653994045104
v -0.5193160139259487 0.5340011626243799 0.53400116262438
v -0.5232381657201634 0.5330158443927057 0.5330158443927058
v -0.5271529964807159 0.5320094836081641 0.5320094836081642
v -0.5310603516567902 0.530982120000156 0.530982120000156
v -0.5349600769926954 0.5299337941272371 0.5299337941272372
v -0.5388520185339515 0.5288645473755181 0.5288645473755182
v -0.5427360226333711 0.52777442195703 0.52777442195703
v -0.5466119359571233 0.5266634609080574 0.5266634609080575
v -0.5504796054907858 0.5255317080874405 0.5255317080874407
v -0.5543388785453889 0.5243792081748427 0.5243792081748427
v -0.5581896027634394 0.5232060066689872 0.5232060066689873
v -0.5620316261249398 0.5220121498858605 0.5220121498858606
v -0.5658647969533854 0.5207976849568845 0.5207976849568846
v -0.5696889639217563 0.5195626598270547 0.5195626598270547
v -0.5735039760584875 0.5183071232530488 0.5183071232530488
v -0.5773096827534328 0.5170311248013009 0.517031124801301
v -0.5811059337638088 0.5157347148460446 0.5157347148460447
v -0.5848925792201248 0.5144179445673257 0.5144179445673258
v -0.5886694696321031 0.5130808659489797 0.5130808659489798
v -0.592436455894576 0.5117235317765815 0.5117235317765816
v -0.5961933892933773 0.5103459956353595 0.5103459956353597
v -0.5999401215112081 0.5089483119080824 0.5089483119080824
v -0.603676504633497 0.5075305357729099 0.50753053577291
v -0.6074023911542349 0.5060927232012169 0.506092723201217
v -0.6111176339818023 0.5046349309553814 0.5046349309553815
v -0.6148220864447744 0.503157216586545 0.5031572165865451
v -0.61851560229771 0.5016596384323412 0.5016596384323412
v -0.6221980357269286 0.5001422556145906 0.5001422556145907
v -0.6258692413562624 0.49860512803696927 0.4986051280369694
v -0.6295290742528007 0.49704831638264174 0.4970483163826418
v -0.6331773899326061 0.4954718821118665 0.49547188211186655
v -0.6368140443664236 0.49387588745956906 0.4938758874595692
v -0.6404388939853622 0.4922603954328859 0.49226039543288597
v -0.6440517956865661 0.4906254698086759 0.490625469808676
v -0.6476526068388627 0.488971175131003 0.4889711751310031
v -0.6512411852883926 0.4872975767085889 0.487297576708589
v -0.6548173893642241 0.4856047406122332 0.48560474061223324
v -0.6583810778839427 0.48389273367220687 0.4838927336722069
v -0.6619321101592281 0.4821616234756122 0.48216162347561226
v -0.6654703460014072 0.48041147836371545 0.4804114783637155
v -0.6689956457269861 0.47864236742924926 0.4786423674292493
v -0.672507870163169 0.47685436051368385 0.4768543605136839
v -0.676006880653348 0.47504752820447094 0.475047528204471
v -0.6794925390625814 0.473221941832256 0.47322194183225613
v -0.6829647077830423 0.4713776734680635 0.4713776734680636
v -0.6864232497394562 0.46951479592045003 0.46951479592045015
v -0.6898680283945076 0.4676333827326321 0.46763338273263216
v -0.6932989077542339 0.4657335081795805 0.4657335081795806
v -0.6967157523733932 0.46381524726508905 0.46381524726508916
v -0.7001184273608096 0.46187867571881486 0.4618786757188149
v -0.7035067983847018 0.45992386999328594 0.459923869993286
v -0.7068807316779826 0.45795090726088583 0.4579509072608859
v -0.7102400940435438 0.4559598654108042 0.4559598654108043
v -0.7135847528595103 0.4539508230459649 0.45395082304596496
v -0.7169145760844798 0.45192385947991975 0.45192385947991986
v -0.7202294322627323 0.4498790547337202 0.44987905473372025
v -0.7235291905294221 0.4478164895327561 0.44781648953275616
v -0.7268137206157435 0.44573624530356953 0.44573624530356964
v -0.7300828928540717 0.4436384041706415 0.44363840417064154
v -0.7333365781830854 0.441523048953147 0.44152304895314703
v -0.7365746481528581 0.4393902631616887 0.4393902631616888
v -0.7397969749299328 0.4372401309949972 0.43724013099499726
v -0.743003431302365 0.4350727373366092 0.43507273733660934
v -0.7461938906847481 0.43288816775151484 0.4328881677515149
v -0.7493682271232078 0.43068650848278117 0.4306865084827812
v -0.7525263153003776 0.428467846448146 0.42846784644814606
v -0.7556680305403438 0.4262322692365873 0.42623226923658736
v -0.7587932488135678 0.4239798651048659 0.423979865104866
v -0.761901846741784 0.4217107229740397 0.4217107229740398
v -0.7649937016028678 0.41942493242595513 0.4194249324259552
v -0.7680686913356847 0.4171225836997087 0.4171225836997088
v -0.7711266945449042 0.41480376768808636 0.4148037676880864
v -0.7741675905057968 0.4124685759339731 0.4124685759339732
v -0.7771912591689958 0.4101171006267418 0.41011710062674184
v -0.78019758116524 0.4077494345986105 0.40774943459861057
v -0.7831864378100853 0.40536567132097995 0.40536567132098
v -0.7861577111085883 0.4029659049007431 0.4029659049007432
v -0.7891112837599675 0.40055023007656854 0.4005502300765686
v -0.7920470391622312 0.39811874221516286 0.3981187422151629
v -0.7949648614167837 0.39567153730750254 0.3956715373075026
v -0.7978646353329977 0.3932087119650479 0.393208711965048
v -0.8007462464327649 0.39073036341592565 0.3907303634159257
v -0.8036095809550126 0.38823658950109374 0.3882365895010938
v -0.806454525860197 0.3857274886704758 0.38572748867047585
v -0.8092809688347649 0.383203159979076 0.38320315997907606
v -0.8120887982955864 0.38066370308306946 0.38066370308306957
v -0.8148779033943634 0.37810921823586563 0.3781092182358657
v -0.8176481740220011 0.37553980628415284 0.3755398062841529
v -0.8203995008129594 0.37295556866391466 0.3729555686639147
v -0.823131775149567 0.37035660739642823 0.37035660739642834
v -0.8258448891663124 0.3677430250842336 0.3677430250842337
v -0.8285387357540988 0.3651149249070859 0.36511492490708597
v -0.8312132085644757 0.3624724106178797 0.36247241061787977
v -0.8338682020138368 0.35981558653855417 0.3598155865385542
v -0.8365036112875858 0.35714455755597535 0.3571445575559754
v -0.839119332344278 0.3544594291177934 0.35445942911779343
v -0.8417152619197239 0.35176030722828194 0.351760307228282
v -0.8442912975310695 0.3490472984441513 0.34904729844415133
v -0.8468473374808401 0.3463205098703423 0.34632050987034235
v -0.849383280860954 0.3435800491557997 0.34358004915579976
v -0.85189902755671 0.3408260244892194 0.34082602448921945
v -0.8543944782507353 0.3380585445947802 0.33805854459478024
v -0.8568695344269099 0.335277718727849 0.33527771872784906
v -0.8593240983742534 0.33248365667067026 0.3324836566706703
v -0.8617580731907848 0.3296764687280289 0.32967646872802897
v -0.8641713627873453 0.3268562657228991 0.32685626572289916
v -0.8665638718913939 0.3240231589920662 0.32402315899206624
v -0.8689355060507686 0.32117726038173233 0.3211772603817324
v -0.8712861716374125 0.3183186822431026 0.31831868224310267
v -0.8736157758510743 0.31544753742794635 0.3154475374279464
v -0.8759242267229679 0.31256393928414555 0.3125639392841456
v -0.8782114331194057 0.30966800165121666 0.3096680016512167
v -0.8804773047453955 0.3067598388558195 0.30675983885581953
v -0.8827217521482058 0.30383956570724086 0.30383956570724086
v -0.8849446867208954 0.30090729749286516 0.3009072974928652
v -0.8871460207058139 0.2979631499736203 0.29796314997362033
v -0.8893256671980654 0.29500723937940865 0.2950072393794087
v -0.8914835401489378 0.29203968240452005 0.2920396824045201
v -0.8936195543693026 0.2890605962030217 0.28906059620302177
v -0.8957336255329751 0.28607009838413683 0.28607009838413683
v -0.8978256701800462 0.28306830700759766 0.2830683070075977
v -0.899895605720175 0.28005534057898884 0.2800553405789889
v -0.9019433504358509 0.27703131804506514 0.2770313180450652
v -0.9039688234856187 0.273996358789059 0.27399635878905904
v -0.9059719449072705 0.2709505826259648 0.27095058262596483
v -0.9079526356210028 0.2678941097978098 0.2678941097978098
v -0.9099108174325374 0.2648270609689086 0.2648270609689086
v -0.9118464130362096 0.26174955722109644 0.2617495572210965
v -0.9137593460180187 0.2586617200489527 0.25866172004895277
v -0.9156495408586467 0.2555636713550008 0.25556367135500085
v -0.9175169229364373 0.25245553344489935 0.2524555334448994
v -0.919361418530344 0.24933742902261016 0.2493374290226102
v -0.9211829548228385 0.24620948118555763 0.2462094811855577
v -0.9229814599027872 0.24307181341976608 0.2430718134197661
v -0.9247568627682894 0.23992454959498585 0.2399245495949859
v -0.9265090933294795 0.2367678139598047 0.23676781395980473
v -0.9282380824112955 0.23360173113673943 0.23360173113673946
v -0.9299437617562087 0.23042642611731953 0.2304264261173196
v -0.9316260640269192 0.22724202425714976 0.2272420242571498
v -0.9332849228090145 0.2240486512709626 0.22404865127096263
v -0.9349202726135897 0.22084643322765593 0.22084643322765596
v -0.9365320488798345 0.21763549654531553 0.21763549654531555
v -0.938120187977582 0.21441596798622323 0.21441596798622328
v -0.9396846272098203 0.2111879746518533 0.21118797465185332
v -0.9412253048151669 0.20795164397785634 0.20795164397785637
v -0.9427421599703079 0.20470710372902487 0.2047071037290249
v -0.9442351327923992 0.20145448199425334 0.20145448199425336
v -0.9457041643414301 0.19819390718147803 0.19819390718147806
v -0.9471491966225505 0.19492550801260908 0.1949255080126091
v -0.9485701725883604 0.1916494135184497 0.19164941351844972
v -0.9499670361411614 0.1883657530336014 0.18836575303360142
v -0.9513397321351724 0.1850746561913572 0.18507465619135724
v -0.9526882063787061 0.18177625291858465 0.18177625291858468
v -0.9540124056363082 0.17847067343059816 0.1784706734305982
v -0.9553122776308596 0.17515804822601488 0.1751580482260149
v -0.9565877710456392 0.17183850808160675 0.17183850808160678
v -0.9578388355263514 0.1685121840471342 0.16851218404713422
v -0.9590654216831129 0.1651792074401741 0.16517920744017411
v -0.9602674810924019 0.16183970984093635 0.16183970984093635
v -0.9614449662989715 0.15849382308706847 0.1584938230870685
v -0.9625978308177217 0.15514167926845004 0.15514167926845007
v -0.9637260291355358 0.15178341072197873 0.15178341072197876
v -0.9648295167130754 0.14841915002634742 0.14841915002634745
v -0.9659082499865408 0.14504902999680688 0.1450490299968069
v -0.9669621863693894 0.14167318367992626 0.1416731836799263
v -0.9679912842540173 0.13829174434833733 0.13829174434833735
v -0.9689955030134023 0.13490484549547443 0.13490484549547443
v -0.9699748030027071 0.13151262083030593 0.13151262083030593
v -0.9709291455608449 0.12811520427205222 0.12811520427205225
v -0.9718584930120058 0.12471272994490276 0.12471272994490278
v -0.9727628086671438 0.12130533217271693 0.12130533217271695
v -0.9736420568254249 0.11789314547372544 0.11789314547372545
v -0.9744962027756376 0.11447630455521556 0.11447630455521557
v -0.9753252127975622 0.11105494430821712 0.11105494430821715
v -0.9761290541633028 0.10762919980217395 0.10762919980217397
v -0.9769076951385782 0.10419920627961281 0.10419920627961282
v -0.9776611049839765 0.10076509915080585 0.10076509915080586
v -0.9783892539561665 0.09732701398842142 0.09732701398842143
v -0.979092113309074 0.09388508652217573 0.09388508652217574
v -0.979769655295015 0.0904394526334707 0.09043945263347071
v -0.980421853165792 0.08699024835003331 0.08699024835003333
v -0.98104868117375 0.08353760984054176 0.08353760984054176
v -0.9816501145727923 0.08008167340925348 0.0800816734092535
v -0.9822261296193584 0.0766225754906208 0.07662257549062082
v -0.9827767035733603 0.07316045264390612 0.07316045264390614
v -0.9833018146990813 0.06969544154779231 0.06969544154779232
v -0.9838014422660333 0.06622767899498341 0.06622767899498343
v -0.9842755665497749 0.06275730188680823 0.06275730188680824
v -0.9847241688326918 0.05928444722781227 0.05928444722781228
v -0.9851472314047338 0.055809252120350504 0.05580925212035051
v -0.9855447375641151 0.052331853759175775 0.05233185375917578
v -0.985916671617973 0.048852389426021596 0.0488523894260216
v -0.9862630188829877 0.045370996484181574 0.04537099648418158
v -0.9865837656859626 0.04188781237308746 0.04188781237308747
v -0.9868788993643631 0.03840297460288476 0.03840297460288477
v -0.9871484082668167 0.03491662074900068 0.03491662074900069
v -0.9873922817535734 0.031428888446716756 0.031428888446716756
v -0.9876105101969259 0.027939915385731828 0.02793991538573183
v -0.9878030849815884 0.024449839304727775 0.02444983930472778
v -0.9879699985050385 0.020958797985932802 0.020958797985932805
v -0.9881112441778162 0.017466929249681046 0.01746692924968105
v -0.9882268164237837 0.01397437094897069 0.013974370948970692
v -0.988316710680347 0.010481260964022727 0.010481260964022729
v -0.9883809233986347 0.006987737196839194 0.006987737196839195
v -0.9884194520436387 0.003493937565755557 0.0034939375657555573
v -0.9884322950943139 -1.0215043964720728e-16 -1.021504396472073e-16
v -0.9884194520436387 -0.003493937565755761 -0.0034939375657557616
v -0.9883809233986347 -0.006987737196839398 -0.006987737196839399
v -0.988316710680347 -0.010481260964023425 -0.010481260964023426
v -0.9882268164237837 -0.013974370948970893 -0.013974370948970895
v -0.9881112441778162 -0.01746692924968125 -0.017466929249681254
v -0.9879699985050385 -0.020958797985933496 -0.0209587979859335
v -0.9878030849815884 -0.024449839304727976 -0.02444983930472798
v -0.9876105101969259 -0.027939915385732032 -0.02793991538573204
v -0.9873922817535734 -0.03142888844671696 -0.031428888446716964
v -0.9871484082668167 -0.03491662074900089 -0.0349166207490009
v -0.9868788993643631 -0.03840297460288498 -0.038402974602884984
v -0.9865837656859626 -0.04188781237308816 -0.04188781237308817
v -0.9862630188829877 -0.04537099648418179 -0.045370996484181796
v -0.985916671617973 -0.0488523894260218 -0.048852389426021804
v -0.9855447375641151 -0.05233185375917646 -0.05233185375917647
v -0.9851472314047338 -0.05580925212035071 -0.05580925212035072
v -0.9847241688326918 -0.05928444722781248 -0.05928444722781249
v -0.9842755665497749 -0.06275730188680843 -0.06275730188680845
v -0.9838014422660333 -0.06622767899498362 -0.06622767899498364
v -0.9833018146990813 -0.0696954415477925 -0.06969544154779252
v -0.9827767035733603 -0.07316045264390633 -0.07316045264390635
v -0.9822261296193584 -0.076622575490621 -0.07662257549062101
v -0.9816501145727923 -0.08008167340925369 -0.0800816734092537
v -0.9810486811737498 -0.08353760984054245 -0.08353760984054247
v -0.980421853165792 -0.08699024835003351 -0.08699024835003352
v -0.9797696552950148 -0.09043945263347139 -0.0904394526334714
v -0.9790921133090738 -0.09388508652217592 -0.09388508652217593
v -0.9783892539561665 -0.09732701398842161 -0.09732701398842163
v -0.9776611049839763 -0.10076509915080605 -0.10076509915080606
v -0.9769076951385782 -0.104199206279613 -0.10419920627961302
v -0.9761290541633025 -0.10762919980217417 -0.10762919980217418
v -0.9753252127975622 -0.11105494430821732 -0.11105494430821734
v -0.9744962027756374 -0.11447630455521624 -0.11447630455521625
v -0.9736420568254247 -0.11789314547372565 -0.11789314547372566
v -0.9727628086671436 -0.12130533217271762 -0.12130533217271763
v -0.9718584930120058 -0.12471272994490296 -0.12471272994490298
v -0.9709291455608449 -0.12811520427205245 -0.12811520427205245
v -0.9699748030027069 -0.13151262083030613 -0.13151262083030613
v -0.9689955030134021 -0.13490484549547463 -0.13490484549547463
v -0.9679912842540173 -0.13829174434833752 -0.13829174434833755
v -0.9669621863693894 -0.14167318367992648 -0.1416731836799265
v -0.9659082499865408 -0.14504902999680708 -0.1450490299968071
v -0.9648295167130754 -0.14841915002634762 -0.14841915002634765
v -0.9637260291355356 -0.15178341072197943 -0.15178341072197943
v -0.9625978308177217 -0.15514167926845027 -0.1551416792684503
v -0.9614449662989715 -0.15849382308706866 -0.1584938230870687
v -0.9602674810924017 -0.16183970984093698 -0.161839709840937
v -0.9590654216831127 -0.16517920744017428 -0.1651792074401743
v -0.9578388355263514 -0.1685121840471344 -0.16851218404713442
v -0.9565877710456392 -0.17183850808160694 -0.17183850808160697
v -0.9553122776308596 -0.1751580482260151 -0.17515804822601513
v -0.9540124056363082 -0.17847067343059836 -0.1784706734305984
v -0.9526882063787059 -0.18177625291858535 -0.18177625291858537
v -0.9513397321351722 -0.1850746561913574 -0.18507465619135743
v -0.9499670361411612 -0.1883657530336016 -0.18836575303360162
v -0.9485701725883602 -0.19164941351845033 -0.19164941351845036
v -0.9471491966225505 -0.19492550801260927 -0.1949255080126093
v -0.9457041643414299 -0.19819390718147822 -0.19819390718147825
v -0.944235132792399 -0.20145448199425353 -0.20145448199425356
v -0.9427421599703079 -0.20470710372902506 -0.2047071037290251
v -0.9412253048151666 -0.20795164397785648 -0.2079516439778565
v -0.93968462720982 -0.21118797465185396 -0.211187974651854
v -0.938120187977582 -0.2144159679862234 -0.21441596798622342
v -0.9365320488798345 -0.21763549654531572 -0.21763549654531575
v -0.9349202726135892 -0.22084643322765657 -0.2208464332276566
v -0.9332849228090143 -0.22404865127096274 -0.2240486512709628
v -0.9316260640269192 -0.22724202425715 -0.22724202425715004
v -0.9299437617562085 -0.23042642611731973 -0.23042642611731978
v -0.9282380824112955 -0.23360173113673963 -0.23360173113673965
v -0.9265090933294793 -0.23676781395980495 -0.23676781395980498
v -0.9247568627682892 -0.2399245495949865 -0.23992454959498652
v -0.922981459902787 -0.24307181341976627 -0.2430718134197663
v -0.9211829548228383 -0.24620948118555783 -0.24620948118555788
v -0.9193614185303438 -0.24933742902261033 -0.24933742902261036
v -0.917516922936437 -0.25245553344489957 -0.25245553344489957
v -0.9156495408586462 -0.25556367135500146 -0.25556367135500146
v -0.9137593460180187 -0.25866172004895294 -0.258661720048953
v -0.9118464130362094 -0.26174955722109666 -0.2617495572210967
v -0.9099108174325372 -0.2648270609689088 -0.26482706096890885
v -0.9079526356210024 -0.2678941097978104 -0.2678941097978105
v -0.9059719449072703 -0.27095058262596494 -0.270950582625965
v -0.9039688234856185 -0.2739963587890592 -0.27399635878905926
v -0.9019433504358509 -0.2770313180450653 -0.2770313180450653
v -0.8998956057201748 -0.28005534057898906 -0.2800553405789891
v -0.8978256701800458 -0.2830683070075982 -0.2830683070075983
v -0.8957336255329749 -0.28607009838413694 -0.286070098384137
v -0.8936195543693024 -0.28906059620302194 -0.289060596203022
v -0.8914835401489376 -0.2920396824045202 -0.2920396824045203
v -0.8893256671980649 -0.29500723937940926 -0.2950072393794093
v -0.8871460207058137 -0.2979631499736205 -0.2979631499736205
v -0.8849446867208952 -0.30090729749286527 -0.3009072974928653
v -0.8827217521482056 -0.303839565707241 -0.3038395657072411
v -0.8804773047453955 -0.3067598388558196 -0.30675983885581964
v -0.8782114331194053 -0.3096680016512172 -0.3096680016512173
v -0.8759242267229677 -0.3125639392841458 -0.31256393928414583
v -0.8736157758510743 -0.3154475374279465 -0.3154475374279465
v -0.8712861716374125 -0.3183186822431027 -0.3183186822431028
v -0.868935506050768 -0.3211772603817329 -0.32117726038173294
v -0.8665638718913937 -0.3240231589920663 -0.32402315899206635
v -0.8641713627873451 -0.3268562657228993 -0.32685626572289933
v -0.8617580731907846 -0.329676468728029 -0.3296764687280291
v -0.8593240983742532 -0.33248365667067037 -0.3324836566706704
v -0.8568695344269093 -0.3352777187278496 -0.33527771872784967
v -0.8543944782507351 -0.3380585445947804 -0.33805854459478046
v -0.85189902755671 -0.3408260244892195 -0.34082602448921956
v -0.849383280860954 -0.3435800491557999 -0.3435800491558
v -0.8468473374808398 -0.3463205098703424 -0.34632050987034246
v -0.8442912975310695 -0.3490472984441514 -0.34904729844415144
v -0.8417152619197239 -0.35176030722828205 -0.3517603072282821
v -0.8391193323442778 -0.3544594291177935 -0.35445942911779355
v -0.8365036112875857 -0.3571445575559756 -0.35714455755597563
v -0.8338682020138363 -0.35981558653855467 -0.3598155865385547
v -0.8312132085644754 -0.3624724106178799 -0.36247241061787994
v -0.8285387357540983 -0.3651149249070862 -0.36511492490708625
v -0.8258448891663118 -0.3677430250842341 -0.3677430250842342
v -0.8231317751495668 -0.3703566073964284 -0.37035660739642845
v -0.820399500812959 -0.372955568663915 -0.37295556866391505
v -0.8176481740220009 -0.3755398062841529 -0.37553980628415295
v -0.814877903394363 -0.37810921823586596 -0.378109218235866
v -0.8120887982955863 -0.38066370308306974 -0.3806637030830698
v -0.8092809688347644 -0.38320315997907634 -0.3832031599790764
v -0.8064545258601967 -0.38572748867047596 -0.385727488670476
v -0.8036095809550121 -0.388236589501094 -0.3882365895010941
v -0.8007462464327644 -0.39073036341592604 -0.3907303634159261
v -0.7978646353329975 -0.3932087119650481 -0.39320871196504814
v -0.7949648614167832 -0.3956715373075029 -0.39567153730750293
v -0.792047039162231 -0.3981187422151629 -0.39811874221516297
v -0.7891112837599671 -0.4005502300765689 -0.400550230076569
v -0.7861577111085882 -0.40296590490074324 -0.4029659049007433
v -0.783186437810085 -0.4053656713209802 -0.4053656713209803
v -0.7801975811652397 -0.4077494345986106 -0.40774943459861074
v -0.7771912591689956 -0.41011710062674184 -0.4101171006267419
v -0.7741675905057963 -0.41246857593397346 -0.4124685759339735
v -0.771126694544904 -0.41480376768808647 -0.4148037676880866
v -0.7680686913356842 -0.417122583699709 -0.41712258369970906
v -0.7649937016028676 -0.4194249324259553 -0.41942493242595535
v -0.7619018467417834 -0.42171072297404 -0.42171072297404005
v -0.7587932488135676 -0.423979865104866 -0.42397986510486607
v -0.7556680305403436 -0.42623226923658764 -0.4262322692365877
v -0.7525263153003774 -0.4284678464481462 -0.42846784644814623
v -0.7493682271232076 -0.43068650848278134 -0.4306865084827814
v -0.7461938906847476 -0.4328881677515152 -0.43288816775151523
v -0.7430034313023648 -0.43507273733660934 -0.4350727373366094
v -0.7397969749299325 -0.4372401309949974 -0.4372401309949975
v -0.7365746481528579 -0.43939026316168883 -0.43939026316168894
v -0.733336578183085 -0.44152304895314726 -0.44152304895314737
v -0.7300828928540715 -0.44363840417064154 -0.4436384041706416
v -0.726813720615743 -0.4457362453035698 -0.44573624530356987
v -0.7235291905294221 -0.447816489532756 -0.4478164895327561
v -0.7202294322627321 -0.4498790547337203 -0.44987905473372036
v -0.7169145760844794 -0.45192385947992003 -0.4519238594799201
v -0.7135847528595101 -0.45395082304596496 -0.45395082304596507
v -0.7102400940435434 -0.45595986541080447 -0.4559598654108045
v -0.7068807316779824 -0.45795090726088594 -0.45795090726088605
v -0.7035067983847014 -0.45992386999328616 -0.4599238699932862
v -0.7001184273608094 -0.46187867571881497 -0.461878675718815
v -0.6967157523733928 -0.46381524726508927 -0.4638152472650894
v -0.693298907754234 -0.4657335081795804 -0.4657335081795805
v -0.6898680283945073 -0.46763338273263216 -0.4676333827326323
v -0.6864232497394558 -0.4695147959204503 -0.46951479592045037
v -0.6829647077830421 -0.47137767346806364 -0.4713776734680637
v -0.6794925390625809 -0.4732219418322563 -0.47322194183225635
v -0.6760068806533478 -0.4750475282044711 -0.47504752820447116
v -0.6725078701631686 -0.476854360513684 -0.4768543605136841
v -0.6689956457269859 -0.47864236742924937 -0.4786423674292495
v -0.6654703460014071 -0.4804114783637155 -0.48041147836371556
v -0.6619321101592281 -0.4821616234756122 -0.48216162347561226
v -0.6583810778839425 -0.4838927336722069 -0.483892733672207
v -0.6548173893642236 -0.48560474061223335 -0.4856047406122334
v -0.6512411852883924 -0.4872975767085889 -0.487297576708589
v -0.6476526068388623 -0.48897117513100324 -0.48897117513100335
v -0.6440517956865659 -0.49062546980867605 -0.49062546980867616
v -0.6404388939853618 -0.49226039543288613 -0.49226039543288624
v -0.6368140443664232 -0.49387588745956934 -0.4938758874595694
v -0.6331773899326059 -0.4954718821118666 -0.49547188211186666
v -0.6295290742528001 -0.4970483163826419 -0.49704831638264196
v -0.6258692413562622 -0.49860512803696944 -0.49860512803696955
v -0.622198035726928 -0.5001422556145908 -0.5001422556145909
v -0.6185156022977097 -0.5016596384323412 -0.5016596384323413
v -0.614822086444774 -0.5031572165865452 -0.5031572165865453
v -0.6111176339818021 -0.5046349309553815 -0.5046349309553816
v -0.6074023911542343 -0.506092723201217 -0.5060927232012171
v -0.6036765046334964 -0.5075305357729102 -0.5075305357729102
v -0.5999401215112079 -0.5089483119080824 -0.5089483119080824
v -0.5961933892933768 -0.5103459956353597 -0.5103459956353598
v -0.5924364558945758 -0.5117235317765816 -0.5117235317765817
v -0.5886694696321026 -0.51308086594898 -0.5130808659489801
v -0.5848925792201246 -0.5144179445673258 -0.5144179445673259
v -0.5811059337638084 -0.5157347148460448 -0.5157347148460449
v -0.5773096827534325 -0.517031124801301 -0.517031124801301
v -0.5735039760584872 -0.5183071232530488 -0.518307123253049
v -0.5696889639217557 -0.5195626598270549 -0.519562659827055
v -0.5658647969533852 -0.5207976849568846 -0.5207976849568847
v -0.5620316261249394 -0.5220121498858608 -0.5220121498858609
v -0.5581896027634392 -0.5232060066689873 -0.5232060066689874
v -0.5543388785453884 -0.5243792081748428 -0.524379208174843
v -0.5504796054907856 -0.5255317080874407 -0.5255317080874407
v -0.5466119359571229 -0.5266634609080575 -0.5266634609080576
v -0.5427360226333708 -0.52777442195703 -0.5277744219570301
v -0.5388520185339513 -0.5288645473755181 -0.5288645473755182
v -0.5349600769926949 -0.5299337941272372 -0.5299337941272372
v -0.53106035165679 -0.530982120000156 -0.5309821200001561
v -0.5271529964807155 -0.5320094836081642 -0.5320094836081644
v -0.523238165720163 -0.5330158443927058 -0.5330158443927059
v -0.5193160139259482 -0.53400116262438 -0.5340011626243801
v -0.5153866959379076 -0.5349653994045104 -0.5349653994045105
v -0.5114503668787876 -0.5359085166666795 -0.5359085166666796
v -0.5075071821481196 -0.5368304771782331 -0.5368304771782332
v -0.5035572974160843 -0.5377312445417488 -0.5377312445417488
v -0.49960086861736813 -0.5386107831964733 -0.5386107831964734
v -0.4956380519450053 -0.5394690584197266 -0.5394690584197267
v -0.49166900384421286 -0.5403060363282723 -0.5403060363282725
v -0.4876938810062135 -0.5411216838796561 -0.5411216838796562
v -0.48371284036205053 -0.5419159688735089 -0.541915968873509
v -0.4797260390763919 -0.5426888599528196 -0.5426888599528197
v -0.4757336345413261 -0.5434403266051712 -0.5434403266051713
v -0.4717357843701476 -0.5441703391639475 -0.5441703391639475
v -0.467732646391136 -0.5448788688095024 -0.5448788688095024
v -0.4637243786413241 -0.5455658875702988 -0.5455658875702989
v -0.45971113936025965 -0.5462313683240123 -0.5462313683240124
v -0.45569308698375754 -0.5468752847986024 -0.5468752847986025
v -0.4516703801376456 -0.547497611573349 -0.5474976115733491
v -0.4476431776315023 -0.5480983240798568 -0.5480983240798569
v -0.4436116384523867 -0.5486773986030246 -0.5486773986030247
v -0.43957592175856286 -0.5492348122819817 -0.5492348122819818
v -0.43553618687321494 -0.5497705431109905 -0.5497705431109906
v -0.43149259327815953 -0.5502845699403154 -0.5502845699403155
v -0.42744530060754793 -0.550776872477057 -0.5507768724770571
v -0.4233944686415647 -0.5512474312859543 -0.5512474312859544
v -0.4193402573001197 -0.5516962277901513 -0.5516962277901513
v -0.4152828266365348 -0.5521232442719303 -0.5521232442719304
v -0.4112223368312252 -0.5525284638734118 -0.5525284638734119
v -0.407158948185376 -0.55291187059722 -0.5529118705972201
v -0.40309282111461264 -0.5532734493071136 -0.5532734493071138
v -0.39902411614267 -0.5536131857285846 -0.5536131857285848
v -0.39495299389505356 -0.5539310664494207 -0.5539310664494208
v -0.39087961509269875 -0.5542270789202351 -0.5542270789202351
v -0.38680414054562595 -0.5545012114549626 -0.5545012114549627
v -0.3827267311465919 -0.55475345323132 -0.5547534532313201
v -0.37864754786473814 -0.5549837942912338 -0.5549837942912339
v -0.3745667517392359 -0.5551922255412336 -0.5551922255412337
v -0.3704845038729291 -0.5553787387528103 -0.5553787387528103
v -0.36640096542597295 -0.5555433265627417 -0.5555433265627419
v -0.3623162976094735 -0.5556859824733831 -0.5556859824733832
v -0.35823066167912204 -0.5558067008529232 -0.5558067008529233
v -0.3541442189288294 -0.555905476935607 -0.5559054769356071
v -0.35005713068435834 -0.5559823068219242 -0.5559823068219242
v -0.3459695582969544 -0.5560371874787622 -0.5560371874787623
v -0.34188166313697643 -0.5560701167395267 -0.5560701167395267
v -0.3377936065875261 -0.5560810933042267 -0.5560810933042268
v -0.3337055500380757 -0.5560701167395267 -0.5560701167395267
v -0.3296176548780978 -0.5560371874787622 -0.5560371874787623
v -0.3255300824906938 -0.5559823068219242 -0.5559823068219242
v -0.32144299424622275 -0.555905476935607 -0.5559054769356071
v -0.3173565514959301 -0.5558067008529232 -0.5558067008529233
v -0.3132709155655787 -0.5556859824733831 -0.5556859824733832
v -0.3091862477490792 -0.5555433265627417 -0.5555433265627419
v -0.3051027093021231 -0.5553787387528103 -0.5553787387528103
v -0.3010204614358163 -0.5551922255412336 -0.5551922255412337
v -0.296939665310314 -0.5549837942912338 -0.5549837942912339
v -0.29286048202846027 -0.55475345323132 -0.5547534532313201
v -0.28878307262942626 -0.5545012114549626 -0.5545012114549627
v -0.28470759808235346 -0.5542270789202351 -0.5542270789202351
v -0.2806342192799986 -0.5539310664494207 -0.5539310664494208
v -0.27656309703238213 -0.5536131857285846 -0.5536131857285848
v -0.27249439206043946 -0.5532734493071136 -0.5532734493071138
v -0.26842826498967615 -0.55291187059722 -0.5529118705972201
v -0.26436487634382694 -0.5525284638734118 -0.5525284638734119
v -0.26030438653851734 -0.5521232442719303 -0.5521232442719304
v -0.25624695587493246 -0.5516962277901513 -0.5516962277901513
v -0.2521927445334875 -0.5512474312859543 -0.5512474312859544
v -0.24814191256750423 -0.550776872477057 -0.550776872477057
v -0.24409461989689263 -0.5502845699403153 -0.5502845699403154
v -0.24005102630183722 -0.5497705431109905 -0.5497705431109906
v -0.23601129141648935 -0.5492348122819817 -0.5492348122819818
v -0.2319755747226655 -0.5486773986030246 -0.5486773986030247
v -0.22794403554354992 -0.5480983240798568 -0.5480983240798568
v -0.2239168330374065 -0.547497611573349 -0.5474976115733491
v -0.21989412619129461 -0.5468752847986024 -0.5468752847986025
v -0.2158760738147925 -0.5462313683240123 -0.5462313683240124
v -0.21186283453372806 -0.5455658875702988 -0.5455658875702989
v -0.20785456678391626 -0.5448788688095024 -0.5448788688095024
v -0.20385142880490462 -0.5441703391639474 -0.5441703391639475
v -0.1998535786337261 -0.5434403266051712 -0.5434403266051713
v -0.19586117409866027 -0.5426888599528195 -0.5426888599528196
v -0.19187437281300163 -0.5419159688735089 -0.541915968873509
v -0.18789333216883863 -0.5411216838796561 -0.5411216838796562
v -0.18391820933083933 -0.5403060363282723 -0.5403060363282725
v -0.17994916123004684 -0.5394690584197265 -0.5394690584197266
v -0.17598634455768403 -0.5386107831964733 -0.5386107831964734
v -0.17202991575896776 -0.5377312445417487 -0.5377312445417488
v -0.16808003102693256 -0.5368304771782331 -0.5368304771782332
v -0.16413684629626454 -0.5359085166666795 -0.5359085166666796
v -0.1602005172371445 -0.5349653994045103 -0.5349653994045104
v -0.15627119924910401 -0.5340011626243799 -0.53400116262438
v -0.15234904745488906 -0.5330158443927058 -0.5330158443927059
v -0.14843421669433676 -0.5320094836081642 -0.5320094836081644
v -0.1445268615182622 -0.530982120000156 -0.530982120000156
v -0.14062713618235728 -0.5299337941272371 -0.5299337941272372
v -0.13673519464110095 -0.5288645473755181 -0.5288645473755182
v -0.13285119054168132 -0.52777442195703 -0.5277744219570301
v -0.12897527721792934 -0.5266634609080575 -0.5266634609080575
v -0.1251076076842666 -0.5255317080874407 -0.5255317080874407
v -0.1212483346296638 -0.5243792081748427 -0.5243792081748428
v -0.11739761041161301 -0.5232060066689872 -0.5232060066689873
v -0.11355558705011282 -0.5220121498858606 -0.5220121498858608
v -0.10972241622166704 -0.5207976849568845 -0.5207976849568846
v -0.10589824925329638 -0.5195626598270547 -0.5195626598270549
v -0.10208323711656492 -0.5183071232530488 -0.518307123253049
v -0.09827753042161957 -0.5170311248013009 -0.517031124801301
v -0.09448127941124382 -0.5157347148460447 -0.5157347148460448
v -0.09069463395492752 -0.5144179445673258 -0.5144179445673259
v -0.08691774354294957 -0.51308086594898 -0.51308086594898
v -0.08315075728047638 -0.5117235317765815 -0.5117235317765816
v -0.07939382388167537 -0.5103459956353597 -0.5103459956353597
v -0.07564709166384431 -0.5089483119080824 -0.5089483119080824
v -0.07191070854155573 -0.5075305357729101 -0.5075305357729102
v -0.06818482202081777 -0.506092723201217 -0.5060927232012171
v -0.06446957919325008 -0.5046349309553814 -0.5046349309553815
v -0.06076512673027823 -0.5031572165865451 -0.5031572165865452
v -0.057071610877342416 -0.5016596384323412 -0.5016596384323412
v -0.05338917744812416 -0.5001422556145908 -0.5001422556145908
v -0.04971797181879001 -0.4986051280369694 -0.49860512803696944
v -0.04605813892225202 -0.4970483163826418 -0.4970483163826419
v -0.0424098232424463 -0.4954718821118665 -0.49547188211186655
v -0.038773168808628966 -0.49387588745956923 -0.49387588745956934
v -0.03514831918969041 -0.49226039543288613 -0.49226039543288624
v -0.03153541748848637 -0.490625469808676 -0.49062546980867605
v -0.027934606336189882 -0.4889711751310032 -0.48897117513100324
v -0.024346027886659793 -0.4872975767085889 -0.487297576708589
v -0.020769823810828536 -0.48560474061223335 -0.4856047406122334
v -0.017206135291109703 -0.4838927336722069 -0.483892733672207
v -0.016735989693926725 -0.48365005124307425 -0.48365903574912855
v -0.016268824543419953 -0.4834075900904419 -0.48342602346796415
v -0.015804567490243365 -0.48316533997032957 -0.48319368215478814
v -0.015343146185050976 -0.48292329063875683 -0.48296199713567495
v -0.014884488278496758 -0.4826814318517434 -0.4827309537366989
v -0.014428521421234726 -0.4824397533653089 -0.4825005372839345
v -0.013975173263918853 -0.482198244935473 -0.4822707331034561
v -0.013524371457203152 -0.4819568963182553 -0.4820415265213381
v -0.0130760436517416 -0.48171569726967545 -0.4818129028636549
v -0.01263011749818821 -0.4814746375457531 -0.48158484745648095
v -0.012186520647196957 -0.48123370690250794 -0.4813573456258906
v -0.011745180749421843 -0.48099289509595955 -0.4811303826979584
v -0.011306025455516873 -0.48075219188212764 -0.4809039439987585
v -0.010868982416136022 -0.48051158701703184 -0.48067801485436557
v -0.0104339792819333 -0.48027107025669175 -0.48045258059085383
v -0.010000943703562689 -0.48003063135712704 -0.4802276265342978
v -0.009569803331678194 -0.4797902600743574 -0.48000313801077177
v -0.009140485816933797 -0.4795499461644024 -0.47977910034635024
v -0.008712918809983506 -0.47930967938328173 -0.47955549886710763
v -0.008287029961481299 -0.4790694494870151 -0.47933231889911826
v -0.007862746922081188 -0.478829246231622 -0.4791095457684566
v -0.007439997342437148 -0.4785890593731222 -0.47888716480119703
v -0.007018708873203184 -0.4783488786675353 -0.4786651613234139
v -0.006598809165033297 -0.47810869387088095 -0.47844352066118173
v -0.006180225868581465 -0.4778684947391788 -0.4782222281405749
v -0.005762886634501696 -0.4776282710284485 -0.47800126908766777
v -0.005346719113447975 -0.4773880124947097 -0.4777806288285347
v -0.004931650956074304 -0.47714770889398206 -0.4775602926892502
v -0.0045176098130346645 -0.4769073499822852 -0.47734024599588865
v -0.004104523334983064 -0.4766669255156387 -0.47712047407452446
v -0.003692319172573486 -0.47642642525006235 -0.47690096225123196
v -0.0032809249764599296 -0.4761858389415757 -0.47668169585208564
v -0.002870268397296396 -0.4759451563461984 -0.47646266020315986
v -0.002460277085736866 -0.4757043672199501 -0.47624384063052905
v -0.002050878692435344 -0.4754634613188505 -0.4760252224602676
v -0.0016420008680458151 -0.47522242839891915 -0.47580679101844997
v -0.0012335712632222835 -0.4749812582161758 -0.47558853163115045
v -0.0008255175286187334 -0.47473994052664004 -0.47537042962444354
v -0.00041776731488916974 -0.4744984650863315 -0.4751524703244036
v -1.0248272687571336e-05 -0.47425682165126987 -0.4749346390571051
v 0.0003971119473320517 -0.47401499997747476 -0.4747169211486224
v 0.0008043856945157135 -0.47377298982096583 -0.47449930192502987
v 0.0012116453182094249 -0.47353078093776274 -0.47428176671240196
v 0.0016189631677591791 -0.4732883630838851 -0.47406430083681306
v 0.002026411592510994 -0.47304572601535255 -0.4738468896243376
v 0.002434062941810866 -0.47280285948818485 -0.47362951840104994
v 0.0028419895650048065 -0.4725597532584015 -0.47341217249302453
v 0.003250263811438815 -0.4723163970820222 -0.47319483722633576
v 0.0036589580304589066 -0.4720727807150666 -0.47297749792705807
v 0.004068144571411091 -0.47182889391355437 -0.47276013992126575
v 0.004477895783641356 -0.47158472643350513 -0.47254274853503336
v 0.004888284016495721 -0.47134026803093854 -0.4723253090944352
v 0.005299381619320184 -0.4710955084618742 -0.4721078069255457
v 0.00571126094146077 -0.4708504374823318 -0.4718902273544393
v 0.006123994332263457 -0.47060504484833093 -0.47167255570719036
v 0.006537654141074267 -0.47035932031589134 -0.4714547773098733
v 0.006952312717239215 -0.4701132536410326 -0.4712368774885625
v 0.007368042410104286 -0.4698668345797744 -0.4710188415693325
v 0.007784915569015487 -0.46962005288813635 -0.4708006548782575
v 0.008203004543318838 -0.4693728983221381 -0.47058230274141205
v 0.00862238168236035 -0.4691253606377993 -0.4703637704848705
v 0.009043119335486006 -0.4688774295911396 -0.47014504343470725
v 0.00946528985204182 -0.4686290949381786 -0.4699261069169967
v 0.009888965581373806 -0.46838034643493603 -0.46970694625781334
v 0.010314170158684056 -0.4681311946441903 -0.46948756540837167
v 0.01074073236259889 -0.46788173335575506 -0.46926804282044704
v 0.011168432257600752 -0.46763207716620286 -0.469048475570955
v 0.011597049908172093 -0.4673823406721062 -0.4688289607368111
v 0.012026365378795305 -0.4671326384700375 -0.46860959539493074
v 0.012456158733952836 -0.4668830851565693 -0.4683904766222295
v 0.012886210038127113 -0.4666337953282741 -0.468171701495623
v 0.013316299355800582 -0.4663848835817243 -0.46795336709202656
v 0.013746206751455638 -0.4661364645134925 -0.46773557048835585
v 0.014175712289574729 -0.4658886527201512 -0.4675184087615264
v 0.014604596034640299 -0.46564156279827273 -0.4673019789884536
v 0.01503263805113474 -0.4653953093444298 -0.4670863782460531
v 0.015459618403540503 -0.46515000695519476 -0.46687170361124036
v 0.015885317156340013 -0.4649057702271401 -0.4666580521609309
v 0.01630951437401572 -0.4646627137568384 -0.46644552097204023
v 0.016731990121050012 -0.46442095214086204 -0.4662342071214839
v 0.01715252446192534 -0.4641805999757836 -0.4660242076861774
v 0.01757089746112413 -0.46394177185817553 -0.4658156197430363
v 0.01798688918312883 -0.4637045823846103 -0.4656085403689761
v 0.01840027969242184 -0.46346914615166046 -0.46540306664091224
v 0.018810849053485595 -0.46323557775589846 -0.46519929563576035
v 0.019218377330802547 -0.4630039917938968 -0.46499732443043584
v 0.019622644588855084 -0.46277450286222793 -0.46479725010185435
v 0.020023430892125667 -0.46254722555746447 -0.4645991697269313
v 0.020420516305096708 -0.46232227447617874 -0.4644031803825823
v 0.020813680892250663 -0.46209976421494336 -0.4642093791457228
v 0.021202704718069926 -0.46187980937033074 -0.46401786309326837
v 0.021587367847036937 -0.46166252453891343 -0.4638287293021344
v 0.021967450343634128 -0.4614480243172639 -0.46364207484923664
v 0.022342732272343947 -0.4612364233019546 -0.46345799681149036
v 0.022712993697648787 -0.4610278360895581 -0.46327659226581125
v 0.023078014684031097 -0.4608223772766468 -0.4630979582891148
v 0.023437575295973314 -0.4606201614597933 -0.46292219195831646
v 0.023791455597957843 -0.46042130323556996 -0.4627493903503318
v 0.024139435654467124 -0.4602259172005494 -0.4625796505420764
v 0.024481295529983585 -0.460034117951304 -0.46241306961046563
v 0.02481681528898967 -0.45984602008440634 -0.46224974463241514
v 0.02514577499596779 -0.4596617381964288 -0.4620897726848404
v 0.025467954715400372 -0.459481386883944 -0.4619332508446569
v 0.025783134511769855 -0.4593050807435244 -0.46178027618878026
v 0.02609109444955867 -0.4591329343717424 -0.4616309457941259
v 0.026391614593249235 -0.4589650623651706 -0.4614853567376093
v 0.02668447500732398 -0.45880157932038146 -0.46134360609614616
v 0.026969455756265352 -0.4586425998339474 -0.4612057909466518
v 0.027246336904555753 -0.45848823850244097 -0.4610720083660419
v 0.02751489851667762 -0.4583386099224347 -0.46094235543123185
v 0.027774920657113393 -0.458193828690501 -0.4608169292191373
v 0.028026183390345502 -0.45805400940321245 -0.46069582680667365
v 0.02826846678085635 -0.45791926665714144 -0.4605791452707565
v 0.02850155089312839 -0.4577897150488605 -0.4604669816883013
v 0.028725215791644047 -0.45766546917494216 -0.46035943313622363
v 0.02893924154088575 -0.4575466436319589 -0.4602565966914389
v 0.029143408205335924 -0.45743335301648314 -0.46015856943086286
v 0.029337495849476994 -0.4573257119250875 -0.4600654484314108
v 0.029521284537791403 -0.4572238349543443 -0.4599773307699983
v 0.029694554334761557 -0.4571278367008262 -0.459894313523541
v 0.029857085304869906 -0.4570378317611056 -0.4598164937689542
v 0.030008657512598867 -0.456953934731755 -0.45974396858315364
v 0.03014905102243088 -0.45687626020934685 -0.45967683504305473
v 0.03027804589884836 -0.45680492279045376 -0.45961519022557296
v 0.030395422206333747 -0.4567400370716481 -0.4595591312076239
v 0.030500960009369457 -0.45668171764950244 -0.4595087550661231
v 0.030594439372437943 -0.4566300791205892 -0.459464158877986
v 0.0306756403600216 -0.45658523608148094 -0.45942543972012817
v 0.030744568736921794 -0.4565471794263689 -0.4593925879741918
v 0.03080213306921552 -0.4565154052399197 -0.4593651672407259
v 0.03084946762329869 -0.4564892859044185 -0.459342634425006
v 0.03088770666556721 -0.4564681938021507 -0.4593244464323079
v 0.030917984462417 -0.45645150131540163 -0.45931006016790715
v 0.030941435280243963 -0.4564385808264566 -0.4592989325370795
v 0.03095919338544402 -0.45642880471760094 -0.45929052044510044
v 0.030972393044413078 -0.45642154537111995 -0.45928428079724576
v 0.03098216852354705 -0.45641617516929894 -0.45927967049879104
v 0.03098965408924185 -0.4564120664944233 -0.45927614645501197
v 0.030995984007893388 -0.45640859172877823 -0.4592731655711842
v 0.031002292545897574 -0.4564051232546491 -0.45927018475258335
v 0.031009713969650327 -0.45640103345432126 -0.45926666090448515
v 0.031019382545547553 -0.45639569471008007 -0.4592620509321651
v 0.031032432539985166 -0.45638847940421073 -0.459255811740899
v 0.03104999821935908 -0.4563787599189986 -0.45924740023596244
v 0.0310732138500652 -0.45636590863672905 -0.45923627332263106
v 0.031103213698499447 -0.45634929793968737 -0.4592218879061805
v 0.031141132031057728 -0.4563283002101589 -0.45920370089188645
v 0.03118810311413596 -0.45630228783042887 -0.45918116918502455
v 0.031245261214130047 -0.4562706331827827 -0.45915374969087047
v 0.031313740597435906 -0.4562327086495057 -0.4591208993146998
v 0.03139467553044945 -0.4561878866128831 -0.4590820749617882
v 0.031489200279566594 -0.45613553945520036 -0.4590367335374114
v 0.031598449111183244 -0.4560750395587427 -0.458984331946845
v 0.03172355629169531 -0.4560057593057954 -0.4589243270953646
v 0.03186565608749871 -0.4559270710786439 -0.458856175888246
v 0.032025882764989355 -0.45583834725957345 -0.4587793352307647
v 0.03220537059056316 -0.45573896023086935 -0.4586932620281964
v 0.03240525383061602 -0.455628282374817 -0.4585974131858167
v 0.03262666675154387 -0.4555056860737016 -0.45849124560890137
v 0.03287074361974262 -0.4553705437098086 -0.458374216202726
v 0.03313861870160816 -0.4552222276654232 -0.4582457818725662
v 0.03343142626353642 -0.45506011032283084 -0.45810539952369767
v 0.033750300571923325 -0.4548835640643167 -0.4579525260613961
v 0.034096375893164756 -0.4546919612721662 -0.457786618390937
v 0.03447078649365664 -0.45448467432866463 -0.4576071334175962
v 0.03487466663979489 -0.45426107561609735 -0.4574135280466492
v 0.03530915059797543 -0.4540205375167496 -0.4572052591833717
v 0.03577537263459414 -0.45376243241290676 -0.4569817837330394
v 0.03627446701604696 -0.4534861326868541 -0.4567425586009279
v 0.03680756800872979 -0.453191010720877 -0.45648704069231283
v 0.03737580987903856 -0.4528764388972607 -0.4562146869124699
v 0.03798032689336915 -0.4525417895982906 -0.4559249541666748
v 0.03862225331811749 -0.45218643520625196 -0.45561729936020307
v 0.039302723419679525 -0.45180974810343016 -0.45529117939833036
v 0.0400228714644511 -0.4514111006721105 -0.4549460511863324
v 0.040783831718828156 -0.4509898652945782 -0.4545813716294848
v 0.041586738449206614 -0.45054541435311873 -0.4541965976330633
v 0.04243272592198242 -0.4500771202300173 -0.45379118610234337
v 0.04332292840355141 -0.4495843553075593 -0.4533645939426008
v 0.04425848016030953 -0.44906649196803 -0.4529162780591112
v 0.04524051545865271 -0.44852290259371475 -0.45244569535715023
v 0.04627016856497688 -0.44795295956689885 -0.45195230274199355
v 0.04734857374567787 -0.44735603526986767 -0.4514355571189168
v 0.048476865267151656 -0.4467315020849064 -0.4508949153931956
v 0.049656177395794185 -0.4460787323943005 -0.4503298344701056
v 0.05088764439800127 -0.44539709858033527 -0.44973977125492254
v 0.05217240054016887 -0.44468597302529594 -0.449124182652922
v 0.0535115800886929 -0.4439447281114679 -0.4484825255693796
v 0.05490631730996934 -0.4431727362211364 -0.44781425690957105
v 0.05635774647039396 -0.4423693697365869 -0.44711883357877197
v 0.05786700183636276 -0.4415340010401046 -0.44639571248225807
v 0.05943521767427169 -0.4406660025139748 -0.4456443505253049
v 0.061063008009522704 -0.4397647893017282 -0.44486445635021415
v 0.06274890590354253 -0.4388299475918763 -0.4440567455473915
v 0.06449092417676396 -0.4378611063341761 -0.4432221854442685
v 0.06628707564961987 -0.43685789447838436 -0.44236174336827677
v 0.06813537314254295 -0.4358199409742581 -0.441476386646848
v 0.07003382947596606 -0.4347468747715541 -0.44056708260741373
v 0.07198045747032203 -0.43363832482002934 -0.4396347985774056
v 0.07397326994604374 -0.4324939200694406 -0.4386805018842552
v 0.07601027972356383 -0.4313132894695449 -0.43770515985539427
v 0.07808949962331521 -0.43009606197009903 -0.43670973981825434
v 0.08020894246573076 -0.4288418665208598 -0.435695209100267
v 0.08236662107124312 -0.4275503320715843 -0.4346625350288639
v 0.0845605482602852 -0.42622108757202937 -0.43361268493147664
v 0.08678873685328978 -0.4248537619719518 -0.4325466261355369
v 0.08904919967068979 -0.42344798422110846 -0.4314653259684762
v 0.09133994953291784 -0.42200338326925635 -0.4303697517577263
v 0.09365899926040684 -0.4205195880661523 -0.4292608708307187
v 0.0960043616735896 -0.41899622756155325 -0.42813965051488506
v 0.09837404959289901 -0.4174329307052159 -0.42700705813765694
v 0.1007660758387677 -0.4158293264468974 -0.42586406102646607
v 0.1031784532316286 -0.4141850437363545 -0.424711626508744
v 0.10560919459191456 -0.4124997115233441 -0.42355072191192233
v 0.10805631274005825 -0.4107729587576231 -0.4223823145634327
v 0.11051782049649256 -0.40900441438894836 -0.42120737179070683
v 0.11299173068165028 -0.40719370736707683 -0.4200268609211762
v 0.11547605611596434 -0.40534046664176526 -0.4188417492822724
v 0.11796880961986733 -0.4034443211627707 -0.41765300420142726
v 0.12046800401379221 -0.40150489987984994 -0.41646159300607216
v 0.12297165211817171 -0.39952183174275996 -0.4152684830236389
v 0.12547776675343883 -0.3974947457012575 -0.41407464158155893
v 0.1279843607400261 -0.3954232707050996 -0.41288103600726406
v 0.13048944689836647 -0.393307035704043 -0.41168863362818575
v 0.1329910380488928 -0.3911456696478447 -0.41049840177175567
v 0.1354871470120377 -0.38893880148626164 -0.4093113077654055
v 0.1379757866082343 -0.3866860601690505 -0.40812831893656676
v 0.14045496965791526 -0.3843870746459682 -0.40695040261267107
v 0.14292270898151313 -0.382041473866772 -0.4057785261211502
v 0.14537701739946118 -0.3796488867812183 -0.40461365678943556
v 0.14781590773219197 -0.37720894233906416 -0.4034567619449589
v 0.15023739280013812 -0.3747212694900667 -0.4023088089151519
v 0.15263948542373287 -0.3721854971839824 -0.401170765027446
v 0.1550201984234086 -0.36960125437056857 -0.400043597609273
v 0.15737754461959855 -0.36696816999958165 -0.3989282739880643
v 0.15970953683273525 -0.36428587302077875 -0.39782576149125165
v 0.16201418788325145 -0.361553992383917 -0.39673702744626677
v 0.1642895105915802 -0.35877215703875287 -0.3956630391805411
v 0.16653351777815423 -0.3559399959350434 -0.3946047640215063
v 0.16874422226340613 -0.3530571380225457 -0.39356316929659413
v 0.17091963686776906 -0.3501232122510162 -0.392539222333236
v 0.17305777441167566 -0.34713784757021215 -0.39153389045886366
v 0.17515664771555856 -0.34410067292989055 -0.39054814100090873
v 0.1772142695998509 -0.3410113172798078 -0.38958294128680276
v 0.17922865288498518 -0.33786940956972134 -0.38863925864397747
v 0.18119781039139454 -0.3346745787493875 -0.38771806039986434
v 0.1831197549395116 -0.3314264537685635 -0.38682031388189503
v 0.18499249934976902 -0.32812466357700637 -0.3859469864175013
v 0.18681405644259996 -0.3247688371244726 -0.3850990453341146
v 0.18858243903843705 -0.3213586033607192 -0.38427745795916657
v 0.19029565995771291 -0.3178935912355035 -0.383483191620089
v 0.19195173202086072 -0.3143734296985817 -0.38271721364431327
v 0.19354866804831308 -0.310797747699711 -0.3819804913592711
v 0.19508448086050267 -0.3071661741886486 -0.3812739920923942
v 0.19655718327786262 -0.3034783381151508 -0.380598683171114
v 0.19796478812082546 -0.2997338684289751 -0.3799555319228623
v 0.1993057604359933 -0.2959327610592174 -0.37934515503306576
v 0.2005803741746443 -0.2920764798523332 -0.37876676661913194
v 0.20178935551422572 -0.28816685563411776 -0.3782192301564636
v 0.20293343063218508 -0.28420571923036525 -0.3777014091204632
v 0.20401332570596967 -0.2801949014668709 -0.37721216698653354
v 0.2050297669130267 -0.27613623316942987 -0.37675036723007727
v 0.20598348043080378 -0.27203154516383643 -0.37631487332649705
v 0.20687519243674807 -0.2678826682758857 -0.37590454875119556
v 0.20770562910830692 -0.26369143333137296 -0.3755182569795755
v 0.20847551662292776 -0.25945967115609236 -0.37515486148703947
v 0.20918558115805794 -0.2551892125758391 -0.37481322574899023
v 0.20983654889114473 -0.2508818884164084 -0.3744922132408304
v 0.21042914599963555 -0.24653952950359448 -0.3741906874379626
v 0.2109640986609777 -0.24216396666319287 -0.3739075118157895
v 0.21144213305261858 -0.23775703072099777 -0.37364154984971387
v 0.21186397535200555 -0.23332055250280437 -0.3733916650151383
v 0.21223035173658586 -0.22885636283440786 -0.37315672078746553
v 0.21254198838380695 -0.2243662925416025 -0.3729355806420982
v 0.21279961147111615 -0.21985217245018346 -0.3727271080544389
v 0.2130039471759608 -0.21531583338594593 -0.3725301664998904
v 0.21315572167578825 -0.21075910617468413 -0.3723436194538553
v 0.21325566114804584 -0.20618382164219323 -0.3721663303917363
v 0.21330449177018093 -0.20159181061426848 -0.37199716278893613
v 0.2133029397196409 -0.19698490391670406 -0.37183498012085736
v 0.21325173117387305 -0.19236493237529553 -0.37167864586290267
v 0.21315159231032474 -0.18773372681583705 -0.37152702349047484
v 0.21300324930644335 -0.18309311806412387 -0.3713789764789764
v 0.2128074283396762 -0.17844493694595115 -0.3712333683038101
v 0.21256485558747062 -0.1737910142871131 -0.37108906244037854
v 0.21227625722727403 -0.16913318091340496 -0.3709449223640845
v 0.21194235943653372 -0.16447326765062192 -0.37079981155033054
v 0.21156388839269705 -0.15981310532455817 -0.3706525934745194
v 0.21114157027321137 -0.15515452476100888 -0.3705021316120537
v 0.21067613125552406 -0.15049935678576934 -0.37034728943833617
v 0.2101682975170824 -0.14584943222463365 -0.37018693042876943
v 0.20961879523533386 -0.14120658190339744 -0.37001991805875617
v 0.20902835058772565 -0.13657263664785482 -0.36984511580369905
v 0.20839768975170517 -0.13194942728380107 -0.36966138713900076
v 0.20772753890471984 -0.1273387846370314 -0.3694675955400639
v 0.2070186242242169 -0.12274253953333997 -0.36926260448229126
v 0.20627167188764375 -0.11816252279852196 -0.3690452774410854
v 0.2054874080724478 -0.11360056525837264 -0.36881447789184907
v 0.2046665589560763 -0.10905849773868617 -0.36856906930998484
v 0.2038098507159766 -0.10453815106525774 -0.3683079151708955
v 0.20291800952959618 -0.10004135606388259 -0.3680298789499836
v 0.2019917615743822 -0.09556994356035495 -0.36773382412265193
v 0.20103183302778221 -0.09112574438047027 -0.3674186141643031
v 0.2000389500672434 -0.0867105893500228 -0.36708311255033976
v 0.19901383887021312 -0.08232630929480775 -0.36672618275616453
v 0.1979572256141389 -0.0779747350406203 -0.36634668825718025
v 0.19686983647646786 -0.0736576974132547 -0.36594349252878944
v 0.19575239763464747 -0.06937702723850611 -0.3655154590463948
v 0.19460563526612515 -0.06513455534216975 -0.3650614512853991
v 0.19343027554834807 -0.060932112550039774 -0.3645803327212048
v 0.19222704465876367 -0.05677152968791149 -0.36407096682921475
v 0.19099666877481938 -0.05265463758158001 -0.36353221708483163
v 0.1897398740739624 -0.048583267056839574 -0.362962946963458
v 0.18845738673364024 -0.04455924893948571 -0.36236201994049655
v 0.18714993293130008 -0.0405844140553126 -0.36172829949135
v 0.18581823884438933 -0.0366605932301155 -0.36106064909142094
v 0.18446303065035546 -0.0327896172896896 -0.3603579322161122
v 0.18308503452664562 -0.02897331705982903 -0.3596190123408262
v 0.18168497665070726 -0.025213523366329038 -0.35884275294096585
v 0.1802635831999878 -0.021512067034984872 -0.3580280174919337
v 0.17882153461556058 -0.017870414206299423 -0.3571739984151271
v 0.17735932839300347 -0.014288572279611823 -0.3562812039159223
v 0.1758774162915206 -0.010766183968969733 -0.35535047114569007
v 0.1743762500703157 -0.007302891988420062 -0.3543826372558012
v 0.172856281488593 -0.0038983390520108026 -0.35337853939762676
v 0.1713179623055562 -0.0005521678737888773 -0.35233901472253737
v 0.16976174428040944 0.002735978832197991 -0.35126490038190394
v 0.16818807917235673 0.005966458351902099 -0.3501570335270974
v 0.16659741874060188 0.009139627971276498 -0.3490162513094885
v 0.16499021474434897 0.01225584497627348 -0.34784339088044813
v 0.16336691894280206 0.015315466652845354 -0.3466392893913472
v 0.1617279830951649 0.01831885028694514 -0.3454047839935564
v 0.16007385896064158 0.021266353164525152 -0.34414071183844674
v 0.15840499829843618 0.024158332571537697 -0.342847910077389
v 0.15672185286775245 0.026995145793935776 -0.34152721586175405
v 0.1550248744277946 0.029777150117671507 -0.3401794663429128
v 0.15331451473776636 0.032504702828697864 -0.33880549867223586
v 0.15159122555687182 0.035178161212967164 -0.3374061500010943
v 0.14985545864431507 0.03779788255643175 -0.33598225748085897
v 0.14810766575929984 0.0403642241450446 -0.3345346582629006
v 0.14634829866103022 0.04287754326475803 -0.33306418949859007
v 0.14457780910871032 0.0453381972015244 -0.3315716883392984
v 0.14279664886154386 0.047746543241296645 -0.3300579919363961
v 0.14100526967873492 0.050102938670027124 -0.3285239374412543
v 0.13920412331948762 0.052407740773668186 -0.3269703620052439
v 0.13739366154300564 0.05466130683817275 -0.3253981027797354
v 0.13557433610849326 0.056863994149492995 -0.32380799691610007
v 0.13374659877515416 0.05901615999358185 -0.3222008815657084
v 0.13191090130219246 0.06111816165639163 -0.3205775938799314
v 0.13006769544881225 0.06317035642387478 -0.31893897101014
v 0.12821743297421723 0.06517310158198411 -0.3172858501077049
v 0.12636056563761153 0.06712675441667207 -0.31561906832399694
v 0.12449754519819924 0.06903167221389098 -0.3139394628103872
v 0.12262882341518405 0.07088821225959374 -0.3122478707182462
v 0.12075485204777009 0.07269673183973274 -0.310545129198945
v 0.11887608285516148 0.07445758824026039 -0.3088320754038545
v 0.11699296759656187 0.0761711387471295 -0.30710954648434535
v 0.11510595803117556 0.07783774064629231 -0.3053783795917886
v 0.1132155059182062 0.07945775122370172 -0.3036394118775549
v 0.11132206301685793 0.08103152776531003 -0.3018934804930152
v 0.10942608108633486 0.08255942755706977 -0.3001414225895404
v 0.10752801188584066 0.08404180788493368 -0.29838407531850125
v 0.10562830717457947 0.08547902603485419 -0.29662227583126866
v 0.10372741871175539 0.08687143929278374 -0.2948568612792135
v 0.10182579825657209 0.08821940494467506 -0.29308866881370654
v 0.09992389756823372 0.08952328027648065 -0.29131853558611864
v 0.09802216840594438 0.09078342257415292 -0.2895472987478208
v 0.09612106252890773 0.0920001891236446 -0.28777579545018367
v 0.09422103169632809 0.09317393721090811 -0.28600486284457827
v 0.09232252766740907 0.09430502412189609 -0.2842353380823752
v 0.09042600220135484 0.09539380714256104 -0.28246805831494554
v 0.0885319070573695 0.09644064355885543 -0.28070386069366016
v 0.08664069399465674 0.09744589065673195 -0.2789435823698897
v 0.08475281477242064 0.09840990572214309 -0.2771880604950051
v 0.08286872114986536 0.09933304604104129 -0.2754381322203774
v 0.08098886488619457 0.10021566889937927 -0.2736946346973771
v 0.07911369774061239 0.1010581315831095 -0.27195840507737523
v 0.0772436714723229 0.10186079137818446 -0.2702302805117428
v 0.07537923784052986 0.10262400557055679 -0.26851109815185037
v 0.07352084860443744 0.10334813144617896 -0.26680169514906904
v 0.0716689555232494 0.10403352629100363 -0.26510290865476943
v 0.06982401035616978 0.10468054739098326 -0.2634155758203225
v 0.06798646486240277 0.10528955203207035 -0.26174053379709916
v 0.06615677080115202 0.10586089750021757 -0.2600786197364701
v 0.0643353026934465 0.10639496085619819 -0.2584305016222251
v 0.06252212610761444 0.10689219826006914 -0.25679617076782907
v 0.06071722937380857 0.10735308564670813 -0.25517544931916547
v 0.05892060082218198 0.10777809895099284 -0.2535681594221181
v 0.05713222878288778 0.10816771410780092 -0.2519741232225707
v 0.05535210158607866 0.10852240705201013 -0.25039316286640667
v 0.05358020756190787 0.10884265371849813 -0.24882510049951004
v 0.0518165350405281 0.10912893004214266 -0.2472697582677641
v 0.05006107235209245 0.10938171195782138 -0.24572695831705268
v 0.04831380782675404 0.109601475400412 -0.24419652279325957
v 0.04657472979466555 0.10978869630479224 -0.2426782738422682
v 0.04484382658598009 0.10994385060583978 -0.2411720336099623
v 0.04312108653085077 0.11006741423843229 -0.23967762424222572
v 0.04140649795943027 0.11015986313744754 -0.23819486788494182
v 0.039700049201871715 0.11022167323776316 -0.23672358668399446
v 0.038001728588328204 0.11025332047425689 -0.2352636027852673
v 0.03631152444895242 0.11025528078180642 -0.23381473833464392
v 0.03462942511389762 0.11022803009528945 -0.2323768154780081
v 0.03295541891331649 0.11017204434958366 -0.2309496563612433
v 0.03128949417736214 0.11008779947956678 -0.2295330831302333
v 0.029631639236187668 0.10997577142011648 -0.22812691793086187
v 0.02798184241994578 0.10983643610611049 -0.22673098290901247
v 0.026340092058789573 0.10967026947242647 -0.22534510021056886
v 0.024706376482872147 0.10947774745394218 -0.2239690919814148
v 0.023080684022346212 0.10925934598553524 -0.22260278036743375
v 0.02146300300736486 0.1090155410020834 -0.22124598751450947
v 0.019853321768081196 0.10874680843846438 -0.21989853556852576
v 0.018251628634647923 0.1084536242295558 -0.21856024667536603
v 0.016657911937218273 0.10813646431023545 -0.21723094298091417
v 0.015072160005944968 0.10779580461538096 -0.2159104466310536
v 0.01349436117098108 0.10743212107987006 -0.21459857977166813
v 0.011924503762479721 0.10704588963858046 -0.21329516454864153
v 0.010362576110593602 0.10663758622638983 -0.21200002310785723
v 0.008808566545475828 0.10620768677817587 -0.210712977595199
v 0.007262463397279456 0.10575666722881633 -0.2094338501565506
v 0.005724254996157252 0.10528500351318883 -0.2081624629377955
v 0.0041939296722622935 0.10479317156617111 -0.20689863808481748
v 0.0026714757557476515 0.10428164732264092 -0.20564219774350026
v 0.001156881576766064 0.10375090671747586 -0.20439296405972732
v -0.0003498645345292595 0.10320142568555372 -0.20315075917938252
v -0.0018487742479855879 0.10263368016175212 -0.20191540524834936
v -0.0033398592334498156 0.1020481460809488 -0.20068672441251154
v -0.0048231311607689065 0.10144529937802149 -0.19946453881775286
v -0.006298601699790074 0.10082561598784781 -0.19824867060995677
v -0.007766282520360268 0.1001895718453055 -0.19703894193500704
v -0.009226185292326383 0.09953764288527231 -0.19583517493878744
v -0.010678321685535702 0.09887030504262585 -0.1946371917671814
v -0.012122703369835106 0.09818803425224386 -0.1934448145660727
v -0.013559342015071557 0.09749130644900408 -0.1922578654813451
v -0.014988249291092284 0.09678059756778414 -0.1910761666588821
v -0.016409436867744112 0.09605638354346181 -0.1898995402445675
v -0.017822916414874282 0.0953191403109147 -0.1887278083842848
v -0.019228699602329716 0.09456934380502055 -0.18756079322391775
v -0.020626798099957336 0.09380746996065711 -0.1863983169093501
v -0.022017223577604397 0.09303399471270199 -0.18524020158646537
v -0.02339998770511781 0.09224939399603294 -0.18408626940114725
v -0.024775102152344533 0.0914541437455277 -0.18293634249927954
v -0.02614257858913177 0.09064871989606386 -0.18179024302674568
v -0.02750242868532647 0.0898335983825192 -0.18064779312942944
v -0.02885466411077553 0.08900925513977145 -0.1795088149532146
v -0.030199296535326242 0.08817616610269821 -0.17837313064398463
v -0.03153633762882539 0.08733480720617727 -0.1772405623476233
v -0.032865799061120235 0.08648565438508624 -0.17611093221001423
v -0.03418769250205768 0.08562918357430285 -0.17498406237704106
v -0.03550193464621227 0.08476576452316502 -0.17385977277054898
v -0.0368080622870691 0.0838953422388508 -0.17273787441622854
v -0.03810551724284061 0.08301775554299859 -0.17161817611573188
v -0.03939374133173919 0.08213284325724682 -0.17050048667071124
v -0.04067217637197756 0.08124044420323366 -0.16938461488281853
v -0.041940264181768126 0.08034039720259753 -0.16827036955370595
v -0.043197446579323305 0.07943254107697684 -0.16715755948502564
v -0.04444316538285581 0.07851671464800976 -0.16604599347842963
v -0.04567686241057794 0.07759275673733478 -0.16493548033557012
v -0.046897979480702415 0.07666050616659008 -0.16382582885809907
v -0.04810595841144164 0.07571980175741408 -0.16271684784766866
v -0.04930024102100804 0.07477048233144519 -0.1616083461059311
v -0.0504802691276143 0.07381238671032157 -0.1605001324345383
v -0.05164548454947286 0.07284535371568165 -0.1593920156351425
v -0.05279532910479612 0.07186922216916385 -0.15828380450939583
v -0.05392924461179677 0.07088383089240631 -0.15717530785895023
v -0.05504667288868724 0.06988901870704747 -0.15606633448545792
v -0.05614705575367995 0.06888462443472576 -0.1549566931905711
v -0.05722983502498759 0.06787048689707931 -0.15384619277594166
v -0.05829445252082249 0.06684644491574665 -0.1527346420432219
v -0.059340350059397334 0.06581233731236594 -0.15162184979406376
v -0.06036696945892456 0.0647680029085756 -0.15050762483011942
v -0.06137375253761657 0.06371328052601402 -0.1493917759530411
v -0.06236014111368607 0.06264800898631939 -0.14827411196448068
v -0.06332557700534545 0.06157202711113014 -0.14715444166609037
v -0.0642695020308072 0.06048517372208467 -0.14603257385952237
v -0.06519135800828392 0.05938728764082114 -0.14490831734642862
v -0.06609058675598808 0.058278207688977984 -0.14378148092846132
v -0.06696663009213213 0.05715777268819362 -0.14265187340727262
v -0.06781892983492871 0.05602582146010619 -0.1415193035845145
v -0.06864692780259017 0.054882192826354224 -0.1403835802618392
v -0.06945006581332919 0.053726725608575866 -0.13924451224089868
v -0.07022778568535819 0.052559258628409544 -0.1381019083233451
v -0.07097952923688963 0.051379630707493684 -0.1369555773108307
v -0.07170473828613613 0.05018768066746643 -0.13580532800500733
v -0.07240285465131018 0.048983247329966215 -0.13465096920752728
v -0.07307332015062418 0.04776616951663146 -0.13349230972004267
v -0.07371557660229078 0.04653628604910032 -0.13232915834420547
v -0.07432906582452245 0.04529343574901121 -0.13116132388166785
v -0.07491322963553161 0.044037457438002574 -0.12998861513408203
v -0.0754675098535309 0.04276818993771254 -0.1288108409030999
v -0.07599134829673275 0.04148547206977964 -0.12762780999037376
v -0.07648418678334971 0.040189142655842024 -0.12643933119755557
v -0.07694546713159431 0.038879040517538106 -0.12524521332629746
v -0.07737463115967896 0.03755500447650633 -0.12404526517825168
v -0.07777112068581629 0.036216873354384824 -0.12283929555507012
v -0.07813437752821875 0.03486448597281202 -0.12162711325840499
v -0.07846384350509883 0.03349768115342637 -0.12040852708990848
v -0.07875896043466911 0.032116297717865984 -0.11918334585123253
v -0.07901917013514205 0.030720174487769314 -0.11795137834402931
v -0.07924391442473015 0.029309150284774786 -0.11671243336995105
v -0.07943263512164597 0.02788306393052052 -0.11546631973064964
v -0.07958477404410197 0.026441754246645077 -0.11421284622777739
v -0.0796997730103107 0.024985060054786574 -0.1129518216629862
v -0.07977707383848465 0.02351282017658344 -0.11168305483792827
v -0.07981611834683633 0.022024873433674125 -0.11040635455425582
v -0.07981634835357827 0.020521058647696738 -0.10912152961362076
v -0.07977720567692295 0.01900121464028974 -0.10782838881767527
v -0.07969813213508292 0.017465180233091557 -0.10652674096807158
v -0.07957856954627066 0.01591279424774031 -0.10521639486646157
v -0.07941795972869867 0.014343895505874435 -0.10389715931449747
v -0.0792157445005795 0.012758322829132404 -0.10256884311383146
v -0.07897136568012564 0.011155915039152295 -0.10123125506611548
v -0.07868426508554957 0.009536510957572561 -0.0998842039730017
v -0.07835409088677034 0.007900197500166548 -0.09852755493892561
v -0.07798131666053265 0.00624805395924679 -0.09716139827945536
v -0.0775666223352878 0.004581407721261198 -0.09578588061294278
v -0.07711068783948698 0.002901586172657176 -0.0944011485577393
v -0.07661419310158145 0.0012099166998825166 -0.09300734873219667
v -0.07607781805002249 -0.0004922733106149883 -0.0916046277546666
v -0.07550224261326127 -0.0022036564723879395 -0.09019313224350052
v -0.07488814671974908 -0.003922905398988543 -0.08877300881705016
v -0.07423621029793719 -0.0056486927039690014 -0.08734440409366727
v -0.07354711327627675 -0.007379691000881924 -0.08590746469170325
v -0.07282153558321906 -0.009114572903279512 -0.08446233722950984
v -0.0720601571472154 -0.010852011024713965 -0.08300916832543878
v -0.07126365789671693 -0.012590677978737898 -0.08154810459784148
v -0.07043271776017497 -0.014329246378903374 -0.0800792926650698
v -0.06956801666604066 -0.016066388838763008 -0.07860287914547512
v -0.0686702345427653 -0.017800777971868992 -0.07711901065740921
v -0.0677400513188002 -0.019531086391773533 -0.0756278338192238
v -0.06677814692259645 -0.021255986712029242 -0.07412949524927029
v -0.06578520128260539 -0.022974151546188315 -0.07262414156590041
v -0.0647618943272783 -0.02468425350780297 -0.07111191938746594
v -0.0637089059850663 -0.026384965210425798 -0.06959297533231826
v -0.06262691618442069 -0.028074959267609008 -0.06806745601880909
v -0.06151660485379281 -0.029752908292904813 -0.06653550806529024
v -0.06037865192163372 -0.031417484899865795 -0.06499727809011303
v -0.05921373731639483 -0.03306736170204406 -0.06345291271162937
v -0.058022540966527224 -0.034701211312992176 -0.06190255854819065
v -0.05680574280048221 -0.03631770634626237 -0.0603463622181486
v -0.055564022746711135 -0.03791551941540684 -0.058784470339854976
v -0.054298060733665054 -0.03949332313397819 -0.05721702953166117
v -0.05300853668979529 -0.04104979011552863 -0.05564418641191894
v -0.051696130543553195 -0.04258359297361037 -0.054066087598980024
v -0.05036152222338981 -0.04409340432177599 -0.052482879711195814
v -0.04900539165775647 -0.0455778967735777 -0.05089470936691806
v -0.04762841877510453 -0.04703574294256775 -0.04930172318449852
v -0.046231283503885015 -0.04846561544229868 -0.047704067782288556
v -0.044814665772549375 -0.04986618688632261 -0.04610188977864007
v -0.04337924550954864 -0.0512361298881921 -0.04449533579190443
v -0.041925702643334166 -0.05257411706145939 -0.042884552440433384
v -0.0404547171023573 -0.05387882101967669 -0.041269686342578694
v -0.03896696881506905 -0.05514891437639658 -0.03965088411669175
v -0.03746313770992079 -0.056383069745171245 -0.03802829238112429
v -0.03594390371536386 -0.05757995973955297 -0.03640205775422807
v -0.034409946759849264 -0.05873825697309427 -0.03477232685435448
v -0.03286194677182838 -0.05985663405934737 -0.03313924629985526
v -0.03130058367975255 -0.060933763611864554 -0.03150296270908218
v -0.02972653741207279 -0.0619683182441983 -0.029863622700386616
v -0.028140487897240586 -0.0629589705699008 -0.02822137289212044
v -0.026543115063706914 -0.06390439320252456 -0.026576359902635016
v -0.02493509883992316 -0.06480325875562182 -0.024928730350282133
v -0.02331711915434067 -0.06565423984274485 -0.023278630853413515
v -0.02168985593541045 -0.06645600907744614 -0.021626208030380567
v -0.02005398911158386 -0.06720723907327794 -0.019971608499535026
v -0.018410198611312267 -0.06790660244379254 -0.018314978879228658
v -0.016759164363046662 -0.06855277180254238 -0.016656465787812824
v -0.015101566295238414 -0.06914441976307978 -0.014996215843639277
v -0.01343808433633889 -0.06968021893895698 -0.013334375665059808
v -0.011769398414799057 -0.07015884194372643 -0.011671091870425768
v -0.010096188459070454 -0.07057896139094041 -0.010006511078089031
v -0.008419134397604042 -0.07093924989415129 -0.008340779906400989
v -0.006738916158851166 -0.07123838006691141 -0.006674044973713392
v -0.005056213671263243 -0.07147502452277307 -0.005006452898377992
v -0.0033717068632912323 -0.07164785587528863 -0.0033381502987461786
v -0.0016860756633865076 -0.07175554673801043 -0.001669283793169704
v -4.163336342344337e-16 -0.07179676972449081 -2.914335439641036e-16
v 0.0016858429228977306 -0.07177063828231213 0.0016695516244955599
v 0.0033707867992653325 -0.07167802919517685 0.0033392102723908777
v 0.005054168047541546 -0.0715202600808175 0.005008812297843675
v 0.006735323086165299 -0.07129864855696659 0.006678194055011725
v 0.008413588333576307 -0.07101451224135658 0.008347191898053588
v 0.010088300208213496 -0.07066916875171998 0.010015642181127035
v 0.011758795128515792 -0.07026393570578937 0.011683381258389846
v 0.013424409512922912 -0.06980013072129712 0.013350245484000576
v 0.01508447977987378 -0.0692790714159758 0.015016071212116995
v 0.01673834234780758 -0.0687020754075579 0.01668069479689714
v 0.018385333635163516 -0.06807046031377594 0.018343952592499057
v 0.020024790060380764 -0.06738554375236239 0.020005680953080775
v 0.02165604804189852 -0.06664864334104978 0.021665716232800322
v 0.02327844399815597 -0.0658610766975706 0.023323894785815747
v 0.024891314347592054 -0.06502416143965749 0.024980052966284815
v 0.026493995508646468 -0.06413921518504269 0.02663402712836609
v 0.028085823899758142 -0.06320755555145884 0.02828565362621734
v 0.029666135939366022 -0.06223050015663857 0.029934768813996343
v 0.0312342680459098 -0.061209366618314096 0.03158120904586166
v 0.0327895566378284 -0.060145472554218066 0.03322481067597106
v 0.034331338133561026 -0.059040135582082987 0.03486541005848258
v 0.035858948951546864 -0.05789467331964135 0.03650284354755426
v 0.03737172551022511 -0.056710403384625664 0.03813694749734413
v 0.03886900422803492 -0.05548864339476843 0.03976755826201022
v 0.040350121523415536 -0.054230710967802145 0.04139451219571058
v 0.04181441381480588 -0.05293792372145953 0.04301764565260299
v 0.04326121752064561 -0.05161159927347266 0.04463679498684599
v 0.044689869059373694 -0.05025305524157425 0.046251796552597355
v 0.046099704849429095 -0.048863609243497017 0.04786248670401488
v 0.04749006130925144 -0.04744457889697304 0.049468701795257086
v 0.048860274857279694 -0.045997281819735024 0.05107027818048178
v 0.05020968191195306 -0.04452303562951547 0.05266705221384699
v 0.05153761889171072 -0.04302315794404689 0.05425886024951073
v 0.052843422214991866 -0.04149896638106177 0.055845538641631075
v 0.054126428300235674 -0.03995177855829263 0.05742692374436603
v 0.05538597356588136 -0.03838291209347196 0.05900285191187365
v 0.05662139443036789 -0.0367936846043325 0.06057315949831171
v 0.05783202731213487 -0.03518541370860629 0.062137682857838744
v 0.059017208629621266 -0.03355941702402604 0.06369625834461254
v 0.06017627480126611 -0.03191701216832455 0.06524872231279087
v 0.061308562245508944 -0.030259516759233773 0.06679491111653231
v 0.062413407380788787 -0.02858824841448647 0.06833466110999462
v 0.06349014662554481 -0.02690452475181517 0.06986780864733581
v 0.0645381163982162 -0.02520966338895235 0.07139419008271396
v 0.06555665311724217 -0.023504981943630515 0.07291364177028709
v 0.0665450932010619 -0.02179179803358218 0.07442600006421322
v 0.06750277306811456 -0.02007142927653982 0.07593110131865038
v 0.06842902913683922 -0.01834519329023624 0.07742878188775643
v 0.06932319782567535 -0.016614407692403396 0.07891887812568982
v 0.07018461555306199 -0.014880390100774028 0.08040122638660835
v 0.07101261873743821 -0.013144458133080947 0.08187566302466985
v 0.07180654379724345 -0.011407929407056087 0.08334202439403281
v 0.07256572715091678 -0.009672121540432232 0.08480014684885503
v 0.07328950521689738 -0.007938352150941894 0.08624986674329455
v 0.07397721441362443 -0.006207938856317555 0.08769102043150939
v 0.07462819115953713 -0.0044821992742917205 0.08912344426765761
v 0.07524177187307468 -0.0027624510225968957 0.09054697460589724
v 0.07581729297267625 -0.001050011718965585 0.09196144780038631
v 0.07635409087678097 0.0006538010188694293 0.09336670020528262
v 0.07685150200382816 0.0023476695731762115 0.09476256817474467
v 0.07730886277225696 0.004030276326221979 0.09614888806293027
v 0.07772550960050649 0.005700303660273964 0.09752549622399724
v 0.07810077890701604 0.007356433957600189 0.09889222901210405
v 0.07843400711022479 0.008997349600467885 0.10024892278140848
v 0.07872473080570568 0.010621975561175282 0.10159547556930937
v 0.07897328729756678 0.012230207172143709 0.10293203214616853
v 0.07918021406704999 0.013822182355825155 0.10425879896558853
v 0.07934604859539719 0.015398039034671646 0.10557598248117192
v 0.07947132836385028 0.016957915131135204 0.10688378914652129
v 0.0795565908536511 0.01850194856766761 0.108182425415239
v 0.07960237354604158 0.020030277266721373 0.10947209774092803
v 0.07960921392226356 0.021543039150748275 0.11075301257719075
v 0.07957764946355893 0.023040372142200102 0.11202537637762952
v 0.07950821765116957 0.02452241416352935 0.11328939559584733
v 0.07940145596633737 0.0259893031371878 0.11454527668544655
v 0.0792579018903042 0.027441176985627487 0.11579322610002973
v 0.07907809290431192 0.028878173631300415 0.11703345029319945
v 0.07886256648960245 0.030300430996658627 0.1182661557185583
v 0.07861186012741764 0.03170808700415413 0.11949154882970882
v 0.07832651129899937 0.033101279576238964 0.12070983608025361
v 0.07800705748558957 0.034480146635364924 0.12192122392379504
v 0.07765403616843004 0.03584482610398446 0.12312591881393603
v 0.07726798482876271 0.037195455904549396 0.12432412720427902
v 0.07684944094782949 0.038532173959511536 0.12551605554842635
v 0.07639894200687215 0.03985511819132333 0.12670191029998099
v 0.07591702548713265 0.04116442652243658 0.1278818979125453
v 0.07540422886985285 0.04246023687530331 0.1290562248397219
v 0.07486108963627462 0.04374268717237554 0.1302250975351133
v 0.07428814526763987 0.04501191533610532 0.13138872245232208
v 0.07368593324519045 0.04626805928894463 0.13254730604495085
v 0.07305499105016824 0.04751125695334553 0.13370105476660216
v 0.07239585616381526 0.04874164625175983 0.1348501750708784
v 0.07170906606737315 0.049959365106639946 0.1359948734113825
v 0.0709951582420839 0.05116455144043772 0.13713535624171685
v 0.0702546701691895 0.05235734317560496 0.13827183001548388
v 0.06948813932993161 0.05353787823459409 0.13940450118628644
v 0.06869610320555222 0.05470629453985693 0.14053357620772697
v 0.0678790992772932 0.05586273001384551 0.14165926153340805
v 0.06703766502639644 0.057007322579011845 0.14278176361693223
v 0.06617233793410382 0.058140210157807966 0.1439012889119021
v 0.06528365548165721 0.0592615306726859 0.14501804387192022
v 0.06437215515029851 0.060371422046097654 0.14613223495058916
v 0.06343837442126972 0.0614700222004951 0.14724406860151132
v 0.062482850775812435 0.06255746905833058 0.14835375127828962
v 0.0615061216951687 0.06363390054205598 0.14946148943452645
v 0.06050872466058053 0.06469945457412313 0.15056748952382423
v 0.059491197153289495 0.06575426907698438 0.15167195799978583
v 0.058454076654537626 0.06679848197309161 0.1527751013160137
v 0.057397900645566824 0.06783223118489683 0.15387712592611041
v 0.056323206607618956 0.06885565463485208 0.1549782382836785
v 0.05523053202193588 0.06986889024540935 0.15607864484232054
v 0.054120414369759506 0.07087207593902069 0.1571785520556391
v 0.052993391132331695 0.0718653496381381 0.1582781663772368
v 0.051849999790894524 0.07284884926521348 0.15937769426071596
v 0.0506907778266895 0.07382271274269914 0.16047734215967957
v 0.04951626272095869 0.07478707799304696 0.16157731652773
v 0.04832699195494414 0.0757420829387088 0.16267782381846965
v 0.04712350300988739 0.07668786550213699 0.16377907048550144
v 0.045906333367030476 0.0776245636057834 0.16488126298242772
v 0.04467602050761529 0.07855231517210005 0.16598460776285112
v 0.043433101912883715 0.07947125812353899 0.16708931128037421
v 0.04217811506407762 0.0803815303825522 0.16819557998859955
v 0.04091159744243889 0.08128326987159175 0.1693036203411297
v 0.039634086529209404 0.08217661451310963 0.17041363879156723
v 0.03834611980563125 0.08306170222955774 0.17152584179351454
v 0.03704823475294589 0.08393867094338836 0.17264043580057456
v 0.035740968852395416 0.08480765857705337 0.1737576272663497
v 0.03442485958522191 0.08566880305300471 0.17487762264444232
v 0.033100356681083645 0.08652214561311591 0.1760006222490852
v 0.03176755886330646 0.08736734077694548 0.17712680183703006
v 0.030426477103632887 0.08820394638347329 0.17825633102565863
v 0.029077122373805383 0.0890315202716792 0.17938937943235267
v 0.02771950564556644 0.08984962028054312 0.18052611667449386
v 0.026353637890658525 0.09065780424904493 0.18166671236946397
v 0.024979530080824132 0.09145563001616452 0.1828113361346447
v 0.02359719318780594 0.09224265542088166 0.18396015758741763
v 0.022206638183346006 0.09301843830217647 0.18511334634516483
v 0.020807876039187025 0.09378253649902872 0.18627107202526788
v 0.019400917727071684 0.0945345078504182 0.1874335042451083
v 0.017985774218742034 0.095273910195325 0.1886008126220682
v 0.01656245648594077 0.0960003013727289 0.18977316677352915
v 0.015130975500410367 0.0967132392216098 0.19095073631687284
v 0.013691342233893306 0.09741228158094759 0.19213369086948104
v 0.012243567658132067 0.09809698628972213 0.19332220004873546
v 0.010787662744869125 0.09876691118691333 0.19451643347201786
v 0.009323638465846964 0.09942161411150106 0.19571656075670993
v 0.007851505792808286 0.10006065290246513 0.19692275152019323
v 0.006371275697495116 0.10068358539878562 0.1981351753798499
v 0.004882959151650157 0.10128996943944232 0.19935400195306144
v 0.003386567127016127 0.10187936286341501 0.2005794008572094
v 0.0018821105953350306 0.10245132350968378 0.2018115417096759
v 0.000369600528349584 0.10300540921722842 0.20305059412784254
v -0.0011509521021977262 0.10354117782502881 0.20429672772909097
v -0.002679536324564441 0.10405818717206484 0.20555011213080293
v -0.004216141167008074 0.1045559950973164 0.2068109169503602
v -0.0057607556577861305 0.10503415943976338 0.20807931180514447
v -0.007313368825156152 0.10549223803838566 0.20935546631253749
v -0.008873969697375417 0.10592978873216306 0.2106395500899208
v -0.010442547302701922 0.10634636936007563 0.2119317327546765
v -0.01201909066939294 0.10674153776110315 0.21323218392418614
v -0.01360358882570576 0.10711485177422547 0.21454107321583127
v -0.015196030799898397 0.10746586923842259 0.215858570246994
v -0.016796405620228105 0.10779414799267435 0.21718484463505588
v -0.01840470231495244 0.10809924587596062 0.21852006599739865
v -0.020020909912328896 0.10838072072726129 0.21986440395140402
v -0.021645017440615012 0.10863813038555625 0.22121802811445374
v -0.02327701392806828 0.1088710326898254 0.22258110810392948
v -0.024916888402946265 0.10907898547904862 0.22395381353721305
v -0.0265646298935062 0.10926154659220576 0.22533631403168594
v -0.028220227428006117 0.10941827386827678 0.22672877920473034
v -0.029883670034703297 0.10954872514624152 0.22813137867372768
v -0.03155494674185501 0.10965245826507987 0.2295442820560596
v -0.03323404657771928 0.10972903106377174 0.23096765896910815
v -0.034920958570553357 0.109778001381297 0.2324016790302549
v -0.036615671748614784 0.10979892705663555 0.2338465118568816
v -0.03831817514016109 0.10979136592876725 0.23530232706636994
v -0.040028457773449766 0.10975487583667201 0.23676929427610172
v -0.04174650867673836 0.10968901461932973 0.23824758310345856
v -0.04347231687828439 0.10959334011572025 0.2397373631658223
v -0.04520587140634509 0.10946741016482353 0.2412388040805744
v -0.046947161289178516 0.10931078260561938 0.24275207546509703
v -0.048696175555041965 0.10912301527708775 0.24427734693677172
v -0.05045290323219265 0.10890366601820853 0.24581478811297997
v -0.05221733334888863 0.10865229266796152 0.24736456861110398
v -0.05398945493338718 0.10836845306532669 0.2489268580485252
v -0.055769257013945805 0.1080517050492839 0.25050182604262544
v -0.05755672861882202 0.10770160645881302 0.25208964221078645
v -0.059351858776273386 0.10731771513289398 0.2536904761703898
v -0.06115463651455738 0.10689958891050663 0.2553044975388174
v -0.06296505086193153 0.10644678563063087 0.2569318759334509
v -0.0647830908466531 0.10595886313224669 0.2585727809716718
v -0.06660874549698016 0.10543537925433379 0.2602273822708623
v -0.0684419330756587 0.10487589921601435 0.26189568086078535
v -0.07028228878338967 0.10428001775697941 0.2635770034207294
v -0.0721293770553637 0.10364733699706193 0.2652705080423654
v -0.07398276232677047 0.10297745905609512 0.2669753528173631
v -0.0758420090328 0.10226998605391213 0.26869069583739286
v -0.0777066816086423 0.10152452011034613 0.2704156951941249
v -0.07957634448948737 0.10074066334523024 0.27214950897922935
v -0.08145056211052525 0.0999180178783976 0.2738912952843765
v -0.0833288989069459 0.09905618582968137 0.27564021220123663
v -0.08521091931393908 0.09815476931891483 0.27739541782147964
v -0.08709618776669535 0.09721337046593084 0.2791560702367763
v -0.08898426870040445 0.09623159139056267 0.28092132753879656
v -0.09087472655025607 0.09520903421264365 0.2826903478192104
v -0.09276712575144082 0.09414530105200658 0.2844622891696885
v -0.09466103073914842 0.09303999402848477 0.286236309681901
v -0.09655600594856886 0.09189271526191138 0.288011567447518
v -0.09845161581489217 0.09070306687211951 0.2897872205582097
v -0.10034742477330835 0.08947065097894236 0.29156242710564645
v -0.1022429972590074 0.08819506970221302 0.29333634518149837
v -0.10413789770717934 0.08687592516176468 0.29510813287743576
v -0.10603169055301387 0.08551281947743065 0.29687694828512845
v -0.1079239402317016 0.0841053547690437 0.2986419494962474
v -0.10981421117843224 0.08265313315643713 0.30040229460246237
v -0.11170206782839548 0.08115575675944436 0.3021571416954435
v -0.11358707461678196 0.07961282769789807 0.30390564886686144
v -0.11546879597878136 0.07802394809163159 0.30564697420838616
v -0.1173467963495837 0.0763887200604781 0.3073802758116879
v -0.119220640164379 0.07470674572427073 0.3091047117684369
v -0.12108989185835725 0.07297762720284263 0.3108194401703034
v -0.12295411586670847 0.07120096661602694 0.3125236191089576
v -0.12481287662462266 0.0693763660836568 0.31421640667606976
v -0.12666573856728952 0.06750342772556567 0.31589696096330977
v -0.1285122661298997 0.06558175366158606 0.31756444006234846
v -0.13035202374764285 0.06361094601155146 0.3192180020648558
v -0.13218457585570872 0.06159060689529529 0.3208568050625017
v -0.1340094868892879 0.059520338432650075 0.3224800071469569
v -0.13582632128357008 0.05739974274344928 0.3240867664098914
v -0.13763464347374532 0.05522842194752604 0.3256762409429755
v -0.1394340178950036 0.05300597816471349 0.3272475888378793
v -0.1412240089825349 0.050732013514844784 0.3287999681862731
v -0.14300418117152924 0.04840613011775308 0.3303325370798271
v -0.14477409889717668 0.04602793009327148 0.33184445361021153
v -0.1465333265946669 0.043597015561233556 0.33333487586909644
v -0.14828142869919048 0.04111298864147166 0.33480296194815246
v -0.1500179696459371 0.038575451453819326 0.3362478699390496
v -0.15174251387009663 0.03598400611811009 0.33766875793345785
v -0.15345462580685948 0.033338254754176316 0.3390647840230479
v -0.15515386989141544 0.030637799481851538 0.34043510629948975
v -0.15683981055895452 0.027882242420968886 0.3417788828544537
v -0.1585120122446667 0.02507118569136149 0.3430952717796098
v -0.16017003938374208 0.022204231412862513 0.34438343116662845
v -0.16181345641137057 0.01928098170530511 0.3456425191071798
v -0.1634418277627422 0.016301038688522423 0.3468716936929341
v -0.16505471787304674 0.013264004482348032 0.34807011301556134
v -0.1666516911774747 0.010169481206614192 0.3492369351667322
v -0.16823231211121586 0.007017070981154477 0.35037131823811674
v -0.16979614510945992 0.0038063759258025326 0.35147242032138487
v -0.17134275460739745 0.000536998160390531 0.3525393995082073
v -0.17287170504021815 -0.0027914601952479245 0.35357141389025404
v -0.17438256084311207 -0.006179397021279662 0.3545676215591953
v -0.1758748864512692 -0.00962721019787155 0.3555271806067013
v -0.1773482462998796 -0.013135297605190444 0.3564492491244423
v -0.17880220482413317 -0.016704057123403213 0.3573329852040885
v -0.18023632645922 -0.02033388663267667 0.3581775469373102
v -0.18165012813267845 -0.024024807569147124 0.35898242486870025
v -0.18304293674144162 -0.02777533559283244 0.35974843935454326
v -0.1844140316747907 -0.03158360991971877 0.3604767432040463
v -0.18576269232200673 -0.03544776976579224 0.36116848922641653
v -0.18708819807237145 -0.03936595434704075 0.36182483023086126
v -0.18838982831516599 -0.04333630287945045 0.36244691902658754
v -0.18966686243967162 -0.04735695457900804 0.3630359084228027
v -0.1909185798351697 -0.05142604866170025 0.36359295122871377
v -0.19214425989094147 -0.0555417243435138 0.364119200253528
v -0.19334318199626832 -0.0597021208404354 0.36461580830645257
v -0.1945146255404315 -0.06390537736845178 0.36508392819669466
v -0.19565786991271217 -0.068149633143549 0.36552471273346143
v -0.19677219450239197 -0.07243302738171507 0.36593931472596014
v -0.1978568786987521 -0.07675369929893609 0.366328886983398
v -0.1989112018910736 -0.0811097881111981 0.36669458231498203
v -0.1999344434686382 -0.08549943303448913 0.36703755352991957
v -0.20092588282072704 -0.0899207732847953 0.36735895343741776
v -0.20188479933662137 -0.09437194807810326 0.3676599348466838
v -0.20281047240560254 -0.09885109663039976 0.3679416505669248
v -0.20370218141695184 -0.1033563581576715 0.36820525340734805
v -0.2045592057599506 -0.10788587187590525 0.3684518961771607
v -0.20538082482388015 -0.11243777700108767 0.36868273168556986
v -0.20616631799802163 -0.1170102127492048 0.3688989127417828
v -0.2069149646716566 -0.12160131833624478 0.3691015921550067
v -0.2076260442340663 -0.12620923297819361 0.3692919227344488
v -0.2082988360745319 -0.1308320958910373 0.36947105728931606
v -0.2089326195823349 -0.13546804629076403 0.36964014862881595
v -0.20952667414675655 -0.14011522339335974 0.36980034956215546
v -0.2100802791570781 -0.1447717664148112 0.36995281289854187
v -0.21059271400258095 -0.14943581457110514 0.3700986914471824
v -0.21106325807254633 -0.15410550707822823 0.3702391380172841
v -0.21149119075625555 -0.15877898315216724 0.37037530541805425
v -0.21187579144298999 -0.16345438200890883 0.3705083464587
v -0.21221633952203084 -0.16812984286443905 0.3706394139484286
v -0.21251211438265957 -0.17280350493474605 0.3707696606964471
v -0.2127623954141574 -0.17747350743581583 0.3709002395119629
v -0.2129664620058056 -0.1821379895836344 0.37103230320418296
v -0.2131235935468856 -0.18679509059418986 0.37116700458231455
v -0.2132330694266786 -0.1914429496834683 0.37130549645556493
v -0.21329416903446596 -0.1960797060674564 0.37144893163314124
v -0.21330617175952898 -0.20070349896214085 0.37159846292425064
v -0.213268356991149 -0.20531246758350843 0.3717552431381003
v -0.21318000411860727 -0.2099047511475458 0.3719204250838975
v -0.21304039253118512 -0.21447848887023974 0.3720951615708493
v -0.21284880161816394 -0.2190318199675762 0.37228060540816293
v -0.21260451076882492 -0.22356288365554336 0.3724779094050456
v -0.21230679937244942 -0.2280698191501272 0.37268822637070453
v -0.21195494681831883 -0.23255076566731375 0.3729127091143468
v -0.2115482324957143 -0.23700386242309118 0.3731525104451797
v -0.21108593579391724 -0.24142724863344545 0.3734087831724104
v -0.21056733610220896 -0.24581906351436328 0.3736826801052461
v -0.20999171280987072 -0.2501774462818314 0.37397535405289384
v -0.20935834530618389 -0.2545005361518366 0.374287957824561
v -0.20866651298042974 -0.25878647234036545 0.3746216442294546
v -0.2079154952218896 -0.2630333940634048 0.37497756607678195
v -0.2071045714198449 -0.2672394405369407 0.37535687617575014
v -0.2062330209635767 -0.27140275097696115 0.3757607273355664
v -0.20530012324236643 -0.2755214645994522 0.376190272365438
v -0.2043051576454956 -0.27959372062039994 0.3766466640745719
v -0.20324740356224513 -0.2836176582557924 0.3771310552721756
v -0.20212614038189655 -0.2875914167216156 0.37764459876745604
v -0.20094064749373114 -0.29151313523385636 0.37818844736962054
v -0.19969020428703022 -0.29538095300850126 0.3787637538878762
v -0.1983740901510751 -0.29919300926153714 0.3793716711314302
v -0.19699202599195995 -0.30294782057512565 0.3800129990167333
v -0.19554549878303046 -0.3066454129961278 0.38068712588921005
v -0.19403643701444545 -0.31028618993757917 0.3813930872015284
v -0.19246676917636296 -0.3138705548125171 0.38212991840635674
v -0.1908384237589418 -0.3173989110339769 0.382896654956363
v -0.1891533292523408 -0.3208716620149942 0.3836923323042152
v -0.18741341414671797 -0.32428921116860615 0.38451598590258157
v -0.18562060693223212 -0.3276519619078483 0.3853666512041302
v -0.18377683609904183 -0.3309603176457567 0.3862433636615291
v -0.18188403013730564 -0.3342146817953674 0.3871451587274464
v -0.17994411753718212 -0.3374154577697165 0.38807107185455025
v -0.1779590267888298 -0.3405630489818401 0.38902013849550865
v -0.17593068638240728 -0.34365785884477423 0.3899913941029897
v -0.17386102480807336 -0.34670029077155456 0.3909838741296614
v -0.17175197055598604 -0.34969074817521806 0.3919966140281921
v -0.16960545211630412 -0.3526296344688003 0.39302864925124975
v -0.16742339797918657 -0.35551735306533694 0.39407901525150224
v -0.1652077366347912 -0.358354307377865 0.3951467474816181
v -0.16296039657327693 -0.36114090081942 0.39623088139426516
v -0.16068330628480235 -0.36387753680303814 0.39733045244211157
v -0.15837839425952593 -0.3665646187417554 0.3984444960778254
v -0.15604758898760632 -0.36920255004860786 0.39957204775407473
v -0.153692818959202 -0.37179173413663164 0.40071214292352764
v -0.1513160126644716 -0.3743325744188628 0.40186381703885227
v -0.14891909859357397 -0.37682547430833696 0.4030261055527165
v -0.14650400523666696 -0.3792708372180911 0.4041980439177888
v -0.14407266108390948 -0.3816690665611608 0.4053786675867371
v -0.1416269946254605 -0.3840205657505818 0.4065670120122292
v -0.13916893435147776 -0.3863257381993909 0.40776211264693374
v -0.13670040875212025 -0.3885849873206239 0.4089630049435185
v -0.1342233463175465 -0.39079871652731674 0.41016872435465157
v -0.13173967553791507 -0.39296732923250555 0.41137830633300115
v -0.12925132490338453 -0.3950912288492264 0.4125907863312352
v -0.12676022290411337 -0.39717081879051536 0.4138051998020219
v -0.12426829803026024 -0.3992065024694085 0.41502058219802934
v -0.12177747877198401 -0.4011986832989416 0.4162359689719254
v -0.1192896936194425 -0.40314776469215136 0.41745039557637853
v -0.11680687106279464 -0.40505415006207357 0.41866289746405666
v -0.11433093959219896 -0.4069182428217442 0.4198725100876278
v -0.11186382769781446 -0.40874044638419915 0.4210782688997601
v -0.10940746386979885 -0.410521164162475 0.42227920935312174
v -0.10696377659831113 -0.4122607995696076 0.42347436690038076
v -0.10453469437350982 -0.413959756018633 0.4246627769942053
v -0.10212214568555351 -0.4156184369225872 0.42584347508726333
v -0.09972805902460075 -0.4172372456945064 0.42701549663222305
v -0.09735436288081005 -0.4188165857474266 0.4281778770817525
v -0.09500298574434037 -0.4203568604943836 0.42932965188851957
v -0.09267585610534951 -0.42185847334841403 0.4304698565051928
v -0.09037490245399642 -0.42332182772255367 0.43159752638444004
v -0.08810205328043963 -0.42474732702983864 0.43271169697892936
v -0.08585923707483806 -0.42613537468330476 0.4338114037413287
v -0.08364838232734957 -0.42748637409598855 0.4348956821243065
v -0.08147141752813306 -0.4288007286809259 0.43596356758053073
v -0.07933027116734706 -0.43007884185115286 0.43701409556266946
v -0.07722687173515014 -0.4313211170197055 0.43804630152339075
v -0.07516314772170088 -0.43252795759961987 0.43905922091536265
v -0.07314102761715782 -0.4336997670039321 0.4400518891912534
v -0.07116243991167981 -0.434836948645678 0.44102334180373076
v -0.06922931309542482 -0.4359399059378941 0.44197261420546324
v -0.06734357565855165 -0.43700904229361626 0.4428987418491188
v -0.06550715609121893 -0.43804476112588053 0.4438007601873655
v -0.06372198288358544 -0.4390474658477229 0.4446777046728712
v -0.0619899845258092 -0.44001755987217966 0.44552861075830447
v -0.060313089508049034 -0.4409554466122868 0.44635251389633307
v -0.05869273629332119 -0.4418615560323515 0.44714869278490527
v -0.05712840323607259 -0.44273642430176563 0.44791739910308936
v -0.05561907866360785 -0.4435806141411922 0.4486591277752338
v -0.05416375090323157 -0.44439468827129425 0.4493743737256871
v -0.052761408282248574 -0.44517920941273464 0.45006363187879744
v -0.05141103912796302 -0.44593474028617663 0.4507273971589136
v -0.05011163176767976 -0.4466618436122831 0.4513661644903838
v -0.04886217452870338 -0.4473610821117171 0.4519804287975565
v -0.04766165573833868 -0.4480330185051415 0.45257068500478004
v -0.04650906372388988 -0.4486782155132195 0.453137428036403
v -0.0454033868126618 -0.4492972358566141 0.4536811528167738
v -0.04434361333195904 -0.4498906422559882 0.4542023542702408
v -0.043328731609086193 -0.4504589974320049 0.45470152732115243
v -0.04235772997134789 -0.45100286410532714 0.4551791668938572
v -0.04142959674604871 -0.45152280499661795 0.4556357679127034
v -0.04054332026049341 -0.45201938282654025 0.45607182530203944
v -0.03969788884198633 -0.45249316031575726 0.45648783398621395
v -0.0388922908178322 -0.45294470018493194 0.4568842888895753
v -0.038125514515335635 -0.4533745651547272 0.45726168493647174
v -0.03739654826180136 -0.453783317945806 0.45762051705125184
v -0.03670438038453374 -0.45417152127883154 0.4579612801582641
v -0.03604799921083751 -0.4545397378744667 0.45828446918185684
v -0.03542639306801727 -0.4548885304533746 0.45859057904637845
v -0.03483855028337763 -0.4552184617362181 0.4588801046761775
v -0.034283459184223194 -0.4555300944436603 0.4591535409956023
v -0.03376010809785858 -0.45582399129636425 0.4594113829290013
v -0.03326748535158845 -0.4561007150149929 0.4596541254007229
v -0.03280457927271729 -0.45636082832020924 0.45988226333511567
v -0.03237037818854975 -0.45660489393267634 0.46009629165652793
v -0.031963870426390456 -0.4568334745730572 0.4602967052893081
v -0.03158404431354407 -0.45704713296201477 0.4604839991578046
v -0.03122988817731507 -0.45724643182021213 0.4606586681863659
v -0.030900390345008136 -0.45743193386831227 0.46082120729934045
v -0.03059453914392788 -0.45760420182697825 0.46097211142107664
v -0.0303113229013789 -0.457763798416873 0.46111187547592286
v -0.030049729944665798 -0.4579112863586595 0.46124099438822763
v -0.02980874860109319 -0.4580472283730009 0.4613599630823393
v -0.029587367197965713 -0.4581721871805601 0.46146927648260627
v -0.0293845740625879 -0.45828672550200017 0.4615694295133771
v -0.029199357522264408 -0.45839140605798406 0.46166091709900015
v -0.029030705904299833 -0.4584867915691748 0.4617442341638238
v -0.0288776075359988 -0.45857344475623546 0.46181987563219656
v -0.028739050744665887 -0.45865192833982904 0.46188833642846683
v -0.02861402385760571 -0.45872280504061846 0.461950111476983
v -0.028501515202122872 -0.4587866375792668 0.46200569570209354
v -0.02840051310552201 -0.4588439886764371 0.46205558402814684
v -0.02831000589510769 -0.4588954210527923 0.4621002713794914
v -0.02822898189818454 -0.4589414974289955 0.46214025268047554
v -0.028156429442057172 -0.45898278052570957 0.4621760228554478
v -0.02809133685403019 -0.4590198330635976 0.46220807682875653
v -0.0280326924614082 -0.4590532177633227 0.4622369095247502
v -0.027979484591495775 -0.45908349734554776 0.4622630158677773
v -0.02793070157159759 -0.4591112345309358 0.4622868907821861
v -0.0278853317290182 -0.45913699204014985 0.46230902919232514
v -0.027842363391062226 -0.4591613325938529 0.4623299260225428
v -0.027800784885034277 -0.459184818912708 0.46235007619718754
v -0.027759584538238957 -0.4592080137173781 0.4623699746406078
v -0.02771775067798088 -0.45923147972852635 0.462390116277152
v -0.027674271631564655 -0.45925577966681563 0.4624109960311685
v -0.027628135726294877 -0.45928147625290894 0.4624331088270058
v -0.027578331289476156 -0.4593091322074694 0.46245694958901234
v -0.0275238466484131 -0.4593393102511599 0.4624830132415365
v -0.027463670130410324 -0.4593725731046435 0.4625117947089267
v -0.027396790062772423 -0.4594094834885833 0.4625437889155315
v -0.02732237833064908 -0.4594505027070278 0.4625794011357407
v -0.027240341050570115 -0.459495686397568 0.46261867804411066
v -0.027150767896910455 -0.4595449887811806 0.46266157666523916
v -0.027053748544045006 -0.4595983640788422 0.46270805402372395
v -0.02694937266634868 -0.45965576651152934 0.46275806714416284
v -0.026837729938196383 -0.45971715030021865 0.46281157305115367
v -0.026718910033963043 -0.4597824696658868 0.4628685287692942
v -0.026593002628023533 -0.4598516788295104 0.4629288913231822
v -0.026460097394752777 -0.4599247320120661 0.46299261773741557
v -0.026320284008525686 -0.46000158343453035 0.46305966503659196
v -0.026173652143717193 -0.46008218731787986 0.46312999024530926
v -0.026020291474702154 -0.46016649788309133 0.4632035503881653
v -0.025860291675855504 -0.4602544693511412 0.4632803024897578
v -0.025693742421552153 -0.46034605594300626 0.4633602035746846
v -0.02552073338616701 -0.460441211879663 0.46344321066754346
v -0.02534135424407498 -0.4605398913820881 0.4635292807929322
v -0.02515569466965097 -0.4606420486712582 0.4636183709754486
v -0.024963844337269923 -0.46074763796814977 0.4637104382396905
v -0.02476589292130669 -0.4608566134937396 0.46380543961025567
v -0.0245619300961362 -0.46096892946900414 0.4639033321117419
v -0.024352045536133366 -0.4610845401149201 0.46400407276874694
v -0.024136328915673133 -0.4612033996524641 0.4641076186058687
v -0.02391486990913034 -0.46132546230261273 0.4642139266477049
v -0.02368775819087993 -0.4614506822863426 0.4643229539188533
v -0.02345508343529681 -0.46157901382463035 0.4644346574439118
v -0.023216935316755886 -0.4617104111384525 0.46454899424747814
v -0.022973403509632073 -0.4618448284487858 0.46466592135415014
v -0.022724577688300274 -0.4619822199766068 0.46478539578852557
v -0.02247054752713544 -0.4621225399428921 0.4649073745752022
v -0.0222114027005124 -0.46226574256861835 0.4650318147387779
v -0.0219472328828061 -0.46241178207476213 0.4651586733038504
v -0.021678127748391448 -0.46256061268230003 0.46528790729501757
v -0.021404176971643398 -0.4627121886122087 0.4654194737368771
v -0.021125470226936772 -0.4628664640854648 0.46555332965402685
v -0.02084209718864652 -0.4630233933230449 0.46568943207106467
v -0.02055414753114755 -0.4631829305459255 0.46582773801258825
v -0.020261710928814774 -0.4633450299750834 0.4659682045031955
v -0.0199648770560231 -0.4635096458314952 0.4661107885674841
v -0.01966373558714743 -0.4636767323361374 0.4662554472300519
v -0.019358376196562728 -0.4638462437099866 0.4664021375154967
v -0.019048888558643805 -0.46401813417401955 0.46655081644841634
v -0.018735362347765613 -0.46419235794921276 0.46670144105340855
v -0.018417887238303062 -0.46436886925654286 0.46685396835507115
v -0.018096552904631115 -0.4645476223169865 0.4670083553780019
v -0.017771449021124576 -0.4647285713515203 0.46716455914679866
v -0.01744266526215841 -0.4649116705811208 0.46732253668605916
v -0.017110291302107512 -0.46509687422676466 0.4674822450203813
v -0.0167744168153468 -0.4652841365094285 0.4676436411743628
v -0.016435131476251183 -0.465473411650089 0.46780668217260146
v -0.016092524959195567 -0.4656646538697226 0.4679713250396951
v -0.015746686938554917 -0.46585781738930604 0.46813752680024145
v -0.015397707088704032 -0.4660528564298159 0.46830524447883837
v -0.01504567508401787 -0.46624972521222885 0.4684744351000837
v -0.014690680598871344 -0.4664483779575214 0.4686450556885751
v -0.014332813307639417 -0.46664876888667023 0.4688170632689105
v -0.01397216288469689 -0.4668508522206519 0.46899041486568765
v -0.013608819004418722 -0.46705458218044316 0.46916506750350434
v -0.01324287134117982 -0.4672599129870205 0.46934097820695836
v -0.0128744095693551 -0.46746679886136056 0.46951810400064753
v -0.012503523363319462 -0.4676751940244399 0.4696964019091696
v -0.012130302397447822 -0.4678850526972353 0.46987582895712243
v -0.011754836346115138 -0.46809632910072313 0.47005634216910375
v -0.01137721488369621 -0.46830897745588024 0.47023789856971143
v -0.010997527684566005 -0.4685229519836831 0.4704204551835432
v -0.010615850268858746 -0.46873821076489885 0.47060397542392257
v -0.01023220153974603 -0.4689547273194565 0.4707884482590757
v -0.009846586246158594 -0.4691724790270756 0.4709738690459543
v -0.009459009137027349 -0.46939144326747556 0.47116023314151034
v -0.009069474961283146 -0.469611597420376 0.47134753590269557
v -0.008677988467856845 -0.46983291886549633 0.4715357726864618
v -0.008284554405679295 -0.4700553849825561 0.4717249388497608
v -0.007889177523681356 -0.4702789731512748 0.4719150297495445
v -0.007491862570793939 -0.47050366075137195 0.47210604074276463
v -0.007092614295947777 -0.47072942516256705 0.472297967186373
v -0.006691437448073785 -0.47095624376457956 0.47249080443732155
v -0.006288336776102818 -0.47118409393712907 0.472684547852562
v -0.005883317028965794 -0.47141295305993497 0.4728791927890461
v -0.00547638295559344 -0.4716427985127169 0.4730747346037258
v -0.005067539304916673 -0.47187360767519426 0.47327116865355284
v -0.004656790825866348 -0.47210535792708663 0.4734684902954791
v -0.004244142267373319 -0.4723380266481134 0.47366669488645635
v -0.003829598378368439 -0.47257159121799425 0.4738657777834364
v -0.0034131639077826315 -0.47280602901644847 0.47406573434337107
v -0.0029948436045466164 -0.4730413174231957 0.47426655992321226
v -0.0025746422175913133 -0.4732774338179555 0.47446824987991165
v -0.0021525644958475774 -0.47351435558044724 0.4746707995704212
v -0.0017286151882462634 -0.4737520600903905 0.4748742043516926
v -0.0013027990437182932 -0.4739905247275047 0.47507845958067774
v -0.000875120811194386 -0.4742297268715095 0.4752835606143284
v -0.0004455852396054623 -0.47446964390212426 0.4754895028095965
v -1.4197077882378145e-05 -0.47471025319906857 0.47569628152343374
v 0.0004190389250440154 -0.47495153214206187 0.47590389211279194
v 0.0008541180202428587 -0.4751934581108237 0.476112329934623
v 0.0012910354587832365 -0.4754360084850735 0.4763215903458786
v 0.0017297864917344245 -0.4756791606445309 0.47653166870351077
v 0.0021703663701655024 -0.47592289196891535 0.47674256036447116
v 0.0026127703451456173 -0.4761671798379463 0.4769542606857117
v 0.003056993667743913 -0.47641200163134334 0.47716676502418404
v 0.0035030315890294678 -0.4766573347288259 0.47738006873684014
v 0.003950879360071567 -0.47690315651011356 0.47759416718063175
v 0.004400532231939282 -0.47714944435492573 0.47780905571251076
v 0.004851985455701764 -0.477396175642982 0.47802472968942894
v 0.005305234282428153 -0.4776433277540018 0.47824118446833813
v 0.005760273963187602 -0.4778908780677047 0.4784584154061901
v 0.006217099749049184 -0.47813880396381014 0.47867641785993664
v 0.006675706891082177 -0.4783870828220377 0.47889518718652974
v 0.007136090640355669 -0.4786356920221068 0.47911471874292105
v 0.007598246247938801 -0.4788846089437371 0.4793350078860624
v 0.008062168964900713 -0.47913381096664787 0.47955604997290574
v 0.00852785404231049 -0.47938327547055876 0.4797778403604027
v 0.00899529673123741 -0.4796329798351893 0.4800003744055053
v 0.009464492282750557 -0.4798829014402589 0.4802236474651652
v 0.009935435947919073 -0.48013301766548716 0.4804476548963343
v 0.010408122977812097 -0.4803833058905935 0.48067239205596435
v 0.010882548623498783 -0.4806337434952975 0.4808978543010072
v 0.011358708136048203 -0.48088430785931857 0.48112403698841466
v 0.011836596766529643 -0.4811349763623763 0.48135093547513863
v 0.012316209766012182 -0.4813857263841902 0.4815785451181308
v 0.012797542385564964 -0.4816365353044797 0.4818068612743431
v 0.013280589876257135 -0.4818873805029643 0.4820358793007272
v 0.013765347489157767 -0.48213823935936356 0.4822655945542351
v 0.014251810475336149 -0.482389089253397 0.4824960023918185
v 0.014739974085861363 -0.4826399075647841 0.48272709817042925
v 0.015229833571802541 -0.48289067167324434 0.4829588772470192
v 0.015721384184228842 -0.48314135895849725 0.4831913349785401
v 0.016214621174209402 -0.4833919468002623 0.48342446672194384
v 0.016709539792813293 -0.4836424125782591 0.48365826783418214
v 0.017206135291109814 -0.483892733672207 0.4838927336722069
v 0.020769823810828703 -0.4856047406122334 0.48560474061223335
v 0.02434602788665996 -0.487297576708589 0.4872975767085889
v 0.02793460633619005 -0.48897117513100335 0.48897117513100324
v 0.031535417488486484 -0.49062546980867616 0.49062546980867605
v 0.03514831918969058 -0.49226039543288624 0.49226039543288613
v 0.03877316880862913 -0.4938758874595694 0.49387588745956934
v 0.04240982324244641 -0.49547188211186666 0.4954718821118666
v 0.046058138922252134 -0.49704831638264196 0.4970483163826419
v 0.04971797181879012 -0.49860512803696955 0.49860512803696944
v 0.053389177448124325 -0.5001422556145909 0.5001422556145908
v 0.05707161087734258 -0.5016596384323413 0.5016596384323412
v 0.060765126730278396 -0.5031572165865453 0.5031572165865452
v 0.06446957919325025 -0.5046349309553816 0.5046349309553815
v 0.06818482202081794 -0.5060927232012171 0.506092723201217
v 0.07191070854155585 -0.5075305357729102 0.5075305357729102
v 0.07564709166384442 -0.5089483119080824 0.5089483119080824
v 0.07939382388167554 -0.5103459956353598 0.5103459956353597
v 0.0831507572804765 -0.5117235317765817 0.5117235317765816
v 0.08691774354294973 -0.5130808659489801 0.51308086594898
v 0.09069463395492772 -0.5144179445673259 0.5144179445673258
v 0.09448127941124398 -0.5157347148460449 0.5157347148460448
v 0.09827753042161977 -0.517031124801301 0.517031124801301
v 0.10208323711656506 -0.518307123253049 0.5183071232530488
v 0.10589824925329655 -0.519562659827055 0.5195626598270549
v 0.10972241622166717 -0.5207976849568847 0.5207976849568846
v 0.11355558705011295 -0.5220121498858609 0.5220121498858608
v 0.11739761041161315 -0.5232060066689874 0.5232060066689873
v 0.12124833462966395 -0.524379208174843 0.5243792081748428
v 0.12510760768426676 -0.5255317080874407 0.5255317080874407
v 0.12897527721792948 -0.5266634609080576 0.5266634609080575
v 0.1328511905416815 -0.5277744219570301 0.52777442195703
v 0.1367351946411011 -0.5288645473755182 0.5288645473755181
v 0.14062713618235748 -0.5299337941272372 0.5299337941272372
v 0.14452686151826233 -0.5309821200001561 0.530982120000156
v 0.1484342166943369 -0.5320094836081644 0.5320094836081642
v 0.15234904745488925 -0.5330158443927059 0.5330158443927058
v 0.15627119924910415 -0.5340011626243801 0.53400116262438
v 0.1602005172371447 -0.5349653994045105 0.5349653994045104
v 0.16413684629626468 -0.5359085166666796 0.5359085166666795
v 0.1680800310269327 -0.5368304771782332 0.5368304771782331
v 0.17202991575896795 -0.5377312445417488 0.5377312445417488
v 0.1759863445576842 -0.5386107831964734 0.5386107831964733
v 0.17994916123004698 -0.5394690584197267 0.5394690584197266
v 0.18391820933083947 -0.5403060363282725 0.5403060363282723
v 0.1878933321688388 -0.5411216838796562 0.5411216838796561
v 0.1918743728130018 -0.541915968873509 0.5419159688735089
v 0.19586117409866044 -0.5426888599528197 0.5426888599528196
v 0.19985357863372624 -0.5434403266051713 0.5434403266051712
v 0.20385142880490476 -0.5441703391639475 0.5441703391639475
v 0.2078545667839164 -0.5448788688095024 0.5448788688095024
v 0.2118628345337282 -0.5455658875702989 0.5455658875702988
v 0.21587607381479268 -0.5462313683240124 0.5462313683240123
v 0.21989412619129478 -0.5468752847986025 0.5468752847986024
v 0.22391683303740667 -0.5474976115733491 0.547497611573349
v 0.22794403554355003 -0.5480983240798569 0.5480983240798568
v 0.23197557472266567 -0.5486773986030247 0.5486773986030246
v 0.23601129141648952 -0.5492348122819818 0.5492348122819817
v 0.2400510263018374 -0.5497705431109906 0.5497705431109905
v 0.2440946198968928 -0.5502845699403155 0.5502845699403154
v 0.2481419125675044 -0.5507768724770571 0.550776872477057
v 0.2521927445334876 -0.5512474312859544 0.5512474312859543
v 0.2562469558749326 -0.5516962277901513 0.5516962277901513
v 0.2603043865385175 -0.5521232442719304 0.5521232442719303
v 0.2643648763438271 -0.5525284638734119 0.5525284638734118
v 0.2684282649896763 -0.5529118705972201 0.55291187059722
v 0.2724943920604396 -0.5532734493071138 0.5532734493071136
v 0.2765630970323823 -0.5536131857285848 0.5536131857285846
v 0.28063421927999876 -0.5539310664494208 0.5539310664494207
v 0.2847075980823536 -0.5542270789202351 0.5542270789202351
v 0.28878307262942643 -0.5545012114549627 0.5545012114549626
v 0.29286048202846043 -0.5547534532313201 0.55475345323132
v 0.2969396653103142 -0.5549837942912339 0.5549837942912338
v 0.3010204614358164 -0.5551922255412337 0.5551922255412336
v 0.30510270930212324 -0.5553787387528103 0.5553787387528103
v 0.3091862477490794 -0.5555433265627419 0.5555433265627417
v 0.31327091556557884 -0.5556859824733832 0.5556859824733831
v 0.3173565514959303 -0.5558067008529233 0.5558067008529232
v 0.3214429942462229 -0.5559054769356071 0.555905476935607
v 0.325530082490694 -0.5559823068219242 0.5559823068219242
v 0.3296176548780979 -0.5560371874787623 0.5560371874787622
v 0.3337055500380759 -0.5560701167395267 0.5560701167395267
v 0.3377936065875262 -0.5560810933042268 0.5560810933042267
v 0.3418816631369766 -0.5560701167395267 0.5560701167395267
v 0.3459695582969545 -0.5560371874787623 0.5560371874787622
v 0.3500571306843585 -0.5559823068219242 0.5559823068219242
v 0.3541442189288296 -0.5559054769356071 0.555905476935607
v 0.3582306616791222 -0.5558067008529233 0.5558067008529232
v 0.36231629760947365 -0.5556859824733832 0.5556859824733831
v 0.3664009654259731 -0.5555433265627419 0.5555433265627417
v 0.3704845038729293 -0.5553787387528103 0.5553787387528103
v 0.37456675173923604 -0.5551922255412337 0.5551922255412336
v 0.3786475478647383 -0.5549837942912339 0.5549837942912338
v 0.38272673114659206 -0.5547534532313201 0.55475345323132
v 0.38680414054562606 -0.5545012114549627 0.5545012114549626
v 0.39087961509269886 -0.5542270789202351 0.5542270789202351
v 0.39495299389505373 -0.5539310664494208 0.5539310664494207
v 0.3990241161426702 -0.5536131857285848 0.5536131857285846
v 0.40309282111461286 -0.5532734493071138 0.5532734493071136
v 0.4071589481853761 -0.5529118705972201 0.55291187059722
v 0.4112223368312254 -0.5525284638734119 0.5525284638734118
v 0.41528282663653504 -0.5521232442719304 0.5521232442719303
v 0.41934025730011987 -0.5516962277901513 0.5516962277901513
v 0.4233944686415648 -0.5512474312859544 0.5512474312859543
v 0.4274453006075481 -0.550776872477057 0.550776872477057
v 0.4314925932781597 -0.5502845699403154 0.5502845699403153
v 0.43553618687321516 -0.5497705431109906 0.5497705431109905
v 0.43957592175856297 -0.5492348122819818 0.5492348122819817
v 0.4436116384523868 -0.5486773986030247 0.5486773986030246
v 0.4476431776315024 -0.5480983240798568 0.5480983240798568
v 0.4516703801376458 -0.5474976115733491 0.547497611573349
v 0.4556930869837577 -0.5468752847986025 0.5468752847986024
v 0.4597111393602598 -0.5462313683240124 0.5462313683240123
v 0.4637243786413243 -0.5455658875702989 0.5455658875702988
v 0.4677326463911361 -0.5448788688095024 0.5448788688095024
v 0.47173578437014774 -0.5441703391639475 0.5441703391639474
v 0.4757336345413262 -0.5434403266051713 0.5434403266051712
v 0.479726039076392 -0.5426888599528196 0.5426888599528195
v 0.48371284036205064 -0.541915968873509 0.5419159688735089
v 0.4876938810062137 -0.5411216838796562 0.5411216838796561
v 0.49166900384421297 -0.5403060363282725 0.5403060363282723
v 0.49563805194500554 -0.5394690584197266 0.5394690584197265
v 0.4996008686173683 -0.5386107831964734 0.5386107831964733
v 0.5035572974160846 -0.5377312445417488 0.5377312445417487
v 0.5075071821481197 -0.5368304771782332 0.5368304771782331
v 0.5114503668787878 -0.5359085166666796 0.5359085166666795
v 0.5153866959379079 -0.5349653994045104 0.5349653994045103
v 0.5193160139259483 -0.53400116262438 0.5340011626243799
v 0.5232381657201632 -0.5330158443927059 0.5330158443927058
v 0.5271529964807156 -0.5320094836081644 0.5320094836081642
v 0.5310603516567901 -0.530982120000156 0.530982120000156
v 0.534960076992695 -0.5299337941272372 0.5299337941272371
v 0.5388520185339514 -0.5288645473755182 0.5288645473755181
v 0.5427360226333711 -0.5277744219570301 0.52777442195703
v 0.546611935957123 -0.5266634609080575 0.5266634609080575
v 0.5504796054907857 -0.5255317080874407 0.5255317080874407
v 0.5543388785453885 -0.5243792081748428 0.5243792081748427
v 0.5581896027634393 -0.5232060066689873 0.5232060066689872
v 0.5620316261249395 -0.5220121498858608 0.5220121498858606
v 0.5658647969533853 -0.5207976849568846 0.5207976849568845
v 0.5696889639217559 -0.5195626598270549 0.5195626598270547
v 0.5735039760584875 -0.518307123253049 0.5183071232530488
v 0.5773096827534328 -0.517031124801301 0.5170311248013009
v 0.5811059337638085 -0.5157347148460448 0.5157347148460447
v 0.5848925792201248 -0.5144179445673259 0.5144179445673258
v 0.5886694696321028 -0.51308086594898 0.51308086594898
v 0.5924364558945759 -0.5117235317765816 0.5117235317765815
v 0.596193389293377 -0.5103459956353597 0.5103459956353597
v 0.599940121511208 -0.5089483119080824 0.5089483119080824
v 0.6036765046334966 -0.5075305357729102 0.5075305357729101
v 0.6074023911542346 -0.5060927232012171 0.506092723201217
v 0.6111176339818023 -0.5046349309553815 0.5046349309553814
v 0.6148220864447741 -0.5031572165865452 0.5031572165865451
v 0.6185156022977099 -0.5016596384323412 0.5016596384323412
v 0.6221980357269281 -0.5001422556145908 0.5001422556145908
v 0.6258692413562623 -0.49860512803696944 0.4986051280369694
v 0.6295290742528004 -0.4970483163826419 0.4970483163826418
v 0.6331773899326061 -0.49547188211186655 0.4954718821118665
v 0.6368140443664234 -0.49387588745956934 0.49387588745956923
v 0.6404388939853619 -0.49226039543288624 0.49226039543288613
v 0.6440517956865659 -0.49062546980867605 0.490625469808676
v 0.6476526068388624 -0.48897117513100324 0.4889711751310032
v 0.6512411852883926 -0.487297576708589 0.4872975767085889
v 0.6548173893642237 -0.4856047406122334 0.48560474061223335
v 0.6583810778839426 -0.483892733672207 0.4838927336722069
v 0.6619321101592284 -0.4821616234756122 0.48216162347561214
v 0.6654703460014071 -0.4804114783637155 0.48041147836371545
v 0.6689956457269861 -0.47864236742924937 0.4786423674292493
v 0.6725078701631687 -0.4768543605136841 0.476854360513684
v 0.6760068806533479 -0.4750475282044711 0.475047528204471
v 0.679492539062581 -0.4732219418322563 0.4732219418322562
v 0.6829647077830423 -0.47137767346806364 0.4713776734680636
v 0.686423249739456 -0.46951479592045037 0.4695147959204503
v 0.6898680283945074 -0.4676333827326323 0.46763338273263216
v 0.6932989077542341 -0.4657335081795804 0.4657335081795803
v 0.6967157523733929 -0.46381524726508927 0.4638152472650892
v 0.7001184273608095 -0.4618786757188149 0.46187867571881486
v 0.7035067983847014 -0.4599238699932862 0.45992386999328616
v 0.7068807316779826 -0.4579509072608859 0.45795090726088583
v 0.7102400940435434 -0.4559598654108045 0.45595986541080447
v 0.7135847528595102 -0.45395082304596496 0.4539508230459649
v 0.7169145760844795 -0.45192385947992 0.4519238594799199
v 0.7202294322627323 -0.44987905473372025 0.4498790547337202
v 0.7235291905294223 -0.447816489532756 0.44781648953275593
v 0.7268137206157432 -0.4457362453035698 0.4457362453035697
v 0.7300828928540717 -0.44363840417064154 0.4436384041706415
v 0.7333365781830852 -0.4415230489531472 0.44152304895314715
v 0.7365746481528581 -0.43939026316168883 0.4393902631616888
v 0.7397969749299325 -0.4372401309949974 0.43724013099499737
v 0.7430034313023648 -0.4350727373366094 0.43507273733660934
v 0.7461938906847478 -0.43288816775151506 0.432888167751515
v 0.7493682271232078 -0.4306865084827812 0.43068650848278117
v 0.7525263153003776 -0.4284678464481462 0.4284678464481461
v 0.7556680305403436 -0.4262322692365875 0.42623226923658747
v 0.7587932488135678 -0.423979865104866 0.4239798651048659
v 0.7619018467417835 -0.42171072297403994 0.42171072297403983
v 0.7649937016028677 -0.4194249324259553 0.41942493242595524
v 0.7680686913356845 -0.417122583699709 0.41712258369970895
v 0.7711266945449042 -0.41480376768808647 0.4148037676880864
v 0.7741675905057965 -0.41246857593397346 0.4124685759339734
v 0.7771912591689956 -0.41011710062674184 0.4101171006267418
v 0.78019758116524 -0.4077494345986106 0.40774943459861057
v 0.783186437810085 -0.4053656713209802 0.40536567132098017
v 0.7861577111085882 -0.4029659049007432 0.4029659049007431
v 0.7891112837599672 -0.4005502300765688 0.40055023007656876
v 0.7920470391622312 -0.39811874221516297 0.3981187422151629
v 0.7949648614167834 -0.3956715373075029 0.3956715373075028
v 0.7978646353329975 -0.393208711965048 0.3932087119650479
v 0.8007462464327646 -0.390730363415926 0.3907303634159259
v 0.8036095809550123 -0.388236589501094 0.38823658950109396
v 0.806454525860197 -0.3857274886704759 0.38572748867047585
v 0.8092809688347646 -0.38320315997907634 0.3832031599790762
v 0.8120887982955864 -0.3806637030830696 0.38066370308306957
v 0.8148779033943632 -0.3781092182358659 0.37810921823586585
v 0.817648174022001 -0.37553980628415295 0.3755398062841529
v 0.8203995008129592 -0.37295556866391494 0.3729555686639149
v 0.823131775149567 -0.3703566073964284 0.37035660739642834
v 0.8258448891663119 -0.36774302508423407 0.367743025084234
v 0.8285387357540983 -0.3651149249070862 0.36511492490708614
v 0.8312132085644757 -0.3624724106178798 0.36247241061787977
v 0.8338682020138366 -0.35981558653855444 0.3598155865385544
v 0.8365036112875858 -0.35714455755597546 0.3571445575559754
v 0.8391193323442778 -0.35445942911779366 0.3544594291177936
v 0.8417152619197239 -0.35176030722828205 0.351760307228282
v 0.8442912975310697 -0.34904729844415117 0.34904729844415117
v 0.8468473374808401 -0.34632050987034235 0.3463205098703423
v 0.849383280860954 -0.34358004915579987 0.3435800491557998
v 0.8518990275567098 -0.34082602448921967 0.3408260244892196
v 0.8543944782507351 -0.33805854459478035 0.3380585445947803
v 0.8568695344269097 -0.33527771872784934 0.3352777187278493
v 0.8593240983742534 -0.33248365667067037 0.3324836566706703
v 0.8617580731907846 -0.32967646872802925 0.3296764687280292
v 0.8641713627873451 -0.3268562657228992 0.32685626572289916
v 0.8665638718913942 -0.32402315899206613 0.3240231589920661
v 0.8689355060507684 -0.32117726038173267 0.32117726038173267
v 0.8712861716374125 -0.31831868224310267 0.3183186822431026
v 0.8736157758510741 -0.3154475374279467 0.3154475374279466
v 0.8759242267229677 -0.31256393928414566 0.31256393928414566
v 0.8782114331194055 -0.309668001651217 0.30966800165121694
v 0.8804773047453955 -0.30675983885581953 0.3067598388558195
v 0.8827217521482056 -0.30383956570724113 0.3038395657072411
v 0.8849446867208952 -0.30090729749286527 0.30090729749286527
v 0.8871460207058139 -0.29796314997362017 0.2979631499736201
v 0.8893256671980652 -0.295007239379409 0.295007239379409
v 0.8914835401489378 -0.29203968240452016 0.2920396824045201
v 0.8936195543693024 -0.28906059620302205 0.289060596203022
v 0.8957336255329751 -0.2860700983841369 0.28607009838413683
v 0.897825670180046 -0.28306830700759794 0.2830683070075979
v 0.899895605720175 -0.28005534057898895 0.2800553405789889
v 0.9019433504358507 -0.2770313180450655 0.2770313180450654
v 0.9039688234856187 -0.2739963587890591 0.2739963587890591
v 0.9059719449072705 -0.2709505826259649 0.2709505826259649
v 0.9079526356210026 -0.2678941097978101 0.26789410979781003
v 0.9099108174325374 -0.26482706096890873 0.2648270609689087
v 0.9118464130362094 -0.26174955722109683 0.2617495572210968
v 0.9137593460180187 -0.2586617200489528 0.25866172004895277
v 0.9156495408586465 -0.25556367135500113 0.2555636713550011
v 0.9175169229364373 -0.25245553344489946 0.25245553344489946
v 0.9193614185303438 -0.24933742902261047 0.24933742902261044
v 0.9211829548228383 -0.24620948118555797 0.2462094811855579
v 0.9229814599027872 -0.2430718134197662 0.24307181341976614
v 0.9247568627682892 -0.23992454959498621 0.2399245495949862
v 0.9265090933294793 -0.2367678139598048 0.23676781395980478
v 0.9282380824112952 -0.2336017311367398 0.23360173113673974
v 0.9299437617562087 -0.23042642611731964 0.23042642611731962
v 0.9316260640269194 -0.22724202425714965 0.2272420242571496
v 0.9332849228090143 -0.2240486512709628 0.22404865127096274
v 0.9349202726135895 -0.22084643322765635 0.22084643322765632
v 0.9365320488798345 -0.21763549654531575 0.21763549654531572
v 0.9381201879775822 -0.2144159679862232 0.21441596798622317
v 0.9396846272098203 -0.21118797465185363 0.2111879746518536
v 0.9412253048151666 -0.2079516439778564 0.20795164397785637
v 0.9427421599703079 -0.20470710372902517 0.20470710372902515
v 0.944235132792399 -0.20145448199425345 0.20145448199425342
v 0.9457041643414301 -0.19819390718147803 0.198193907181478
v 0.9471491966225505 -0.19492550801260924 0.19492550801260922
v 0.9485701725883602 -0.1916494135184501 0.19164941351845008
v 0.9499670361411612 -0.18836575303360162 0.1883657530336016
v 0.9513397321351724 -0.1850746561913573 0.18507465619135727
v 0.9526882063787061 -0.18177625291858499 0.18177625291858496
v 0.9540124056363082 -0.17847067343059828 0.17847067343059825
v 0.9553122776308594 -0.17515804822601522 0.1751580482260152
v 0.9565877710456392 -0.17183850808160697 0.17183850808160694
v 0.9578388355263514 -0.16851218404713417 0.16851218404713414
v 0.9590654216831127 -0.1651792074401743 0.16517920744017428
v 0.9602674810924019 -0.16183970984093676 0.16183970984093674
v 0.9614449662989715 -0.1584938230870687 0.15849382308706866
v 0.9625978308177217 -0.15514167926845013 0.1551416792684501
v 0.9637260291355356 -0.15178341072197907 0.15178341072197904
v 0.9648295167130754 -0.14841915002634753 0.1484191500263475
v 0.9659082499865408 -0.14504902999680724 0.14504902999680722
v 0.9669621863693894 -0.14167318367992648 0.14167318367992646
v 0.9679912842540173 -0.1382917443483373 0.13829174434833727
v 0.9689955030134021 -0.13490484549547463 0.1349048454954746
v 0.9699748030027071 -0.1315126208303059 0.13151262083030588
v 0.9709291455608449 -0.12811520427205256 0.12811520427205256
v 0.9718584930120058 -0.12471272994490284 0.12471272994490282
v 0.9727628086671436 -0.12130533217271726 0.12130533217271725
v 0.9736420568254249 -0.11789314547372554 0.11789314547372551
v 0.9744962027756376 -0.114476304555216 0.11447630455521599
v 0.9753252127975622 -0.11105494430821734 0.11105494430821732
v 0.9761290541633028 -0.1076291998021739 0.10762919980217389
v 0.9769076951385782 -0.104199206279613 0.10419920627961299
v 0.9776611049839763 -0.10076509915080592 0.1007650991508059
v 0.9783892539561665 -0.09732701398842172 0.09732701398842171
v 0.979092113309074 -0.09388508652217581 0.09388508652217578
v 0.9797696552950148 -0.09043945263347102 0.090439452633471
v 0.980421853165792 -0.08699024835003341 0.0869902483500334
v 0.9810486811737498 -0.0835376098405422 0.08353760984054219
v 0.9816501145727923 -0.08008167340925369 0.08008167340925368
v 0.9822261296193584 -0.07662257549062075 0.07662257549062074
v 0.9827767035733603 -0.07316045264390632 0.07316045264390632
v 0.9833018146990813 -0.06969544154779239 0.06969544154779238
v 0.9838014422660333 -0.06622767899498373 0.06622767899498373
v 0.9842755665497749 -0.06275730188680831 0.0627573018868083
v 0.984724168832692 -0.059284447227812107 0.05928444722781209
v 0.9851472314047338 -0.0558092521203507 0.05580925212035069
v 0.9855447375641151 -0.05233185375917621 0.052331853759176206
v 0.985916671617973 -0.048852389426021804 0.0488523894260218
v 0.9862630188829877 -0.04537099648418153 0.045370996484181525
v 0.9865837656859626 -0.04188781237308778 0.04188781237308777
v 0.9868788993643631 -0.03840297460288484 0.03840297460288483
v 0.9871484082668167 -0.03491662074900101 0.034916620749001
v 0.9873922817535734 -0.031428888446716825 0.03142888844671682
v 0.9876105101969259 -0.027939915385731772 0.02793991538573177
v 0.9878030849815884 -0.02444983930472797 0.024449839304727966
v 0.9879699985050385 -0.020958797985933243 0.02095879798593324
v 0.9881112441778162 -0.01746692924968124 0.01746692924968124
v 0.9882268164237837 -0.013974370948970635 0.013974370948970633
v 0.988316710680347 -0.010481260964023045 0.010481260964023043
v 0.9883809233986347 -0.006987737196839263 0.006987737196839262
v 0.9884194520436387 -0.0034939375657558726 0.003493937565755872
v 0.9884322950943139 3.4050146549069105e-17 -3.40501465490691e-17
v 0.9884194520436387 0.003493937565755817 -0.0034939375657558162
v 0.9883809233986347 0.006987737196839207 -0.006987737196839206
v 0.988316710680347 0.010481260964022989 -0.010481260964022987
v 0.9882268164237837 0.013974370948970704 -0.013974370948970702
v 0.9881112441778162 0.017466929249681185 -0.01746692924968118
v 0.9879699985050385 0.020958797985933184 -0.02095879798593318
v 0.9878030849815884 0.024449839304727914 -0.02444983930472791
v 0.9876105101969259 0.02793991538573172 -0.027939915385731713
v 0.9873922817535734 0.03142888844671677 -0.03142888844671677
v 0.9871484082668167 0.034916620749000954 -0.03491662074900095
v 0.9868788993643631 0.03840297460288478 -0.038402974602884776
v 0.9865837656859626 0.041887812373087724 -0.04188781237308772
v 0.9862630188829877 0.045370996484181476 -0.04537099648418146
v 0.985916671617973 0.04885238942602174 -0.048852389426021735
v 0.9855447375641151 0.05233185375917616 -0.05233185375917614
v 0.9851472314047338 0.05580925212035065 -0.05580925212035064
v 0.984724168832692 0.059284447227812176 -0.05928444722781216
v 0.9842755665497749 0.06275730188680825 -0.06275730188680825
v 0.9838014422660333 0.06622767899498368 -0.06622767899498366
v 0.9833018146990813 0.06969544154779234 -0.06969544154779232
v 0.9827767035733603 0.07316045264390639 -0.07316045264390637
v 0.9822261296193584 0.07662257549062071 -0.0766225754906207
v 0.9816501145727923 0.08008167340925364 -0.08008167340925362
v 0.98104868117375 0.08353760984054216 -0.08353760984054215
v 0.980421853165792 0.08699024835003347 -0.08699024835003345
v 0.9797696552950148 0.09043945263347097 -0.09043945263347096
v 0.979092113309074 0.09388508652217577 -0.09388508652217575
v 0.9783892539561665 0.09732701398842167 -0.09732701398842165
v 0.9776611049839765 0.10076509915080586 -0.10076509915080585
v 0.9769076951385782 0.10419920627961296 -0.10419920627961295
v 0.9761290541633028 0.10762919980217388 -0.10762919980217385
v 0.9753252127975622 0.11105494430821729 -0.11105494430821726
v 0.9744962027756376 0.11447630455521594 -0.11447630455521592
v 0.9736420568254249 0.11789314547372547 -0.11789314547372545
v 0.9727628086671436 0.12130533217271723 -0.1213053321727172
v 0.9718584930120058 0.12471272994490278 -0.12471272994490276
v 0.9709291455608449 0.12811520427205253 -0.1281152042720525
v 0.9699748030027069 0.13151262083030596 -0.13151262083030593
v 0.9689955030134023 0.13490484549547457 -0.13490484549547455
v 0.9679912842540173 0.13829174434833724 -0.13829174434833721
v 0.9669621863693894 0.14167318367992646 -0.14167318367992643
v 0.9659082499865408 0.1450490299968073 -0.14504902999680727
v 0.9648295167130754 0.14841915002634745 -0.14841915002634742
v 0.9637260291355356 0.151783410721979 -0.15178341072197898
v 0.9625978308177217 0.1551416792684501 -0.15514167926845007
v 0.9614449662989715 0.15849382308706875 -0.15849382308706872
v 0.9602674810924019 0.16183970984093668 -0.16183970984093668
v 0.9590654216831127 0.16517920744017422 -0.1651792074401742
v 0.9578388355263514 0.1685121840471341 -0.16851218404713408
v 0.9565877710456392 0.17183850808160692 -0.1718385080816069
v 0.9553122776308594 0.17515804822601516 -0.17515804822601513
v 0.9540124056363082 0.1784706734305982 -0.17847067343059816
v 0.9526882063787061 0.18177625291858496 -0.18177625291858493
v 0.9513397321351724 0.18507465619135724 -0.1850746561913572
v 0.9499670361411614 0.18836575303360156 -0.18836575303360154
v 0.9485701725883602 0.19164941351845008 -0.19164941351845005
v 0.9471491966225505 0.19492550801260922 -0.1949255080126092
v 0.9457041643414301 0.19819390718147797 -0.19819390718147795
v 0.944235132792399 0.2014544819942535 -0.20145448199425345
v 0.9427421599703079 0.20470710372902515 -0.2047071037290251
v 0.9412253048151669 0.20795164397785637 -0.20795164397785634
v 0.9396846272098203 0.21118797465185354 -0.21118797465185352
v 0.938120187977582 0.21441596798622328 -0.21441596798622323
v 0.9365320488798345 0.2176354965453157 -0.21763549654531564
v 0.9349202726135895 0.2208464332276563 -0.22084643322765624
v 0.9332849228090143 0.22404865127096274 -0.2240486512709627
v 0.9316260640269194 0.22724202425714973 -0.22724202425714968
v 0.9299437617562087 0.2304264261173196 -0.23042642611731953
v 0.9282380824112955 0.2336017311367397 -0.23360173113673965
v 0.9265090933294795 0.23676781395980478 -0.23676781395980476
v 0.9247568627682894 0.23992454959498613 -0.2399245495949861
v 0.9229814599027872 0.24307181341976603 -0.243071813419766
v 0.9211829548228383 0.2462094811855578 -0.24620948118555774
v 0.9193614185303438 0.24933742902261052 -0.24933742902261047
v 0.9175169229364373 0.25245553344489957 -0.2524555334448995
v 0.9156495408586465 0.2555636713550011 -0.2555636713550011
v 0.9137593460180187 0.2586617200489528 -0.25866172004895277
v 0.9118464130362094 0.2617495572210968 -0.2617495572210967
v 0.9099108174325374 0.2648270609689086 -0.2648270609689086
v 0.9079526356210028 0.2678941097978101 -0.26789410979781003
v 0.9059719449072705 0.2709505826259647 -0.27095058262596466
v 0.9039688234856187 0.2739963587890592 -0.27399635878905915
v 0.9019433504358507 0.2770313180450655 -0.2770313180450655
v 0.8998956057201748 0.280055340578989 -0.28005534057898895
v 0.897825670180046 0.28306830700759794 -0.2830683070075979
v 0.8957336255329751 0.28607009838413683 -0.28607009838413683
v 0.8936195543693024 0.289060596203022 -0.28906059620302194
v 0.8914835401489378 0.2920396824045201 -0.29203968240452005
v 0.8893256671980652 0.2950072393794088 -0.29500723937940876
v 0.8871460207058139 0.2979631499736202 -0.29796314997362017
v 0.8849446867208952 0.30090729749286527 -0.30090729749286527
v 0.8827217521482056 0.30383956570724113 -0.3038395657072411
v 0.8804773047453955 0.30675983885581953 -0.3067598388558195
v 0.8782114331194057 0.3096680016512169 -0.30966800165121683
v 0.8759242267229679 0.3125639392841456 -0.31256393928414555
v 0.8736157758510743 0.3154475374279465 -0.3154475374279465
v 0.8712861716374127 0.3183186822431026 -0.31831868224310256
v 0.8689355060507684 0.3211772603817325 -0.32117726038173244
v 0.8665638718913939 0.32402315899206613 -0.3240231589920661
v 0.8641713627873451 0.3268562657228992 -0.32685626572289916
v 0.8617580731907846 0.32967646872802925 -0.3296764687280292
v 0.8593240983742534 0.33248365667067037 -0.3324836566706703
v 0.8568695344269097 0.3352777187278493 -0.3352777187278492
v 0.8543944782507351 0.33805854459478024 -0.3380585445947802
v 0.85189902755671 0.34082602448921956 -0.3408260244892195
v 0.8493832808609543 0.3435800491557997 -0.34358004915579965
v 0.8468473374808398 0.3463205098703424 -0.34632050987034235
v 0.8442912975310697 0.34904729844415117 -0.34904729844415117
v 0.8417152619197239 0.35176030722828205 -0.351760307228282
v 0.8391193323442778 0.35445942911779366 -0.3544594291177936
v 0.8365036112875858 0.3571445575559754 -0.35714455755597535
v 0.8338682020138366 0.3598155865385544 -0.35981558653855433
v 0.8312132085644757 0.36247241061787966 -0.3624724106178796
v 0.8285387357540985 0.365114924907086 -0.36511492490708597
v 0.825844889166312 0.3677430250842339 -0.36774302508423384
v 0.823131775149567 0.3703566073964284 -0.37035660739642834
v 0.8203995008129592 0.37295556866391494 -0.3729555686639149
v 0.817648174022001 0.37553980628415295 -0.3755398062841529
v 0.8148779033943632 0.37810921823586585 -0.3781092182358658
v 0.8120887982955864 0.38066370308306957 -0.38066370308306946
v 0.8092809688347646 0.38320315997907617 -0.3832031599790761
v 0.806454525860197 0.3857274886704758 -0.3857274886704757
v 0.8036095809550123 0.38823658950109396 -0.3882365895010939
v 0.8007462464327646 0.39073036341592604 -0.390730363415926
v 0.7978646353329975 0.3932087119650481 -0.39320871196504803
v 0.7949648614167834 0.3956715373075029 -0.3956715373075028
v 0.7920470391622311 0.39811874221516297 -0.3981187422151629
v 0.7891112837599673 0.40055023007656876 -0.4005502300765687
v 0.7861577111085883 0.4029659049007432 -0.4029659049007431
v 0.7831864378100852 0.40536567132098017 -0.40536567132098006
v 0.7801975811652401 0.40774943459861057 -0.4077494345986105
v 0.7771912591689956 0.4101171006267419 -0.41011710062674184
v 0.7741675905057963 0.41246857593397346 -0.4124685759339734
v 0.7711266945449042 0.41480376768808647 -0.4148037676880864
v 0.7680686913356843 0.417122583699709 -0.41712258369970895
v 0.7649937016028678 0.4194249324259552 -0.41942493242595513
v 0.7619018467417836 0.42171072297403994 -0.42171072297403983
v 0.7587932488135678 0.423979865104866 -0.4239798651048659
v 0.7556680305403438 0.42623226923658747 -0.42623226923658736
v 0.7525263153003777 0.428467846448146 -0.42846784644814595
v 0.7493682271232076 0.43068650848278134 -0.4306865084827812
v 0.7461938906847478 0.43288816775151506 -0.432888167751515
v 0.7430034313023648 0.4350727373366094 -0.43507273733660934
v 0.7397969749299325 0.4372401309949974 -0.43724013099499737
v 0.7365746481528581 0.43939026316168883 -0.4393902631616888
v 0.7333365781830852 0.4415230489531472 -0.44152304895314715
v 0.7300828928540717 0.4436384041706415 -0.4436384041706414
v 0.7268137206157432 0.4457362453035697 -0.44573624530356964
v 0.7235291905294222 0.447816489532756 -0.44781648953275593
v 0.7202294322627322 0.44987905473372036 -0.4498790547337203
v 0.7169145760844795 0.45192385947992 -0.4519238594799199
v 0.7135847528595102 0.45395082304596496 -0.4539508230459649
v 0.7102400940435436 0.4559598654108045 -0.45595986541080447
v 0.7068807316779826 0.4579509072608859 -0.45795090726088583
v 0.7035067983847016 0.45992386999328616 -0.4599238699932861
v 0.7001184273608096 0.4618786757188149 -0.46187867571881486
v 0.6967157523733931 0.4638152472650892 -0.46381524726508916
v 0.693298907754234 0.4657335081795805 -0.4657335081795804
v 0.6898680283945074 0.4676333827326323 -0.46763338273263216
v 0.686423249739456 0.46951479592045037 -0.4695147959204503
v 0.6829647077830423 0.47137767346806364 -0.4713776734680636
v 0.6794925390625811 0.4732219418322562 -0.47322194183225613
v 0.6760068806533481 0.475047528204471 -0.47504752820447094
v 0.6725078701631688 0.4768543605136841 -0.476854360513684
v 0.6689956457269861 0.4786423674292493 -0.47864236742924926
v 0.6654703460014071 0.4804114783637155 -0.48041147836371545
v 0.6619321101592284 0.4821616234756122 -0.48216162347561214
v 0.6583810778839426 0.483892733672207 -0.4838927336722069
v 0.6548173893642237 0.4856047406122334 -0.48560474061223335
v 0.6512411852883926 0.487297576708589 -0.4872975767085889
v 0.6476526068388625 0.4889711751310032 -0.4889711751310031
v 0.6440517956865661 0.490625469808676 -0.4906254698086759
v 0.640438893985362 0.4922603954328861 -0.492260395432886
v 0.6368140443664233 0.49387588745956934 -0.49387588745956923
v 0.6331773899326061 0.49547188211186666 -0.4954718821118666
v 0.6295290742528004 0.4970483163826419 -0.4970483163826418
v 0.6258692413562623 0.49860512803696944 -0.4986051280369694
v 0.6221980357269281 0.5001422556145908 -0.5001422556145908
v 0.61851560229771 0.5016596384323412 -0.5016596384323412
v 0.6148220864447742 0.5031572165865452 -0.5031572165865451
v 0.6111176339818023 0.5046349309553814 -0.5046349309553814
v 0.6074023911542348 0.506092723201217 -0.506092723201217
v 0.6036765046334965 0.5075305357729102 -0.5075305357729101
v 0.5999401215112079 0.5089483119080824 -0.5089483119080824
v 0.596193389293377 0.5103459956353597 -0.5103459956353597
v 0.592436455894576 0.5117235317765816 -0.5117235317765815
v 0.5886694696321028 0.51308086594898 -0.51308086594898
v 0.5848925792201248 0.5144179445673258 -0.5144179445673257
v 0.5811059337638086 0.5157347148460447 -0.5157347148460447
v 0.5773096827534329 0.5170311248013009 -0.5170311248013008
v 0.5735039760584874 0.518307123253049 -0.5183071232530488
v 0.5696889639217559 0.5195626598270549 -0.5195626598270547
v 0.5658647969533853 0.5207976849568846 -0.5207976849568845
v 0.5620316261249395 0.5220121498858608 -0.5220121498858606
v 0.5581896027634394 0.5232060066689873 -0.5232060066689872
v 0.5543388785453887 0.5243792081748427 -0.5243792081748427
v 0.5504796054907859 0.5255317080874407 -0.5255317080874405
v 0.5466119359571231 0.5266634609080575 -0.5266634609080575
v 0.5427360226333712 0.52777442195703 -0.52777442195703
v 0.5388520185339514 0.5288645473755182 -0.5288645473755181
v 0.534960076992695 0.5299337941272372 -0.5299337941272372
v 0.5310603516567901 0.530982120000156 -0.530982120000156
v 0.5271529964807156 0.5320094836081642 -0.5320094836081641
v 0.5232381657201632 0.5330158443927058 -0.5330158443927057
v 0.5193160139259484 0.53400116262438 -0.5340011626243799
v 0.5153866959379079 0.5349653994045104 -0.5349653994045103
v 0.511450366878788 0.5359085166666796 -0.5359085166666795
v 0.5075071821481197 0.5368304771782332 -0.5368304771782331
v 0.5035572974160845 0.5377312445417488 -0.5377312445417487
v 0.4996008686173683 0.5386107831964734 -0.5386107831964733
v 0.49563805194500554 0.5394690584197266 -0.5394690584197265
v 0.4916690038442131 0.5403060363282725 -0.5403060363282723
v 0.4876938810062138 0.5411216838796561 -0.5411216838796561
v 0.4837128403620508 0.541915968873509 -0.5419159688735089
v 0.4797260390763922 0.5426888599528196 -0.5426888599528195
v 0.4757336345413262 0.5434403266051713 -0.5434403266051712
v 0.4717357843701477 0.5441703391639475 -0.5441703391639474
v 0.4677326463911361 0.5448788688095024 -0.5448788688095024
v 0.4637243786413243 0.5455658875702989 -0.5455658875702988
v 0.4597111393602598 0.5462313683240124 -0.5462313683240123
v 0.45569308698375777 0.5468752847986025 -0.5468752847986024
v 0.45167038013764593 0.5474976115733491 -0.547497611573349
v 0.4476431776315025 0.5480983240798568 -0.5480983240798568
v 0.443611638452387 0.5486773986030247 -0.5486773986030246
v 0.4395759217585629 0.5492348122819818 -0.5492348122819817
v 0.43553618687321516 0.5497705431109906 -0.5497705431109905
v 0.4314925932781597 0.5502845699403154 -0.5502845699403153
v 0.42744530060754815 0.550776872477057 -0.550776872477057
v 0.42339446864156494 0.5512474312859544 -0.5512474312859543
v 0.41934025730012 0.5516962277901513 -0.5516962277901513
v 0.41528282663653515 0.5521232442719304 -0.5521232442719303
v 0.41122233683122555 0.5525284638734119 -0.5525284638734118
v 0.40715894818537607 0.5529118705972201 -0.55291187059722
v 0.4030928211146128 0.5532734493071138 -0.5532734493071136
v 0.3990241161426702 0.5536131857285848 -0.5536131857285846
v 0.39495299389505373 0.5539310664494208 -0.5539310664494207
v 0.3908796150926989 0.5542270789202351 -0.5542270789202351
v 0.3868041405456262 0.5545012114549627 -0.5545012114549626
v 0.38272673114659217 0.5547534532313201 -0.55475345323132
v 0.37864754786473853 0.5549837942912339 -0.5549837942912338
v 0.37456675173923626 0.5551922255412337 -0.5551922255412336
v 0.3704845038729292 0.5553787387528103 -0.5553787387528103
v 0.36640096542597306 0.5555433265627419 -0.5555433265627417
v 0.36231629760947365 0.5556859824733832 -0.5556859824733831
v 0.3582306616791222 0.5558067008529233 -0.5558067008529232
v 0.35414421892882963 0.5559054769356071 -0.555905476935607
v 0.35005713068435856 0.5559823068219242 -0.5559823068219242
v 0.3459695582969547 0.5560371874787623 -0.5560371874787622
v 0.34188166313697677 0.5560701167395267 -0.5560701167395267
v 0.337793606587526 0.5560810933042268 -0.5560810933042267
v 0.33370555003807567 0.5560701167395267 -0.5560701167395267
v 0.3296176548780974 0.5560371874787623 -0.5560371874787622
v 0.32553008249069376 0.5559823068219242 -0.5559823068219242
v 0.32144299424622236 0.5559054769356071 -0.555905476935607
v 0.31735655149593006 0.5558067008529233 -0.5558067008529232
v 0.31327091556557835 0.5556859824733832 -0.5556859824733831
v 0.30918624774907916 0.5555433265627419 -0.5555433265627417
v 0.3051027093021227 0.5553787387528103 -0.5553787387528103
v 0.3010204614358159 0.5551922255412337 -0.5551922255412336
v 0.29693966531031396 0.5549837942912339 -0.5549837942912338
v 0.2928604820284599 0.5547534532313201 -0.55475345323132
v 0.28878307262942615 0.5545012114549627 -0.5545012114549626
v 0.2847075980823531 0.5542270789202351 -0.5542270789202351
v 0.28063421927999854 0.5539310664494208 -0.5539310664494207
v 0.27656309703238174 0.5536131857285848 -0.5536131857285846
v 0.2724943920604394 0.5532734493071138 -0.5532734493071136
v 0.26842826498967637 0.5529118705972201 -0.55291187059722
v 0.26436487634382655 0.5525284638734119 -0.5525284638734118
v 0.26030438653851723 0.5521232442719304 -0.5521232442719303
v 0.25624695587493207 0.5516962277901513 -0.5516962277901513
v 0.2521927445334874 0.5512474312859544 -0.5512474312859543
v 0.2481419125675039 0.550776872477057 -0.550776872477057
v 0.24409461989689255 0.5502845699403154 -0.5502845699403153
v 0.24005102630183683 0.5497705431109906 -0.5497705431109905
v 0.23601129141648924 0.5492348122819818 -0.5492348122819817
v 0.23197557472266545 0.5486773986030247 -0.5486773986030246
v 0.22794403554354953 0.5480983240798568 -0.5480983240798568
v 0.22391683303740645 0.5474976115733491 -0.547497611573349
v 0.21989412619129425 0.5468752847986024 -0.5468752847986023
v 0.21587607381479246 0.5462313683240124 -0.5462313683240123
v 0.21186283453372767 0.5455658875702988 -0.5455658875702988
v 0.20785456678391612 0.5448788688095024 -0.5448788688095024
v 0.20385142880490426 0.5441703391639475 -0.5441703391639474
v 0.199853578633726 0.5434403266051712 -0.5434403266051712
v 0.19586117409866022 0.5426888599528196 -0.5426888599528195
v 0.19187437281300126 0.541915968873509 -0.5419159688735089
v 0.18789333216883855 0.5411216838796561 -0.5411216838796561
v 0.18391820933083897 0.5403060363282725 -0.5403060363282723
v 0.17994916123004673 0.5394690584197266 -0.5394690584197265
v 0.17598634455768367 0.5386107831964733 -0.5386107831964732
v 0.1720299157589677 0.5377312445417488 -0.5377312445417487
v 0.16808003102693272 0.5368304771782332 -0.5368304771782331
v 0.16413684629626418 0.5359085166666796 -0.5359085166666795
v 0.16020051723714446 0.5349653994045104 -0.5349653994045103
v 0.15627119924910365 0.53400116262438 -0.5340011626243799
v 0.152349047454889 0.5330158443927058 -0.5330158443927057
v 0.1484342166943364 0.5320094836081642 -0.5320094836081641
v 0.14452686151826213 0.530982120000156 -0.530982120000156
v 0.14062713618235695 0.5299337941272372 -0.5299337941272371
v 0.13673519464110084 0.5288645473755182 -0.5288645473755181
v 0.13285119054168126 0.52777442195703 -0.52777442195703
v 0.12897527721792898 0.5266634609080575 -0.5266634609080574
v 0.12510760768426654 0.5255317080874407 -0.5255317080874405
v 0.12124833462966345 0.5243792081748427 -0.5243792081748427
v 0.11739761041161292 0.5232060066689873 -0.5232060066689872
v 0.11355558705011248 0.5220121498858606 -0.5220121498858605
v 0.10972241622166692 0.5207976849568846 -0.5207976849568845
v 0.10589824925329608 0.5195626598270547 -0.5195626598270547
v 0.1020832371165648 0.5183071232530488 -0.5183071232530488
v 0.09827753042161952 0.517031124801301 -0.5170311248013009
v 0.09448127941124349 0.5157347148460447 -0.5157347148460446
v 0.09069463395492747 0.5144179445673258 -0.5144179445673257
v 0.08691774354294929 0.5130808659489798 -0.5130808659489797
v 0.08315075728047627 0.5117235317765816 -0.5117235317765815
v 0.07939382388167499 0.5103459956353597 -0.5103459956353595
v 0.0756470916638442 0.5089483119080824 -0.5089483119080824
v 0.07191070854155535 0.50753053577291 -0.5075305357729099
v 0.06818482202081744 0.506092723201217 -0.5060927232012169
v 0.06446957919325003 0.5046349309553815 -0.5046349309553814
v 0.06076512673027795 0.5031572165865451 -0.503157216586545
v 0.05707161087734236 0.5016596384323412 -0.5016596384323412
v 0.053389177448123826 0.5001422556145907 -0.5001422556145906
v 0.0497179718187899 0.4986051280369694 -0.49860512803696927
v 0.046058138922251635 0.4970483163826418 -0.49704831638264174
v 0.04240982324244619 0.49547188211186655 -0.4954718821118665
v 0.03877316880862863 0.4938758874595692 -0.49387588745956906
v 0.03514831918969008 0.49226039543288597 -0.4922603954328859
v 0.03153541748848626 0.490625469808676 -0.4906254698086759
v 0.027934606336189605 0.4889711751310031 -0.488971175131003
v 0.024346027886659738 0.487297576708589 -0.4872975767085889
v 0.02076982381082826 0.48560474061223324 -0.4856047406122332
v 0.017206135291109592 0.4838927336722069 -0.48389273367220687
v 0.016735989693926784 0.48365005124307425 -0.48365903574912855
v 0.01626882454342001 0.4834075900904419 -0.48342602346796415
v 0.015804567490243424 0.48316533997032957 -0.48319368215478814
v 0.015343146185051035 0.48292329063875683 -0.48296199713567495
v 0.014884488278496817 0.4826814318517434 -0.4827309537366989
v 0.014428521421234785 0.4824397533653089 -0.4825005372839345
v 0.013975173263918911 0.482198244935473 -0.4822707331034561
v 0.013524371457203211 0.4819568963182553 -0.4820415265213381
v 0.01307604365174166 0.48171569726967545 -0.4818129028636549
v 0.012630117498188268 0.4814746375457531 -0.48158484745648095
v 0.012186520647197016 0.48123370690250794 -0.4813573456258906
v 0.011745180749421902 0.48099289509595955 -0.4811303826979584
v 0.011306025455516932 0.48075219188212764 -0.4809039439987585
v 0.010868982416136081 0.48051158701703184 -0.48067801485436557
v 0.01043397928193336 0.48027107025669175 -0.48045258059085383
v 0.010000943703562748 0.48003063135712704 -0.4802276265342978
v 0.009569803331678253 0.4797902600743574 -0.48000313801077177
v 0.009140485816933856 0.4795499461644024 -0.47977910034635024
v 0.008712918809983565 0.47930967938328173 -0.47955549886710763
v 0.008287029961481358 0.4790694494870151 -0.47933231889911826
v 0.007862746922081247 0.478829246231622 -0.4791095457684566
v 0.007439997342437207 0.4785890593731222 -0.47888716480119703
v 0.007018708873203243 0.4783488786675353 -0.4786651613234139
v 0.006598809165033356 0.47810869387088095 -0.47844352066118173
v 0.006180225868581523 0.4778684947391788 -0.4782222281405749
v 0.005762886634501754 0.4776282710284485 -0.47800126908766777
v 0.005346719113448033 0.4773880124947097 -0.4777806288285347
v 0.004931650956074362 0.47714770889398206 -0.4775602926892502
v 0.004517609813034723 0.4769073499822852 -0.47734024599588865
v 0.0041045233349831225 0.4766669255156387 -0.47712047407452446
v 0.0036923191725735448 0.47642642525006235 -0.47690096225123196
v 0.0032809249764599877 0.4761858389415757 -0.47668169585208564
v 0.002870268397296454 0.4759451563461984 -0.47646266020315986
v 0.002460277085736924 0.4757043672199501 -0.47624384063052905
v 0.0020508786924354023 0.4754634613188505 -0.4760252224602676
v 0.0016420008680458733 0.47522242839891915 -0.47580679101844997
v 0.0012335712632223416 0.4749812582161758 -0.47558853163115045
v 0.0008255175286187915 0.47473994052664004 -0.47537042962444354
v 0.00041776731488922785 0.4744984650863315 -0.4751524703244036
v 1.0248272687629415e-05 0.47425682165126987 -0.4749346390571051
v -0.0003971119473319936 0.47401499997747476 -0.4747169211486224
v -0.0008043856945156555 0.47377298982096583 -0.47449930192502987
v -0.001211645318209367 0.47353078093776274 -0.47428176671240196
v -0.0016189631677591212 0.4732883630838851 -0.47406430083681306
v -0.002026411592510936 0.47304572601535255 -0.4738468896243376
v -0.002434062941810808 0.47280285948818485 -0.47362951840104994
v -0.0028419895650047488 0.4725597532584015 -0.47341217249302453
v -0.0032502638114387575 0.4723163970820222 -0.47319483722633576
v -0.003658958030458849 0.4720727807150666 -0.47297749792705807
v -0.004068144571411033 0.47182889391355437 -0.47276013992126575
v -0.004477895783641298 0.47158472643350513 -0.47254274853503336
v -0.004888284016495663 0.47134026803093854 -0.4723253090944352
v -0.005299381619320126 0.4710955084618742 -0.4721078069255457
v -0.0057112609414607125 0.4708504374823318 -0.4718902273544393
v -0.0061239943322634 0.47060504484833093 -0.47167255570719036
v -0.00653765414107421 0.47035932031589134 -0.4714547773098733
v -0.006952312717239157 0.4701132536410326 -0.4712368774885625
v -0.007368042410104228 0.4698668345797744 -0.4710188415693325
v -0.00778491556901543 0.46962005288813635 -0.4708006548782575
v -0.00820300454331878 0.4693728983221381 -0.47058230274141205
v -0.008622381682360293 0.4691253606377993 -0.4703637704848705
v -0.009043119335485949 0.4688774295911396 -0.47014504343470725
v -0.009465289852041764 0.4686290949381786 -0.4699261069169967
v -0.009888965581373749 0.46838034643493603 -0.46970694625781334
v -0.010314170158684 0.4681311946441903 -0.46948756540837167
v -0.010740732362598832 0.46788173335575506 -0.46926804282044704
v -0.011168432257600695 0.46763207716620286 -0.469048475570955
v -0.011597049908172036 0.4673823406721062 -0.4688289607368111
v -0.012026365378795248 0.4671326384700375 -0.46860959539493074
v -0.012456158733952779 0.4668830851565693 -0.4683904766222295
v -0.012886210038127056 0.4666337953282741 -0.468171701495623
v -0.013316299355800525 0.4663848835817243 -0.46795336709202656
v -0.01374620675145558 0.4661364645134925 -0.46773557048835585
v -0.014175712289574672 0.4658886527201512 -0.4675184087615264
v -0.014604596034640241 0.46564156279827273 -0.4673019789884536
v -0.015032638051134683 0.4653953093444298 -0.4670863782460531
v -0.015459618403540445 0.46515000695519476 -0.46687170361124036
v -0.015885317156339958 0.4649057702271401 -0.4666580521609309
v -0.016309514374015663 0.4646627137568384 -0.46644552097204023
v -0.016731990121049957 0.46442095214086204 -0.4662342071214839
v -0.017152524461925285 0.4641805999757836 -0.4660242076861774
v -0.017570897461124075 0.46394177185817553 -0.4658156197430363
v -0.017986889183128775 0.4637045823846103 -0.4656085403689761
v -0.018400279692421785 0.46346914615166046 -0.46540306664091224
v -0.01881084905348554 0.46323557775589846 -0.46519929563576035
v -0.01921837733080249 0.4630039917938968 -0.46499732443043584
v -0.01962264458885503 0.46277450286222793 -0.46479725010185435
v -0.02002343089212561 0.46254722555746447 -0.4645991697269313
v -0.020420516305096652 0.46232227447617874 -0.4644031803825823
v -0.020813680892250608 0.46209976421494336 -0.4642093791457228
v -0.02120270471806987 0.46187980937033074 -0.46401786309326837
v -0.02158736784703688 0.46166252453891343 -0.4638287293021344
v -0.021967450343634072 0.4614480243172639 -0.46364207484923664
v -0.02234273227234389 0.4612364233019546 -0.46345799681149036
v -0.02271299369764873 0.4610278360895581 -0.46327659226581125
v -0.02307801468403104 0.4608223772766468 -0.4630979582891148
v -0.02343757529597326 0.4606201614597933 -0.46292219195831646
v -0.023791455597957787 0.46042130323556996 -0.4627493903503318
v -0.024139435654467068 0.4602259172005494 -0.4625796505420764
v -0.02448129552998353 0.460034117951304 -0.46241306961046563
v -0.024816815288989616 0.45984602008440634 -0.46224974463241514
v -0.025145774995967735 0.4596617381964288 -0.4620897726848404
v -0.025467954715400316 0.459481386883944 -0.4619332508446569
v -0.0257831345117698 0.4593050807435244 -0.46178027618878026
v -0.026091094449558615 0.4591329343717424 -0.4616309457941259
v -0.02639161459324918 0.4589650623651706 -0.4614853567376093
v -0.026684475007323925 0.45880157932038146 -0.46134360609614616
v -0.026969455756265297 0.4586425998339474 -0.4612057909466518
v -0.027246336904555697 0.45848823850244097 -0.4610720083660419
v -0.027514898516677565 0.4583386099224347 -0.46094235543123185
v -0.027774920657113338 0.458193828690501 -0.4608169292191373
v -0.028026183390345447 0.45805400940321245 -0.46069582680667365
v -0.028268466780856295 0.45791926665714144 -0.4605791452707565
v -0.028501550893128336 0.4577897150488605 -0.4604669816883013
v -0.028725215791643992 0.45766546917494216 -0.46035943313622363
v -0.028939241540885695 0.4575466436319589 -0.4602565966914389
v -0.02914340820533587 0.45743335301648314 -0.46015856943086286
v -0.02933749584947694 0.4573257119250875 -0.4600654484314108
v -0.029521284537791348 0.4572238349543443 -0.4599773307699983
v -0.0296945543347615 0.4571278367008262 -0.459894313523541
v -0.02985708530486985 0.4570378317611056 -0.4598164937689542
v -0.03000865751259881 0.456953934731755 -0.45974396858315364
v -0.030149051022430824 0.45687626020934685 -0.45967683504305473
v -0.030278045898848305 0.45680492279045376 -0.45961519022557296
v -0.03039542220633369 0.4567400370716481 -0.4595591312076239
v -0.0305009600093694 0.45668171764950244 -0.4595087550661231
v -0.030594439372437887 0.4566300791205892 -0.459464158877986
v -0.030675640360021544 0.45658523608148094 -0.45942543972012817
v -0.03074456873692174 0.4565471794263689 -0.4593925879741918
v -0.030802133069215466 0.4565154052399197 -0.4593651672407259
v -0.030849467623298633 0.4564892859044185 -0.459342634425006
v -0.030887706665567154 0.4564681938021507 -0.4593244464323079
v -0.030917984462416944 0.45645150131540163 -0.45931006016790715
v -0.030941435280243908 0.4564385808264566 -0.4592989325370795
v -0.030959193385443964 0.45642880471760094 -0.45929052044510044
v -0.030972393044413023 0.45642154537111995 -0.45928428079724576
v -0.030982168523546995 0.45641617516929894 -0.45927967049879104
v -0.030989654089241793 0.4564120664944233 -0.45927614645501197
v -0.030995984007893333 0.45640859172877823 -0.4592731655711842
v -0.03100229254589752 0.4564051232546491 -0.45927018475258335
v -0.03100971396965027 0.45640103345432126 -0.45926666090448515
v -0.031019382545547498 0.45639569471008007 -0.4592620509321651
v -0.03103243253998511 0.45638847940421073 -0.459255811740899
v -0.031049998219359023 0.4563787599189986 -0.45924740023596244
v -0.031073213850065146 0.45636590863672905 -0.45923627332263106
v -0.03110321369849939 0.45634929793968737 -0.4592218879061805
v -0.031141132031057672 0.4563283002101589 -0.45920370089188645
v -0.031188103114135904 0.45630228783042887 -0.45918116918502455
v -0.03124526121412999 0.4562706331827827 -0.45915374969087047
v -0.03131374059743585 0.4562327086495057 -0.4591208993146998
v -0.0313946755304494 0.4561878866128831 -0.4590820749617882
v -0.03148920027956654 0.45613553945520036 -0.4590367335374114
v -0.03159844911118319 0.4560750395587427 -0.458984331946845
v -0.03172355629169525 0.4560057593057954 -0.4589243270953646
v -0.03186565608749865 0.4559270710786439 -0.458856175888246
v -0.0320258827649893 0.45583834725957345 -0.4587793352307647
v -0.0322053705905631 0.45573896023086935 -0.4586932620281964
v -0.03240525383061597 0.455628282374817 -0.4585974131858167
v -0.03262666675154381 0.4555056860737016 -0.45849124560890137
v -0.032870743619742564 0.4553705437098086 -0.458374216202726
v -0.03313861870160811 0.4552222276654232 -0.4582457818725662
v -0.03343142626353637 0.45506011032283084 -0.45810539952369767
v -0.03375030057192327 0.4548835640643167 -0.4579525260613961
v -0.0340963758931647 0.4546919612721662 -0.457786618390937
v -0.034470786493656584 0.45448467432866463 -0.4576071334175962
v -0.034874666639794834 0.45426107561609735 -0.4574135280466492
v -0.035309150597975375 0.4540205375167496 -0.4572052591833717
v -0.035775372634594085 0.45376243241290676 -0.4569817837330394
v -0.036274467016046905 0.4534861326868541 -0.4567425586009279
v -0.03680756800872973 0.453191010720877 -0.45648704069231283
v -0.037375809879038505 0.4528764388972607 -0.4562146869124699
v -0.037980326893369096 0.4525417895982906 -0.4559249541666748
v -0.03862225331811744 0.45218643520625196 -0.45561729936020307
v -0.03930272341967947 0.45180974810343016 -0.45529117939833036
v -0.04002287146445104 0.4514111006721105 -0.4549460511863324
v -0.0407838317188281 0.4509898652945782 -0.4545813716294848
v -0.04158673844920656 0.45054541435311873 -0.4541965976330633
v -0.04243272592198236 0.4500771202300173 -0.45379118610234337
v -0.043322928403551356 0.4495843553075593 -0.4533645939426008
v -0.04425848016030948 0.44906649196803 -0.4529162780591112
v -0.04524051545865265 0.44852290259371475 -0.45244569535715023
v -0.04627016856497682 0.44795295956689885 -0.45195230274199355
v -0.047348573745677816 0.44735603526986767 -0.4514355571189168
v -0.0484768652671516 0.4467315020849064 -0.4508949153931956
v -0.04965617739579413 0.4460787323943005 -0.4503298344701056
v -0.05088764439800121 0.44539709858033527 -0.44973977125492254
v -0.05217240054016881 0.44468597302529594 -0.449124182652922
v -0.05351158008869285 0.4439447281114679 -0.4484825255693796
v -0.05490631730996928 0.4431727362211364 -0.44781425690957105
v -0.056357746470393905 0.4423693697365869 -0.44711883357877197
v -0.0578670018363627 0.4415340010401046 -0.44639571248225807
v -0.05943521767427164 0.4406660025139748 -0.4456443505253049
v -0.06106300800952265 0.4397647893017282 -0.44486445635021415
v -0.06274890590354247 0.4388299475918763 -0.4440567455473915
v -0.0644909241767639 0.4378611063341761 -0.4432221854442685
v -0.06628707564961982 0.43685789447838436 -0.44236174336827677
v -0.0681353731425429 0.4358199409742581 -0.441476386646848
v -0.07003382947596601 0.4347468747715541 -0.44056708260741373
v -0.07198045747032197 0.43363832482002934 -0.4396347985774056
v -0.07397326994604368 0.4324939200694406 -0.4386805018842552
v -0.07601027972356378 0.4313132894695449 -0.43770515985539427
v -0.07808949962331516 0.43009606197009903 -0.43670973981825434
v -0.08020894246573071 0.4288418665208598 -0.435695209100267
v -0.08236662107124307 0.4275503320715843 -0.4346625350288639
v -0.08456054826028514 0.42622108757202937 -0.43361268493147664
v -0.08678873685328972 0.4248537619719518 -0.4325466261355369
v -0.08904919967068974 0.42344798422110846 -0.4314653259684762
v -0.09133994953291778 0.42200338326925635 -0.4303697517577263
v -0.09365899926040679 0.4205195880661523 -0.4292608708307187
v -0.09600436167358954 0.41899622756155325 -0.42813965051488506
v -0.09837404959289896 0.4174329307052159 -0.42700705813765694
v -0.10076607583876765 0.4158293264468974 -0.42586406102646607
v -0.10317845323162854 0.4141850437363545 -0.424711626508744
v -0.10560919459191451 0.4124997115233441 -0.42355072191192233
v -0.1080563127400582 0.4107729587576231 -0.4223823145634327
v -0.1105178204964925 0.40900441438894836 -0.42120737179070683
v -0.11299173068165022 0.40719370736707683 -0.4200268609211762
v -0.11547605611596429 0.40534046664176526 -0.4188417492822724
v -0.11796880961986728 0.4034443211627707 -0.41765300420142726
v -0.12046800401379215 0.40150489987984994 -0.41646159300607216
v -0.12297165211817165 0.39952183174275996 -0.4152684830236389
v -0.12547776675343877 0.3974947457012575 -0.41407464158155893
v -0.12798436074002603 0.3954232707050996 -0.41288103600726406
v -0.13048944689836642 0.393307035704043 -0.41168863362818575
v -0.13299103804889276 0.3911456696478447 -0.41049840177175567
v -0.13548714701203765 0.38893880148626164 -0.4093113077654055
v -0.13797578660823426 0.3866860601690505 -0.40812831893656676
v -0.1404549696579152 0.3843870746459682 -0.40695040261267107
v -0.14292270898151307 0.382041473866772 -0.4057785261211502
v -0.14537701739946113 0.3796488867812183 -0.40461365678943556
v -0.14781590773219191 0.37720894233906416 -0.4034567619449589
v -0.15023739280013806 0.3747212694900667 -0.4023088089151519
v -0.15263948542373282 0.3721854971839824 -0.401170765027446
v -0.15502019842340856 0.36960125437056857 -0.400043597609273
v -0.1573775446195985 0.36696816999958165 -0.3989282739880643
v -0.1597095368327352 0.36428587302077875 -0.39782576149125165
v -0.1620141878832514 0.361553992383917 -0.39673702744626677
v -0.16428951059158015 0.35877215703875287 -0.3956630391805411
v -0.16653351777815417 0.3559399959350434 -0.3946047640215063
v -0.16874422226340607 0.3530571380225457 -0.39356316929659413
v -0.170919636867769 0.3501232122510162 -0.392539222333236
v -0.1730577744116756 0.34713784757021215 -0.39153389045886366
v -0.1751566477155585 0.34410067292989055 -0.39054814100090873
v -0.17721426959985084 0.3410113172798078 -0.38958294128680276
v -0.17922865288498516 0.33786940956972134 -0.38863925864397747
v -0.18119781039139451 0.3346745787493875 -0.38771806039986434
v -0.18311975493951158 0.3314264537685635 -0.38682031388189503
v -0.184992499349769 0.32812466357700637 -0.3859469864175013
v -0.18681405644259994 0.3247688371244726 -0.3850990453341146
v -0.18858243903843702 0.3213586033607192 -0.38427745795916657
v -0.1902956599577129 0.3178935912355035 -0.383483191620089
v -0.1919517320208607 0.3143734296985817 -0.38271721364431327
v -0.19354866804831306 0.310797747699711 -0.3819804913592711
v -0.19508448086050265 0.3071661741886486 -0.3812739920923942
v -0.1965571832778626 0.3034783381151508 -0.380598683171114
v -0.19796478812082544 0.2997338684289751 -0.3799555319228623
v -0.19930576043599327 0.2959327610592174 -0.37934515503306576
v -0.20058037417464428 0.2920764798523332 -0.37876676661913194
v -0.2017893555142257 0.28816685563411776 -0.3782192301564636
v -0.20293343063218505 0.28420571923036525 -0.3777014091204632
v -0.20401332570596964 0.2801949014668709 -0.37721216698653354
v -0.20502976691302668 0.27613623316942987 -0.37675036723007727
v -0.20598348043080375 0.27203154516383643 -0.37631487332649705
v -0.20687519243674804 0.2678826682758857 -0.37590454875119556
v -0.2077056291083069 0.26369143333137296 -0.3755182569795755
v -0.20847551662292774 0.25945967115609236 -0.37515486148703947
v -0.2091855811580579 0.2551892125758391 -0.37481322574899023
v -0.2098365488911447 0.2508818884164084 -0.3744922132408304
v -0.21042914599963553 0.2465395295035945 -0.3741906874379626
v -0.21096409866097768 0.2421639666631929 -0.3739075118157895
v -0.21144213305261855 0.2377570307209978 -0.37364154984971387
v -0.21186397535200552 0.2333205525028044 -0.3733916650151383
v -0.21223035173658583 0.22885636283440788 -0.37315672078746553
v -0.21254198838380692 0.22436629254160254 -0.3729355806420982
v -0.21279961147111612 0.2198521724501835 -0.3727271080544389
v -0.21300394717596077 0.21531583338594595 -0.3725301664998904
v -0.21315572167578822 0.21075910617468416 -0.3723436194538553
v -0.2132556611480458 0.20618382164219326 -0.3721663303917363
v -0.2133044917701809 0.2015918106142685 -0.37199716278893613
v -0.21330293971964087 0.1969849039167041 -0.37183498012085736
v -0.21325173117387303 0.19236493237529556 -0.37167864586290267
v -0.2131515923103247 0.18773372681583708 -0.37152702349047484
v -0.21300324930644332 0.1830931180641239 -0.3713789764789764
v -0.21280742833967617 0.17844493694595118 -0.3712333683038101
v -0.2125648555874706 0.17379101428711313 -0.37108906244037854
v -0.212276257227274 0.16913318091340498 -0.3709449223640845
v -0.2119423594365337 0.16447326765062195 -0.37079981155033054
v -0.21156388839269702 0.1598131053245582 -0.3706525934745194
v -0.21114157027321134 0.1551545247610089 -0.3705021316120537
v -0.21067613125552404 0.15049935678576937 -0.37034728943833617
v -0.21016829751708238 0.14584943222463367 -0.37018693042876943
v -0.20961879523533383 0.14120658190339747 -0.37001991805875617
v -0.20902835058772562 0.13657263664785485 -0.36984511580369905
v -0.20839768975170514 0.1319494272838011 -0.36966138713900076
v -0.20772753890471982 0.12733878463703144 -0.3694675955400639
v -0.20701862422421688 0.12274253953334 -0.36926260448229126
v -0.20627167188764373 0.11816252279852199 -0.3690452774410854
v -0.20548740807244778 0.11360056525837267 -0.36881447789184907
v -0.2046665589560763 0.1090584977386862 -0.36856906930998484
v -0.2038098507159766 0.10453815106525777 -0.3683079151708955
v -0.20291800952959618 0.10004135606388262 -0.3680298789499836
v -0.2019917615743822 0.09556994356035498 -0.36773382412265193
v -0.20103183302778221 0.0911257443804703 -0.3674186141643031
v -0.2000389500672434 0.08671058935002282 -0.36708311255033976
v -0.19901383887021312 0.08232630929480778 -0.36672618275616453
v -0.1979572256141389 0.07797473504062033 -0.36634668825718025
v -0.19686983647646786 0.07365769741325473 -0.36594349252878944
v -0.19575239763464747 0.06937702723850614 -0.3655154590463948
v -0.19460563526612515 0.06513455534216978 -0.3650614512853991
v -0.19343027554834807 0.060932112550039795 -0.3645803327212048
v -0.19222704465876367 0.056771529687911514 -0.36407096682921475
v -0.19099666877481938 0.05265463758158003 -0.36353221708483163
v -0.1897398740739624 0.048583267056839595 -0.362962946963458
v -0.18845738673364024 0.04455924893948573 -0.36236201994049655
v -0.18714993293130008 0.04058441405531262 -0.36172829949135
v -0.18581823884438933 0.03666059323011552 -0.36106064909142094
v -0.18446303065035546 0.03278961728968962 -0.3603579322161122
v -0.18308503452664562 0.02897331705982905 -0.3596190123408262
v -0.18168497665070726 0.02521352336632906 -0.35884275294096585
v -0.1802635831999878 0.021512067034984893 -0.3580280174919337
v -0.17882153461556058 0.017870414206299444 -0.3571739984151271
v -0.17735932839300347 0.014288572279611845 -0.3562812039159223
v -0.1758774162915206 0.010766183968969754 -0.35535047114569007
v -0.1743762500703157 0.007302891988420083 -0.3543826372558012
v -0.172856281488593 0.003898339052010824 -0.35337853939762676
v -0.1713179623055562 0.0005521678737888983 -0.35233901472253737
v -0.16976174428040944 -0.0027359788321979703 -0.35126490038190394
v -0.16818807917235673 -0.005966458351902078 -0.3501570335270974
v -0.16659741874060188 -0.009139627971276477 -0.3490162513094885
v -0.16499021474434897 -0.01225584497627346 -0.34784339088044813
v -0.16336691894280206 -0.015315466652845333 -0.3466392893913472
v -0.1617279830951649 -0.018318850286945118 -0.3454047839935564
v -0.16007385896064158 -0.02126635316452513 -0.34414071183844674
v -0.15840499829843618 -0.024158332571537676 -0.342847910077389
v -0.15672185286775245 -0.026995145793935756 -0.34152721586175405
v -0.1550248744277946 -0.02977715011767149 -0.3401794663429128
v -0.15331451473776636 -0.03250470282869784 -0.33880549867223586
v -0.15159122555687182 -0.03517816121296714 -0.3374061500010943
v -0.14985545864431507 -0.03779788255643173 -0.33598225748085897
v -0.14810766575929984 -0.04036422414504458 -0.3345346582629006
v -0.14634829866103022 -0.04287754326475801 -0.33306418949859007
v -0.14457780910871032 -0.04533819720152438 -0.3315716883392984
v -0.14279664886154386 -0.047746543241296624 -0.3300579919363961
v -0.14100526967873492 -0.05010293867002711 -0.3285239374412543
v -0.13920412331948762 -0.05240774077366817 -0.3269703620052439
v -0.13739366154300564 -0.05466130683817274 -0.3253981027797354
v -0.13557433610849326 -0.05686399414949298 -0.32380799691610007
v -0.13374659877515416 -0.05901615999358183 -0.3222008815657084
v -0.13191090130219246 -0.06111816165639162 -0.3205775938799314
v -0.13006769544881225 -0.06317035642387477 -0.31893897101014
v -0.12821743297421723 -0.0651731015819841 -0.3172858501077049
v -0.12636056563761153 -0.06712675441667205 -0.31561906832399694
v -0.12449754519819925 -0.06903167221389096 -0.3139394628103872
v -0.12262882341518407 -0.07088821225959373 -0.3122478707182462
v -0.1207548520477701 -0.07269673183973273 -0.310545129198945
v -0.11887608285516149 -0.07445758824026037 -0.3088320754038545
v -0.11699296759656189 -0.07617113874712948 -0.30710954648434535
v -0.11510595803117557 -0.0778377406462923 -0.3053783795917886
v -0.11321550591820621 -0.0794577512237017 -0.3036394118775549
v -0.11132206301685794 -0.08103152776531002 -0.3018934804930152
v -0.10942608108633488 -0.08255942755706976 -0.3001414225895404
v -0.10752801188584067 -0.08404180788493366 -0.29838407531850125
v -0.10562830717457948 -0.08547902603485417 -0.29662227583126866
v -0.1037274187117554 -0.08687143929278372 -0.2948568612792135
v -0.1018257982565721 -0.08821940494467505 -0.29308866881370654
v -0.09992389756823374 -0.08952328027648064 -0.29131853558611864
v -0.0980221684059444 -0.09078342257415291 -0.2895472987478208
v -0.09612106252890774 -0.09200018912364459 -0.28777579545018367
v -0.0942210316963281 -0.0931739372109081 -0.28600486284457827
v -0.09232252766740909 -0.09430502412189608 -0.2842353380823752
v -0.09042600220135485 -0.09539380714256103 -0.28246805831494554
v -0.08853190705736952 -0.09644064355885541 -0.28070386069366016
v -0.08664069399465675 -0.09744589065673194 -0.2789435823698897
v -0.08475281477242065 -0.09840990572214307 -0.2771880604950051
v -0.08286872114986538 -0.09933304604104128 -0.2754381322203774
v -0.08098886488619458 -0.10021566889937926 -0.2736946346973771
v -0.0791136977406124 -0.10105813158310949 -0.27195840507737523
v -0.07724367147232292 -0.10186079137818445 -0.2702302805117428
v -0.07537923784052987 -0.10262400557055677 -0.26851109815185037
v -0.07352084860443746 -0.10334813144617895 -0.26680169514906904
v -0.07166895552324941 -0.10403352629100361 -0.26510290865476943
v -0.0698240103561698 -0.10468054739098324 -0.2634155758203225
v -0.06798646486240278 -0.10528955203207034 -0.26174053379709916
v -0.06615677080115204 -0.10586089750021756 -0.2600786197364701
v -0.06433530269344652 -0.10639496085619818 -0.2584305016222251
v -0.06252212610761446 -0.10689219826006913 -0.25679617076782907
v -0.060717229373808586 -0.10735308564670812 -0.25517544931916547
v -0.05892060082218199 -0.10777809895099283 -0.2535681594221181
v -0.057132228782887796 -0.1081677141078009 -0.2519741232225707
v -0.05535210158607867 -0.10852240705201013 -0.25039316286640667
v -0.053580207561907886 -0.10884265371849813 -0.24882510049951004
v -0.05181653504052811 -0.10912893004214266 -0.2472697582677641
v -0.050061072352092464 -0.10938171195782138 -0.24572695831705268
v -0.048313807826754054 -0.109601475400412 -0.24419652279325957
v -0.046574729794665565 -0.10978869630479224 -0.2426782738422682
v -0.0448438265859801 -0.10994385060583978 -0.2411720336099623
v -0.04312108653085078 -0.11006741423843229 -0.23967762424222572
v -0.041406497959430286 -0.11015986313744754 -0.23819486788494182
v -0.03970004920187173 -0.11022167323776316 -0.23672358668399446
v -0.03800172858832822 -0.11025332047425689 -0.2352636027852673
v -0.036311524448952436 -0.11025528078180642 -0.23381473833464392
v -0.03462942511389763 -0.11022803009528945 -0.2323768154780081
v -0.032955418913316506 -0.11017204434958366 -0.2309496563612433
v -0.031289494177362154 -0.11008779947956678 -0.2295330831302333
v -0.029631639236187682 -0.10997577142011648 -0.22812691793086187
v -0.027981842419945793 -0.10983643610611049 -0.22673098290901247
v -0.026340092058789587 -0.10967026947242647 -0.22534510021056886
v -0.02470637648287216 -0.10947774745394218 -0.2239690919814148
v -0.023080684022346226 -0.10925934598553524 -0.22260278036743375
v -0.021463003007364874 -0.1090155410020834 -0.22124598751450947
v -0.01985332176808121 -0.10874680843846438 -0.21989853556852576
v -0.018251628634647937 -0.1084536242295558 -0.21856024667536603
v -0.016657911937218287 -0.10813646431023545 -0.21723094298091417
v -0.015072160005944982 -0.10779580461538096 -0.2159104466310536
v -0.013494361170981094 -0.10743212107987006 -0.21459857977166813
v -0.011924503762479735 -0.10704588963858046 -0.21329516454864153
v -0.010362576110593616 -0.10663758622638983 -0.21200002310785723
v -0.00880856654547584 -0.10620768677817587 -0.210712977595199
v -0.007262463397279469 -0.10575666722881633 -0.2094338501565506
v -0.005724254996157265 -0.10528500351318883 -0.2081624629377955
v -0.0041939296722623065 -0.10479317156617111 -0.20689863808481748
v -0.002671475755747664 -0.10428164732264092 -0.20564219774350026
v -0.0011568815767660768 -0.10375090671747586 -0.20439296405972732
v 0.00034986453452924684 -0.10320142568555372 -0.20315075917938252
v 0.0018487742479855753 -0.10263368016175212 -0.20191540524834936
v 0.003339859233449803 -0.1020481460809488 -0.20068672441251154
v 0.004823131160768894 -0.10144529937802149 -0.19946453881775286
v 0.006298601699790062 -0.10082561598784781 -0.19824867060995677
v 0.007766282520360256 -0.1001895718453055 -0.19703894193500704
v 0.009226185292326371 -0.09953764288527231 -0.19583517493878744
v 0.01067832168553569 -0.09887030504262585 -0.1946371917671814
v 0.012122703369835093 -0.09818803425224386 -0.1934448145660727
v 0.013559342015071545 -0.09749130644900408 -0.1922578654813451
v 0.014988249291092272 -0.09678059756778414 -0.1910761666588821
v 0.0164094368677441 -0.09605638354346181 -0.1898995402445675
v 0.01782291641487427 -0.0953191403109147 -0.1887278083842848
v 0.019228699602329705 -0.09456934380502055 -0.18756079322391775
v 0.020626798099957325 -0.09380746996065711 -0.1863983169093501
v 0.022017223577604387 -0.09303399471270199 -0.18524020158646537
v 0.023399987705117798 -0.09224939399603294 -0.18408626940114725
v 0.024775102152344523 -0.0914541437455277 -0.18293634249927954
v 0.02614257858913176 -0.09064871989606386 -0.18179024302674568
v 0.02750242868532646 -0.0898335983825192 -0.18064779312942944
v 0.02885466411077552 -0.08900925513977145 -0.1795088149532146
v 0.03019929653532623 -0.08817616610269821 -0.17837313064398463
v 0.03153633762882538 -0.08733480720617727 -0.1772405623476233
v 0.03286579906112022 -0.08648565438508624 -0.17611093221001423
v 0.034187692502057665 -0.08562918357430285 -0.17498406237704106
v 0.03550193464621226 -0.08476576452316502 -0.17385977277054898
v 0.03680806228706909 -0.0838953422388508 -0.17273787441622854
v 0.0381055172428406 -0.08301775554299859 -0.17161817611573188
v 0.03939374133173918 -0.08213284325724682 -0.17050048667071124
v 0.04067217637197755 -0.08124044420323366 -0.16938461488281853
v 0.04194026418176812 -0.08034039720259753 -0.16827036955370595
v 0.0431974465793233 -0.07943254107697684 -0.16715755948502564
v 0.0444431653828558 -0.07851671464800976 -0.16604599347842963
v 0.04567686241057793 -0.07759275673733478 -0.16493548033557012
v 0.04689797948070241 -0.07666050616659008 -0.16382582885809907
v 0.048105958411441635 -0.07571980175741408 -0.16271684784766866
v 0.04930024102100803 -0.07477048233144519 -0.1616083461059311
v 0.050480269127614295 -0.07381238671032157 -0.1605001324345383
v 0.051645484549472855 -0.07284535371568165 -0.1593920156351425
v 0.05279532910479611 -0.07186922216916385 -0.15828380450939583
v 0.05392924461179676 -0.07088383089240631 -0.15717530785895023
v 0.05504667288868723 -0.06988901870704747 -0.15606633448545792
v 0.056147055753679946 -0.06888462443472576 -0.1549566931905711
v 0.05722983502498758 -0.06787048689707932 -0.15384619277594166
v 0.058294452520822486 -0.06684644491574666 -0.1527346420432219
v 0.05934035005939733 -0.06581233731236595 -0.15162184979406376
v 0.06036696945892455 -0.06476800290857561 -0.15050762483011942
v 0.061373752537616566 -0.06371328052601404 -0.1493917759530411
v 0.06236014111368606 -0.0626480089863194 -0.14827411196448068
v 0.06332557700534544 -0.06157202711113015 -0.14715444166609037
v 0.06426950203080718 -0.06048517372208468 -0.14603257385952237
v 0.0651913580082839 -0.05938728764082115 -0.14490831734642862
v 0.06609058675598807 -0.05827820768897799 -0.14378148092846132
v 0.06696663009213212 -0.05715777268819363 -0.14265187340727262
v 0.06781892983492871 -0.0560258214601062 -0.1415193035845145
v 0.06864692780259017 -0.05488219282635423 -0.1403835802618392
v 0.06945006581332919 -0.05372672560857587 -0.13924451224089868
v 0.07022778568535819 -0.05255925862840955 -0.1381019083233451
v 0.07097952923688963 -0.05137963070749369 -0.1369555773108307
v 0.07170473828613613 -0.050187680667466435 -0.13580532800500733
v 0.07240285465131018 -0.04898324732996622 -0.13465096920752728
v 0.07307332015062418 -0.047766169516631464 -0.13349230972004267
v 0.07371557660229078 -0.046536286049100324 -0.13232915834420547
v 0.07432906582452245 -0.045293435749011214 -0.13116132388166785
v 0.07491322963553161 -0.04403745743800258 -0.12998861513408203
v 0.0754675098535309 -0.042768189937712545 -0.1288108409030999
v 0.07599134829673275 -0.04148547206977965 -0.12762780999037376
v 0.07648418678334971 -0.04018914265584203 -0.12643933119755557
v 0.07694546713159431 -0.03887904051753811 -0.12524521332629746
v 0.07737463115967896 -0.03755500447650634 -0.12404526517825168
v 0.07777112068581629 -0.03621687335438483 -0.12283929555507012
v 0.07813437752821875 -0.034864485972812026 -0.12162711325840499
v 0.07846384350509883 -0.03349768115342638 -0.12040852708990848
v 0.07875896043466911 -0.03211629771786599 -0.11918334585123253
v 0.07901917013514205 -0.030720174487769324 -0.11795137834402931
v 0.07924391442473015 -0.029309150284774797 -0.11671243336995105
v 0.07943263512164597 -0.027883063930520532 -0.11546631973064964
v 0.07958477404410197 -0.026441754246645088 -0.11421284622777739
v 0.0796997730103107 -0.024985060054786585 -0.1129518216629862
v 0.07977707383848465 -0.02351282017658345 -0.11168305483792827
v 0.07981611834683633 -0.022024873433674135 -0.11040635455425582
v 0.07981634835357827 -0.02052105864769675 -0.10912152961362076
v 0.07977720567692295 -0.01900121464028975 -0.10782838881767527
v 0.07969813213508292 -0.017465180233091567 -0.10652674096807158
v 0.07957856954627066 -0.01591279424774032 -0.10521639486646157
v 0.07941795972869867 -0.014343895505874445 -0.10389715931449747
v 0.0792157445005795 -0.012758322829132415 -0.10256884311383146
v 0.07897136568012564 -0.011155915039152305 -0.10123125506611548
v 0.07868426508554957 -0.009536510957572571 -0.0998842039730017
v 0.07835409088677034 -0.007900197500166559 -0.09852755493892561
v 0.07798131666053265 -0.006248053959246799 -0.09716139827945536
v 0.0775666223352878 -0.004581407721261208 -0.09578588061294278
v 0.07711068783948698 -0.0029015861726571857 -0.0944011485577393
v 0.07661419310158145 -0.001209916699882526 -0.09300734873219667
v 0.07607781805002249 0.0004922733106149789 -0.0916046277546666
v 0.07550224261326127 0.0022036564723879304 -0.09019313224350052
v 0.07488814671974908 0.003922905398988533 -0.08877300881705016
v 0.07423621029793719 0.005648692703968993 -0.08734440409366727
v 0.07354711327627675 0.007379691000881915 -0.08590746469170325
v 0.07282153558321906 0.009114572903279503 -0.08446233722950984
v 0.0720601571472154 0.010852011024713957 -0.08300916832543878
v 0.07126365789671693 0.012590677978737889 -0.08154810459784148
v 0.07043271776017497 0.014329246378903366 -0.0800792926650698
v 0.06956801666604066 0.016066388838763 -0.07860287914547512
v 0.0686702345427653 0.017800777971868985 -0.07711901065740921
v 0.0677400513188002 0.019531086391773526 -0.0756278338192238
v 0.06677814692259645 0.021255986712029235 -0.07412949524927029
v 0.06578520128260539 0.022974151546188308 -0.07262414156590041
v 0.0647618943272783 0.024684253507802963 -0.07111191938746594
v 0.0637089059850663 0.02638496521042579 -0.06959297533231826
v 0.06262691618442069 0.028074959267609 -0.06806745601880909
v 0.06151660485379282 0.029752908292904806 -0.06653550806529024
v 0.060378651921633726 0.03141748489986579 -0.06499727809011303
v 0.059213737316394836 0.03306736170204405 -0.06345291271162937
v 0.05802254096652723 0.03470121131299217 -0.06190255854819065
v 0.056805742800482215 0.036317706346262364 -0.0603463622181486
v 0.05556402274671114 0.037915519415406836 -0.058784470339854976
v 0.05429806073366506 0.039493323133978187 -0.05721702953166117
v 0.0530085366897953 0.041049790115528624 -0.05564418641191894
v 0.0516961305435532 0.04258359297361036 -0.054066087598980024
v 0.05036152222338982 0.044093404321775984 -0.052482879711195814
v 0.04900539165775648 0.045577896773577695 -0.05089470936691806
v 0.047628418775104535 0.047035742942567745 -0.04930172318449852
v 0.04623128350388502 0.04846561544229867 -0.047704067782288556
v 0.04481466577254938 0.049866186886322605 -0.04610188977864007
v 0.04337924550954865 0.051236129888192095 -0.04449533579190443
v 0.04192570264333417 0.05257411706145938 -0.042884552440433384
v 0.040454717102357304 0.053878821019676684 -0.041269686342578694
v 0.03896696881506906 0.055148914376396574 -0.03965088411669175
v 0.037463137709920796 0.05638306974517124 -0.03802829238112429
v 0.035943903715363865 0.05757995973955296 -0.03640205775422807
v 0.03440994675984927 0.05873825697309426 -0.03477232685435448
v 0.03286194677182839 0.059856634059347366 -0.03313924629985526
v 0.03130058367975256 0.06093376361186455 -0.03150296270908218
v 0.029726537412072797 0.061968318244198295 -0.029863622700386616
v 0.028140487897240593 0.0629589705699008 -0.02822137289212044
v 0.02654311506370692 0.06390439320252456 -0.026576359902635016
v 0.02493509883992317 0.06480325875562182 -0.024928730350282133
v 0.023317119154340676 0.06565423984274485 -0.023278630853413515
v 0.02168985593541046 0.06645600907744614 -0.021626208030380567
v 0.02005398911158387 0.06720723907327794 -0.019971608499535026
v 0.018410198611312274 0.06790660244379254 -0.018314978879228658
v 0.01675916436304667 0.06855277180254238 -0.016656465787812824
v 0.015101566295238423 0.06914441976307978 -0.014996215843639277
v 0.013438084336338899 0.06968021893895698 -0.013334375665059808
v 0.011769398414799065 0.07015884194372643 -0.011671091870425768
v 0.010096188459070463 0.07057896139094041 -0.010006511078089031
v 0.00841913439760405 0.07093924989415129 -0.008340779906400989
v 0.006738916158851175 0.07123838006691141 -0.006674044973713392
v 0.005056213671263252 0.07147502452277307 -0.005006452898377992
v 0.003371706863291241 0.07164785587528863 -0.0033381502987461786
v 0.0016860756633865165 0.07175554673801043 -0.001669283793169704
v 4.2512620265765544e-16 0.07179676972449081 -2.914335439641036e-16
v -0.0016858429228977217 0.07177063828231213 0.0016695516244955599
v -0.003370786799265324 0.07167802919517685 0.0033392102723908777
v -0.005054168047541537 0.0715202600808175 0.005008812297843675
v -0.006735323086165291 0.07129864855696659 0.006678194055011725
v -0.008413588333576298 0.07101451224135658 0.008347191898053588
v -0.010088300208213488 0.07066916875171998 0.010015642181127035
v -0.011758795128515784 0.07026393570578937 0.011683381258389846
v -0.013424409512922904 0.06980013072129712 0.013350245484000576
v -0.015084479779873771 0.0692790714159758 0.015016071212116995
v -0.016738342347807574 0.0687020754075579 0.01668069479689714
v -0.01838533363516351 0.06807046031377594 0.018343952592499057
v -0.020024790060380757 0.06738554375236239 0.020005680953080775
v -0.021656048041898513 0.06664864334104978 0.021665716232800322
v -0.023278443998155963 0.0658610766975706 0.023323894785815747
v -0.024891314347592047 0.06502416143965749 0.024980052966284815
v -0.02649399550864646 0.06413921518504269 0.02663402712836609
v -0.028085823899758135 0.06320755555145884 0.02828565362621734
v -0.029666135939366015 0.06223050015663858 0.029934768813996343
v -0.031234268045909792 0.0612093666183141 0.03158120904586166
v -0.03278955663782839 0.06014547255421807 0.03322481067597106
v -0.03433133813356102 0.05904013558208299 0.03486541005848258
v -0.03585894895154686 0.057894673319641356 0.03650284354755426
v -0.0373717255102251 0.05671040338462567 0.03813694749734413
v -0.038869004228034916 0.05548864339476844 0.03976755826201022
v -0.04035012152341553 0.05423071096780215 0.04139451219571058
v -0.04181441381480587 0.052937923721459536 0.04301764565260299
v -0.0432612175206456 0.05161159927347267 0.04463679498684599
v -0.04468986905937369 0.05025305524157426 0.046251796552597355
v -0.04609970484942909 0.04886360924349702 0.04786248670401488
v -0.04749006130925143 0.047444578896973046 0.049468701795257086
v -0.04886027485727969 0.04599728181973503 0.05107027818048178
v -0.050209681911953054 0.04452303562951548 0.05266705221384699
v -0.05153761889171071 0.043023157944046896 0.05425886024951073
v -0.05284342221499186 0.04149896638106178 0.055845538641631075
v -0.05412642830023567 0.039951778558292635 0.05742692374436603
v -0.055385973565881354 0.038382912093471964 0.05900285191187365
v -0.056621394430367886 0.03679368460433251 0.06057315949831171
v -0.05783202731213486 0.0351854137086063 0.062137682857838744
v -0.05901720862962126 0.033559417024026046 0.06369625834461254
v -0.060176274801266104 0.03191701216832456 0.06524872231279087
v -0.06130856224550894 0.03025951675923378 0.06679491111653231
v -0.06241340738078878 0.028588248414486477 0.06833466110999462
v -0.06349014662554481 0.02690452475181518 0.06986780864733581
v -0.0645381163982162 0.025209663388952357 0.07139419008271396
v -0.06555665311724217 0.023504981943630522 0.07291364177028709
v -0.0665450932010619 0.021791798033582187 0.07442600006421322
v -0.06750277306811456 0.020071429276539828 0.07593110131865038
v -0.06842902913683922 0.018345193290236247 0.07742878188775643
v -0.06932319782567535 0.016614407692403403 0.07891887812568982
v -0.07018461555306199 0.014880390100774037 0.08040122638660835
v -0.07101261873743821 0.013144458133080955 0.08187566302466985
v -0.07180654379724345 0.011407929407056096 0.08334202439403281
v -0.07256572715091678 0.009672121540432241 0.08480014684885503
v -0.07328950521689738 0.007938352150941902 0.08624986674329455
v -0.07397721441362443 0.006207938856317563 0.08769102043150939
v -0.07462819115953713 0.00448219927429173 0.08912344426765761
v -0.07524177187307468 0.002762451022596905 0.09054697460589724
v -0.07581729297267625 0.0010500117189655943 0.09196144780038631
v -0.07635409087678097 -0.00065380101886942 0.09336670020528262
v -0.07685150200382816 -0.002347669573176202 0.09476256817474467
v -0.07730886277225696 -0.00403027632622197 0.09614888806293027
v -0.07772550960050649 -0.005700303660273955 0.09752549622399724
v -0.07810077890701604 -0.00735643395760018 0.09889222901210405
v -0.07843400711022479 -0.008997349600467875 0.10024892278140848
v -0.07872473080570568 -0.010621975561175272 0.10159547556930937
v -0.07897328729756678 -0.012230207172143698 0.10293203214616853
v -0.07918021406704999 -0.013822182355825144 0.10425879896558853
v -0.07934604859539719 -0.015398039034671636 0.10557598248117192
v -0.07947132836385028 -0.016957915131135193 0.10688378914652129
v -0.0795565908536511 -0.0185019485676676 0.108182425415239
v -0.07960237354604158 -0.020030277266721363 0.10947209774092803
v -0.07960921392226356 -0.021543039150748265 0.11075301257719075
v -0.07957764946355893 -0.023040372142200092 0.11202537637762952
v -0.07950821765116957 -0.02452241416352934 0.11328939559584733
v -0.07940145596633737 -0.02598930313718779 0.11454527668544655
v -0.0792579018903042 -0.027441176985627477 0.11579322610002973
v -0.07907809290431192 -0.028878173631300404 0.11703345029319945
v -0.07886256648960245 -0.030300430996658616 0.1182661557185583
v -0.07861186012741764 -0.031708087004154124 0.11949154882970882
v -0.07832651129899937 -0.03310127957623896 0.12070983608025361
v -0.07800705748558957 -0.03448014663536492 0.12192122392379504
v -0.07765403616843004 -0.035844826103984456 0.12312591881393603
v -0.07726798482876271 -0.03719545590454939 0.12432412720427902
v -0.07684944094782949 -0.03853217395951153 0.12551605554842635
v -0.07639894200687215 -0.03985511819132332 0.12670191029998099
v -0.07591702548713265 -0.04116442652243657 0.1278818979125453
v -0.07540422886985285 -0.0424602368753033 0.1290562248397219
v -0.07486108963627462 -0.04374268717237553 0.1302250975351133
v -0.07428814526763987 -0.04501191533610531 0.13138872245232208
v -0.07368593324519045 -0.046268059288944625 0.13254730604495085
v -0.07305499105016824 -0.04751125695334552 0.13370105476660216
v -0.07239585616381526 -0.04874164625175982 0.1348501750708784
v -0.07170906606737315 -0.04995936510663994 0.1359948734113825
v -0.0709951582420839 -0.05116455144043771 0.13713535624171685
v -0.0702546701691895 -0.052357343175604955 0.13827183001548388
v -0.06948813932993161 -0.053537878234594084 0.13940450118628644
v -0.06869610320555222 -0.054706294539856926 0.14053357620772697
v -0.0678790992772932 -0.0558627300138455 0.14165926153340805
v -0.06703766502639645 -0.05700732257901184 0.14278176361693223
v -0.06617233793410383 -0.05814021015780796 0.1439012889119021
v -0.06528365548165722 -0.05926153067268589 0.14501804387192022
v -0.06437215515029852 -0.06037142204609765 0.14613223495058916
v -0.06343837442126973 -0.06147002220049509 0.14724406860151132
v -0.06248285077581244 -0.06255746905833057 0.14835375127828962
v -0.061506121695168704 -0.06363390054205596 0.14946148943452645
v -0.060508724660580535 -0.06469945457412311 0.15056748952382423
v -0.0594911971532895 -0.06575426907698437 0.15167195799978583
v -0.05845407665453763 -0.0667984819730916 0.1527751013160137
v -0.05739790064556683 -0.06783223118489681 0.15387712592611041
v -0.05632320660761896 -0.06885565463485208 0.1549782382836785
v -0.05523053202193589 -0.06986889024540935 0.15607864484232054
v -0.05412041436975951 -0.07087207593902069 0.1571785520556391
v -0.0529933911323317 -0.0718653496381381 0.1582781663772368
v -0.05184999979089453 -0.07284884926521348 0.15937769426071596
v -0.05069077782668951 -0.07382271274269914 0.16047734215967957
v -0.049516262720958694 -0.07478707799304696 0.16157731652773
v -0.048326991954944144 -0.0757420829387088 0.16267782381846965
v -0.047123503009887394 -0.07668786550213699 0.16377907048550144
v -0.04590633336703048 -0.0776245636057834 0.16488126298242772
v -0.044676020507615294 -0.07855231517210005 0.16598460776285112
v -0.04343310191288372 -0.07947125812353899 0.16708931128037421
v -0.04217811506407763 -0.0803815303825522 0.16819557998859955
v -0.0409115974424389 -0.08128326987159175 0.1693036203411297
v -0.03963408652920941 -0.08217661451310963 0.17041363879156723
v -0.038346119805631254 -0.08306170222955774 0.17152584179351454
v -0.0370482347529459 -0.08393867094338836 0.17264043580057456
v -0.03574096885239542 -0.08480765857705337 0.1737576272663497
v -0.03442485958522192 -0.08566880305300471 0.17487762264444232
v -0.03310035668108366 -0.08652214561311591 0.1760006222490852
v -0.031767558863306476 -0.08736734077694548 0.17712680183703006
v -0.030426477103632898 -0.08820394638347329 0.17825633102565863
v -0.029077122373805393 -0.0890315202716792 0.17938937943235267
v -0.02771950564556645 -0.08984962028054312 0.18052611667449386
v -0.026353637890658536 -0.09065780424904493 0.18166671236946397
v -0.024979530080824142 -0.09145563001616452 0.1828113361346447
v -0.02359719318780595 -0.09224265542088166 0.18396015758741763
v -0.022206638183346016 -0.09301843830217647 0.18511334634516483
v -0.020807876039187035 -0.09378253649902872 0.18627107202526788
v -0.019400917727071695 -0.0945345078504182 0.1874335042451083
v -0.017985774218742045 -0.095273910195325 0.1886008126220682
v -0.01656245648594078 -0.0960003013727289 0.18977316677352915
v -0.01513097550041038 -0.0967132392216098 0.19095073631687284
v -0.013691342233893318 -0.09741228158094759 0.19213369086948104
v -0.012243567658132079 -0.09809698628972213 0.19332220004873546
v -0.010787662744869137 -0.09876691118691333 0.19451643347201786
v -0.009323638465846976 -0.09942161411150106 0.19571656075670993
v -0.007851505792808298 -0.10006065290246513 0.19692275152019323
v -0.0063712756974951285 -0.10068358539878562 0.1981351753798499
v -0.004882959151650169 -0.10128996943944232 0.19935400195306144
v -0.0033865671270161394 -0.10187936286341501 0.2005794008572094
v -0.0018821105953350432 -0.10245132350968378 0.2018115417096759
v -0.00036960052834959664 -0.10300540921722842 0.20305059412784254
v 0.0011509521021977136 -0.10354117782502881 0.20429672772909097
v 0.0026795363245644284 -0.10405818717206484 0.20555011213080293
v 0.004216141167008061 -0.1045559950973164 0.2068109169503602
v 0.0057607556577861175 -0.10503415943976338 0.20807931180514447
v 0.007313368825156139 -0.10549223803838566 0.20935546631253749
v 0.008873969697375405 -0.10592978873216306 0.2106395500899208
v 0.010442547302701909 -0.10634636936007563 0.2119317327546765
v 0.012019090669392926 -0.10674153776110315 0.21323218392418614
v 0.013603588825705747 -0.10711485177422547 0.21454107321583127
v 0.015196030799898383 -0.10746586923842259 0.215858570246994
v 0.01679640562022809 -0.10779414799267435 0.21718484463505588
v 0.018404702314952427 -0.10809924587596062 0.21852006599739865
v 0.020020909912328883 -0.10838072072726129 0.21986440395140402
v 0.021645017440615 -0.10863813038555625 0.22121802811445374
v 0.023277013928068267 -0.1088710326898254 0.22258110810392948
v 0.02491688840294625 -0.10907898547904862 0.22395381353721305
v 0.026564629893506185 -0.10926154659220576 0.22533631403168594
v 0.028220227428006103 -0.10941827386827678 0.22672877920473034
v 0.029883670034703283 -0.10954872514624152 0.22813137867372768
v 0.031554946741854994 -0.10965245826507987 0.2295442820560596
v 0.033234046577719265 -0.10972903106377174 0.23096765896910815
v 0.03492095857055334 -0.109778001381297 0.2324016790302549
v 0.03661567174861477 -0.10979892705663555 0.2338465118568816
v 0.03831817514016107 -0.10979136592876725 0.23530232706636994
v 0.04002845777344975 -0.10975487583667201 0.23676929427610172
v 0.04174650867673835 -0.10968901461932973 0.23824758310345856
v 0.04347231687828437 -0.10959334011572025 0.2397373631658223
v 0.04520587140634508 -0.10946741016482353 0.2412388040805744
v 0.0469471612891785 -0.10931078260561938 0.24275207546509703
v 0.04869617555504195 -0.10912301527708775 0.24427734693677172
v 0.050452903232192634 -0.10890366601820853 0.24581478811297997
v 0.05221733334888862 -0.10865229266796152 0.24736456861110398
v 0.053989454933387165 -0.10836845306532669 0.2489268580485252
v 0.05576925701394579 -0.1080517050492839 0.25050182604262544
v 0.05755672861882201 -0.10770160645881303 0.25208964221078645
v 0.05935185877627337 -0.107317715132894 0.2536904761703898
v 0.06115463651455737 -0.10689958891050665 0.2553044975388174
v 0.06296505086193152 -0.10644678563063088 0.2569318759334509
v 0.06478309084665308 -0.1059588631322467 0.2585727809716718
v 0.06660874549698015 -0.1054353792543338 0.2602273822708623
v 0.06844193307565868 -0.10487589921601437 0.26189568086078535
v 0.07028228878338966 -0.10428001775697943 0.2635770034207294
v 0.07212937705536368 -0.10364733699706194 0.2652705080423654
v 0.07398276232677045 -0.10297745905609514 0.2669753528173631
v 0.07584200903279999 -0.10226998605391215 0.26869069583739286
v 0.07770668160864229 -0.10152452011034614 0.2704156951941249
v 0.07957634448948736 -0.10074066334523026 0.27214950897922935
v 0.08145056211052523 -0.09991801787839762 0.2738912952843765
v 0.08332889890694589 -0.09905618582968138 0.27564021220123663
v 0.08521091931393907 -0.09815476931891484 0.27739541782147964
v 0.08709618776669534 -0.09721337046593086 0.2791560702367763
v 0.08898426870040443 -0.09623159139056268 0.28092132753879656
v 0.09087472655025605 -0.09520903421264366 0.2826903478192104
v 0.0927671257514408 -0.0941453010520066 0.2844622891696885
v 0.0946610307391484 -0.09303999402848478 0.286236309681901
v 0.09655600594856885 -0.0918927152619114 0.288011567447518
v 0.09845161581489216 -0.09070306687211953 0.2897872205582097
v 0.10034742477330834 -0.08947065097894237 0.29156242710564645
v 0.10224299725900739 -0.08819506970221304 0.29333634518149837
v 0.10413789770717932 -0.08687592516176469 0.29510813287743576
v 0.10603169055301385 -0.08551281947743067 0.29687694828512845
v 0.10792394023170158 -0.08410535476904371 0.2986419494962474
v 0.10981421117843222 -0.08265313315643714 0.30040229460246237
v 0.11170206782839547 -0.08115575675944438 0.3021571416954435
v 0.11358707461678194 -0.07961282769789808 0.30390564886686144
v 0.11546879597878135 -0.0780239480916316 0.30564697420838616
v 0.11734679634958368 -0.07638872006047812 0.3073802758116879
v 0.11922064016437899 -0.07470674572427075 0.3091047117684369
v 0.12108989185835724 -0.07297762720284265 0.3108194401703034
v 0.12295411586670846 -0.07120096661602696 0.3125236191089576
v 0.12481287662462265 -0.06937636608365681 0.31421640667606976
v 0.12666573856728952 -0.06750342772556568 0.31589696096330977
v 0.1285122661298997 -0.06558175366158607 0.31756444006234846
v 0.13035202374764285 -0.06361094601155147 0.3192180020648558
v 0.13218457585570872 -0.0615906068952953 0.3208568050625017
v 0.1340094868892879 -0.05952033843265009 0.3224800071469569
v 0.13582632128357008 -0.05739974274344929 0.3240867664098914
v 0.13763464347374532 -0.05522842194752605 0.3256762409429755
v 0.1394340178950036 -0.0530059781647135 0.3272475888378793
v 0.1412240089825349 -0.0507320135148448 0.3287999681862731
v 0.14300418117152924 -0.0484061301177531 0.3303325370798271
v 0.14477409889717668 -0.0460279300932715 0.33184445361021153
v 0.1465333265946669 -0.043597015561233576 0.33333487586909644
v 0.14828142869919048 -0.04111298864147168 0.33480296194815246
v 0.1500179696459371 -0.03857545145381935 0.3362478699390496
v 0.15174251387009663 -0.03598400611811011 0.33766875793345785
v 0.15345462580685948 -0.03333825475417634 0.3390647840230479
v 0.15515386989141544 -0.030637799481851555 0.34043510629948975
v 0.15683981055895452 -0.027882242420968907 0.3417788828544537
v 0.1585120122446667 -0.025071185691361512 0.3430952717796098
v 0.16017003938374208 -0.022204231412862534 0.34438343116662845
v 0.16181345641137057 -0.01928098170530513 0.3456425191071798
v 0.1634418277627422 -0.016301038688522444 0.3468716936929341
v 0.16505471787304674 -0.013264004482348053 0.34807011301556134
v 0.1666516911774747 -0.010169481206614213 0.3492369351667322
v 0.16823231211121586 -0.007017070981154498 0.35037131823811674
v 0.16979614510945992 -0.0038063759258025534 0.35147242032138487
v 0.17134275460739745 -0.0005369981603905521 0.3525393995082073
v 0.17287170504021815 0.0027914601952479033 0.35357141389025404
v 0.17438256084311207 0.00617939702127964 0.3545676215591953
v 0.1758748864512692 0.009627210197871529 0.3555271806067013
v 0.1773482462998796 0.013135297605190421 0.3564492491244423
v 0.17880220482413317 0.016704057123403192 0.3573329852040885
v 0.18023632645922 0.02033388663267665 0.3581775469373102
v 0.18165012813267845 0.024024807569147103 0.35898242486870025
v 0.18304293674144162 0.02777533559283242 0.35974843935454326
v 0.1844140316747907 0.03158360991971875 0.3604767432040463
v 0.18576269232200673 0.03544776976579222 0.36116848922641653
v 0.18708819807237145 0.03936595434704073 0.36182483023086126
v 0.18838982831516599 0.04333630287945043 0.36244691902658754
v 0.18966686243967162 0.04735695457900802 0.3630359084228027
v 0.1909185798351697 0.05142604866170023 0.36359295122871377
v 0.19214425989094147 0.05554172434351378 0.364119200253528
v 0.19334318199626832 0.05970212084043538 0.36461580830645257
v 0.1945146255404315 0.06390537736845175 0.36508392819669466
v 0.19565786991271217 0.06814963314354897 0.36552471273346143
v 0.19677219450239197 0.07243302738171505 0.36593931472596014
v 0.1978568786987521 0.07675369929893607 0.366328886983398
v 0.1989112018910736 0.08110978811119807 0.36669458231498203
v 0.1999344434686382 0.0854994330344891 0.36703755352991957
v 0.20092588282072704 0.08992077328479527 0.36735895343741776
v 0.20188479933662137 0.09437194807810323 0.3676599348466838
v 0.20281047240560254 0.09885109663039973 0.3679416505669248
v 0.20370218141695184 0.10335635815767147 0.36820525340734805
v 0.2045592057599506 0.10788587187590522 0.3684518961771607
v 0.20538082482388015 0.11243777700108765 0.36868273168556986
v 0.20616631799802165 0.11701021274920477 0.3688989127417828
v 0.20691496467165663 0.12160131833624475 0.3691015921550067
v 0.20762604423406633 0.1262092329781936 0.3692919227344488
v 0.20829883607453192 0.13083209589103728 0.36947105728931606
v 0.20893261958233492 0.135468046290764 0.36964014862881595
v 0.20952667414675658 0.14011522339335972 0.36980034956215546
v 0.21008027915707814 0.14477176641481118 0.36995281289854187
v 0.21059271400258098 0.1494358145711051 0.3700986914471824
v 0.21106325807254636 0.1541055070782282 0.3702391380172841
v 0.21149119075625558 0.1587789831521672 0.37037530541805425
v 0.21187579144299 0.1634543820089088 0.3705083464587
v 0.21221633952203087 0.16812984286443902 0.3706394139484286
v 0.2125121143826596 0.17280350493474603 0.3707696606964471
v 0.21276239541415742 0.1774735074358158 0.3709002395119629
v 0.21296646200580563 0.18213798958363436 0.37103230320418296
v 0.21312359354688562 0.18679509059418983 0.37116700458231455
v 0.21323306942667863 0.19144294968346828 0.37130549645556493
v 0.213294169034466 0.19607970606745637 0.37144893163314124
v 0.213306171759529 0.20070349896214082 0.37159846292425064
v 0.21326835699114902 0.2053124675835084 0.3717552431381003
v 0.2131800041186073 0.20990475114754578 0.3719204250838975
v 0.21304039253118515 0.2144784888702397 0.3720951615708493
v 0.21284880161816397 0.21903181996757617 0.37228060540816293
v 0.21260451076882494 0.22356288365554333 0.3724779094050456
v 0.21230679937244945 0.22806981915012717 0.37268822637070453
v 0.21195494681831886 0.23255076566731372 0.3729127091143468
v 0.21154823249571433 0.23700386242309116 0.3731525104451797
v 0.21108593579391727 0.24142724863344542 0.3734087831724104
v 0.21056733610220899 0.24581906351436325 0.3736826801052461
v 0.20999171280987075 0.2501774462818314 0.37397535405289384
v 0.2093583453061839 0.2545005361518366 0.374287957824561
v 0.20866651298042976 0.25878647234036545 0.3746216442294546
v 0.20791549522188962 0.2630333940634048 0.37497756607678195
v 0.20710457141984492 0.2672394405369407 0.37535687617575014
v 0.20623302096357674 0.27140275097696115 0.3757607273355664
v 0.20530012324236646 0.2755214645994522 0.376190272365438
v 0.20430515764549562 0.27959372062039994 0.3766466640745719
v 0.20324740356224516 0.2836176582557924 0.3771310552721756
v 0.20212614038189658 0.2875914167216156 0.37764459876745604
v 0.20094064749373117 0.29151313523385636 0.37818844736962054
v 0.19969020428703024 0.29538095300850126 0.3787637538878762
v 0.19837409015107513 0.29919300926153714 0.3793716711314302
v 0.19699202599195997 0.30294782057512565 0.3800129990167333
v 0.19554549878303049 0.3066454129961278 0.38068712588921005
v 0.19403643701444548 0.31028618993757917 0.3813930872015284
v 0.192466769176363 0.3138705548125171 0.38212991840635674
v 0.19083842375894183 0.3173989110339769 0.382896654956363
v 0.18915332925234082 0.3208716620149942 0.3836923323042152
v 0.187413414146718 0.32428921116860615 0.38451598590258157
v 0.18562060693223215 0.3276519619078483 0.3853666512041302
v 0.18377683609904186 0.3309603176457567 0.3862433636615291
v 0.18188403013730567 0.3342146817953674 0.3871451587274464
v 0.17994411753718215 0.3374154577697165 0.38807107185455025
v 0.17795902678882985 0.3405630489818401 0.38902013849550865
v 0.17593068638240733 0.34365785884477423 0.3899913941029897
v 0.17386102480807342 0.34670029077155456 0.3909838741296614
v 0.1717519705559861 0.34969074817521806 0.3919966140281921
v 0.16960545211630418 0.3526296344688003 0.39302864925124975
v 0.16742339797918662 0.35551735306533694 0.39407901525150224
v 0.16520773663479127 0.358354307377865 0.3951467474816181
v 0.162960396573277 0.36114090081942 0.39623088139426516
v 0.1606833062848024 0.36387753680303814 0.39733045244211157
v 0.158378394259526 0.3665646187417554 0.3984444960778254
v 0.15604758898760637 0.36920255004860786 0.39957204775407473
v 0.15369281895920206 0.37179173413663164 0.40071214292352764
v 0.15131601266447164 0.3743325744188628 0.40186381703885227
v 0.14891909859357402 0.37682547430833696 0.4030261055527165
v 0.146504005236667 0.3792708372180911 0.4041980439177888
v 0.14407266108390954 0.3816690665611608 0.4053786675867371
v 0.14162699462546055 0.3840205657505818 0.4065670120122292
v 0.1391689343514778 0.3863257381993909 0.40776211264693374
v 0.1367004087521203 0.3885849873206239 0.4089630049435185
v 0.13422334631754657 0.39079871652731674 0.41016872435465157
v 0.13173967553791513 0.39296732923250555 0.41137830633300115
v 0.1292513249033846 0.3950912288492264 0.4125907863312352
v 0.12676022290411343 0.39717081879051536 0.4138051998020219
v 0.1242682980302603 0.3992065024694085 0.41502058219802934
v 0.12177747877198407 0.4011986832989416 0.4162359689719254
v 0.11928969361944256 0.40314776469215136 0.41745039557637853
v 0.11680687106279469 0.40505415006207357 0.41866289746405666
v 0.11433093959219902 0.4069182428217442 0.4198725100876278
v 0.11186382769781451 0.40874044638419915 0.4210782688997601
v 0.10940746386979891 0.410521164162475 0.42227920935312174
v 0.10696377659831119 0.4122607995696076 0.42347436690038076
v 0.10453469437350987 0.413959756018633 0.4246627769942053
v 0.10212214568555357 0.4156184369225872 0.42584347508726333
v 0.0997280590246008 0.4172372456945064 0.42701549663222305
v 0.0973543628808101 0.4188165857474266 0.4281778770817525
v 0.09500298574434042 0.4203568604943836 0.42932965188851957
v 0.09267585610534956 0.42185847334841403 0.4304698565051928
v 0.09037490245399647 0.42332182772255367 0.43159752638444004
v 0.08810205328043968 0.42474732702983864 0.43271169697892936
v 0.08585923707483811 0.42613537468330476 0.4338114037413287
v 0.08364838232734963 0.42748637409598855 0.4348956821243065
v 0.08147141752813311 0.4288007286809259 0.43596356758053073
v 0.07933027116734712 0.43007884185115286 0.43701409556266946
v 0.0772268717351502 0.4313211170197055 0.43804630152339075
v 0.07516314772170093 0.43252795759961987 0.43905922091536265
v 0.07314102761715788 0.4336997670039321 0.4400518891912534
v 0.07116243991167986 0.434836948645678 0.44102334180373076
v 0.06922931309542488 0.4359399059378941 0.44197261420546324
v 0.0673435756585517 0.43700904229361626 0.4428987418491188
v 0.06550715609121899 0.43804476112588053 0.4438007601873655
v 0.06372198288358549 0.4390474658477229 0.4446777046728712
v 0.061989984525809255 0.44001755987217966 0.44552861075830447
v 0.06031308950804909 0.4409554466122868 0.44635251389633307
v 0.058692736293321245 0.4418615560323515 0.44714869278490527
v 0.05712840323607265 0.44273642430176563 0.44791739910308936
v 0.05561907866360791 0.4435806141411922 0.4486591277752338
v 0.054163750903231625 0.44439468827129425 0.4493743737256871
v 0.05276140828224863 0.44517920941273464 0.45006363187879744
v 0.051411039127963076 0.44593474028617663 0.4507273971589136
v 0.05011163176767981 0.4466618436122831 0.4513661644903838
v 0.048862174528703436 0.4473610821117171 0.4519804287975565
v 0.047661655738338735 0.4480330185051415 0.45257068500478004
v 0.04650906372388994 0.4486782155132195 0.453137428036403
v 0.04540338681266186 0.4492972358566141 0.4536811528167738
v 0.044343613331959096 0.4498906422559882 0.4542023542702408
v 0.04332873160908625 0.4504589974320049 0.45470152732115243
v 0.04235772997134794 0.45100286410532714 0.4551791668938572
v 0.041429596746048764 0.45152280499661795 0.4556357679127034
v 0.04054332026049347 0.45201938282654025 0.45607182530203944
v 0.039697888841986384 0.45249316031575726 0.45648783398621395
v 0.038892290817832256 0.45294470018493194 0.4568842888895753
v 0.03812551451533569 0.4533745651547272 0.45726168493647174
v 0.037396548261801416 0.453783317945806 0.45762051705125184
v 0.036704380384533795 0.45417152127883154 0.4579612801582641
v 0.03604799921083757 0.4545397378744667 0.45828446918185684
v 0.03542639306801733 0.4548885304533746 0.45859057904637845
v 0.034838550283377685 0.4552184617362181 0.4588801046761775
v 0.03428345918422325 0.4555300944436603 0.4591535409956023
v 0.033760108097858635 0.45582399129636425 0.4594113829290013
v 0.03326748535158851 0.4561007150149929 0.4596541254007229
v 0.03280457927271734 0.45636082832020924 0.45988226333511567
v 0.032370378188549806 0.45660489393267634 0.46009629165652793
v 0.03196387042639051 0.4568334745730572 0.4602967052893081
v 0.03158404431354413 0.45704713296201477 0.4604839991578046
v 0.031229888177315125 0.45724643182021213 0.4606586681863659
v 0.030900390345008192 0.45743193386831227 0.46082120729934045
v 0.030594539143927936 0.45760420182697825 0.46097211142107664
v 0.030311322901378956 0.457763798416873 0.46111187547592286
v 0.030049729944665853 0.4579112863586595 0.46124099438822763
v 0.029808748601093244 0.4580472283730009 0.4613599630823393
v 0.02958736719796577 0.4581721871805601 0.46146927648260627
v 0.029384574062587956 0.45828672550200017 0.4615694295133771
v 0.029199357522264463 0.45839140605798406 0.46166091709900015
v 0.02903070590429989 0.4584867915691748 0.4617442341638238
v 0.028877607535998856 0.45857344475623546 0.46181987563219656
v 0.028739050744665942 0.45865192833982904 0.46188833642846683
v 0.028614023857605766 0.45872280504061846 0.461950111476983
v 0.028501515202122928 0.4587866375792668 0.46200569570209354
v 0.028400513105522066 0.4588439886764371 0.46205558402814684
v 0.028310005895107744 0.4588954210527923 0.4621002713794914
v 0.028228981898184596 0.4589414974289955 0.46214025268047554
v 0.028156429442057228 0.45898278052570957 0.4621760228554478
v 0.028091336854030244 0.4590198330635976 0.46220807682875653
v 0.028032692461408257 0.4590532177633227 0.4622369095247502
v 0.02797948459149583 0.45908349734554776 0.4622630158677773
v 0.027930701571597646 0.4591112345309358 0.4622868907821861
v 0.027885331729018255 0.45913699204014985 0.46230902919232514
v 0.02784236339106228 0.4591613325938529 0.4623299260225428
v 0.027800784885034333 0.459184818912708 0.46235007619718754
v 0.027759584538239013 0.4592080137173781 0.4623699746406078
v 0.027717750677980935 0.45923147972852635 0.462390116277152
v 0.02767427163156471 0.45925577966681563 0.4624109960311685
v 0.027628135726294932 0.45928147625290894 0.4624331088270058
v 0.02757833128947621 0.4593091322074694 0.46245694958901234
v 0.027523846648413154 0.4593393102511599 0.4624830132415365
v 0.02746367013041038 0.4593725731046435 0.4625117947089267
v 0.02739679006277248 0.4594094834885833 0.4625437889155315
v 0.027322378330649134 0.4594505027070278 0.4625794011357407
v 0.02724034105057017 0.459495686397568 0.46261867804411066
v 0.02715076789691051 0.4595449887811806 0.46266157666523916
v 0.02705374854404506 0.4595983640788422 0.46270805402372395
v 0.026949372666348736 0.45965576651152934 0.46275806714416284
v 0.02683772993819644 0.45971715030021865 0.46281157305115367
v 0.026718910033963098 0.4597824696658868 0.4628685287692942
v 0.02659300262802359 0.4598516788295104 0.4629288913231822
v 0.026460097394752833 0.4599247320120661 0.46299261773741557
v 0.026320284008525742 0.46000158343453035 0.46305966503659196
v 0.02617365214371725 0.46008218731787986 0.46312999024530926
v 0.02602029147470221 0.46016649788309133 0.4632035503881653
v 0.02586029167585556 0.4602544693511412 0.4632803024897578
v 0.02569374242155221 0.46034605594300626 0.4633602035746846
v 0.025520733386167064 0.460441211879663 0.46344321066754346
v 0.025341354244075034 0.4605398913820881 0.4635292807929322
v 0.025155694669651025 0.4606420486712582 0.4636183709754486
v 0.024963844337269978 0.46074763796814977 0.4637104382396905
v 0.024765892921306744 0.4608566134937396 0.46380543961025567
v 0.024561930096136254 0.46096892946900414 0.4639033321117419
v 0.02435204553613342 0.4610845401149201 0.46400407276874694
v 0.02413632891567319 0.4612033996524641 0.4641076186058687
v 0.023914869909130394 0.46132546230261273 0.4642139266477049
v 0.023687758190879985 0.4614506822863426 0.4643229539188533
v 0.023455083435296866 0.46157901382463035 0.4644346574439118
v 0.023216935316755942 0.4617104111384525 0.46454899424747814
v 0.022973403509632128 0.4618448284487858 0.46466592135415014
v 0.02272457768830033 0.4619822199766068 0.46478539578852557
v 0.022470547527135495 0.4621225399428921 0.4649073745752022
v 0.022211402700512455 0.46226574256861835 0.4650318147387779
v 0.021947232882806155 0.46241178207476213 0.4651586733038504
v 0.021678127748391503 0.46256061268230003 0.46528790729501757
v 0.021404176971643454 0.4627121886122087 0.4654194737368771
v 0.021125470226936827 0.4628664640854648 0.46555332965402685
v 0.020842097188646574 0.4630233933230449 0.46568943207106467
v 0.020554147531147607 0.4631829305459255 0.46582773801258825
v 0.02026171092881483 0.4633450299750834 0.4659682045031955
v 0.019964877056023154 0.4635096458314952 0.4661107885674841
v 0.019663735587147485 0.4636767323361374 0.4662554472300519
v 0.019358376196562783 0.4638462437099866 0.4664021375154967
v 0.01904888855864386 0.46401813417401955 0.46655081644841634
v 0.01873536234776567 0.46419235794921276 0.46670144105340855
v 0.018417887238303118 0.46436886925654286 0.46685396835507115
v 0.01809655290463117 0.4645476223169865 0.4670083553780019
v 0.01777144902112463 0.4647285713515203 0.46716455914679866
v 0.017442665262158465 0.4649116705811208 0.46732253668605916
v 0.017110291302107568 0.46509687422676466 0.4674822450203813
v 0.016774416815346856 0.4652841365094285 0.4676436411743628
v 0.01643513147625124 0.465473411650089 0.46780668217260146
v 0.016092524959195623 0.4656646538697226 0.4679713250396951
v 0.015746686938554973 0.46585781738930604 0.46813752680024145
v 0.01539770708870409 0.4660528564298159 0.46830524447883837
v 0.015045675084017928 0.46624972521222885 0.4684744351000837
v 0.014690680598871401 0.4664483779575214 0.4686450556885751
v 0.014332813307639474 0.46664876888667023 0.4688170632689105
v 0.013972162884696947 0.4668508522206519 0.46899041486568765
v 0.013608819004418779 0.46705458218044316 0.46916506750350434
v 0.013242871341179878 0.4672599129870205 0.46934097820695836
v 0.012874409569355157 0.46746679886136056 0.46951810400064753
v 0.01250352336331952 0.4676751940244399 0.4696964019091696
v 0.01213030239744788 0.4678850526972353 0.46987582895712243
v 0.011754836346115195 0.46809632910072313 0.47005634216910375
v 0.011377214883696267 0.46830897745588024 0.47023789856971143
v 0.010997527684566062 0.4685229519836831 0.4704204551835432
v 0.010615850268858803 0.46873821076489885 0.47060397542392257
v 0.010232201539746088 0.4689547273194565 0.4707884482590757
v 0.009846586246158652 0.4691724790270756 0.4709738690459543
v 0.009459009137027406 0.46939144326747556 0.47116023314151034
v 0.009069474961283203 0.469611597420376 0.47134753590269557
v 0.008677988467856902 0.46983291886549633 0.4715357726864618
v 0.008284554405679352 0.4700553849825561 0.4717249388497608
v 0.007889177523681413 0.4702789731512748 0.4719150297495445
v 0.0074918625707939964 0.47050366075137195 0.47210604074276463
v 0.0070926142959478345 0.47072942516256705 0.472297967186373
v 0.0066914374480738425 0.47095624376457956 0.47249080443732155
v 0.006288336776102876 0.47118409393712907 0.472684547852562
v 0.005883317028965852 0.47141295305993497 0.4728791927890461
v 0.005476382955593498 0.4716427985127169 0.4730747346037258
v 0.005067539304916731 0.47187360767519426 0.47327116865355284
v 0.004656790825866406 0.47210535792708663 0.4734684902954791
v 0.004244142267373377 0.4723380266481134 0.47366669488645635
v 0.0038295983783684967 0.47257159121799425 0.4738657777834364
v 0.0034131639077826896 0.47280602901644847 0.47406573434337107
v 0.0029948436045466745 0.4730413174231957 0.47426655992321226
v 0.0025746422175913714 0.4732774338179555 0.47446824987991165
v 0.0021525644958476356 0.47351435558044724 0.4746707995704212
v 0.0017286151882463215 0.4737520600903905 0.4748742043516926
v 0.0013027990437183513 0.4739905247275047 0.47507845958067774
v 0.0008751208111944441 0.4742297268715095 0.4752835606143284
v 0.0004455852396055204 0.47446964390212426 0.4754895028095965
v 1.419707788243628e-05 0.47471025319906857 0.47569628152343374
v -0.00041903892504395723 0.47495153214206187 0.47590389211279194
v -0.0008541180202428004 0.4751934581108237 0.476112329934623
v -0.0012910354587831782 0.4754360084850735 0.4763215903458786
v -0.0017297864917343662 0.4756791606445309 0.47653166870351077
v -0.0021703663701654443 0.47592289196891535 0.47674256036447116
v -0.002612770345145559 0.4761671798379463 0.4769542606857117
v -0.0030569936677438546 0.47641200163134334 0.47716676502418404
v -0.003503031589029409 0.4766573347288259 0.47738006873684014
v -0.003950879360071509 0.47690315651011356 0.47759416718063175
v -0.004400532231939224 0.47714944435492573 0.47780905571251076
v -0.004851985455701706 0.477396175642982 0.47802472968942894
v -0.005305234282428095 0.4776433277540018 0.47824118446833813
v -0.005760273963187544 0.4778908780677047 0.4784584154061901
v -0.006217099749049125 0.47813880396381014 0.47867641785993664
v -0.006675706891082118 0.4783870828220377 0.47889518718652974
v -0.00713609064035561 0.4786356920221068 0.47911471874292105
v -0.007598246247938742 0.4788846089437371 0.4793350078860624
v -0.008062168964900654 0.47913381096664787 0.47955604997290574
v -0.00852785404231043 0.47938327547055876 0.4797778403604027
v -0.008995296731237352 0.4796329798351893 0.4800003744055053
v -0.009464492282750498 0.4798829014402589 0.4802236474651652
v -0.009935435947919014 0.48013301766548716 0.4804476548963343
v -0.010408122977812038 0.4803833058905935 0.48067239205596435
v -0.010882548623498724 0.4806337434952975 0.4808978543010072
v -0.011358708136048144 0.48088430785931857 0.48112403698841466
v -0.011836596766529584 0.4811349763623763 0.48135093547513863
v -0.012316209766012123 0.4813857263841902 0.4815785451181308
v -0.012797542385564905 0.4816365353044797 0.4818068612743431
v -0.013280589876257076 0.4818873805029643 0.4820358793007272
v -0.013765347489157708 0.48213823935936356 0.4822655945542351
v -0.01425181047533609 0.482389089253397 0.4824960023918185
v -0.014739974085861304 0.4826399075647841 0.48272709817042925
v -0.015229833571802482 0.48289067167324434 0.4829588772470192
v -0.015721384184228783 0.48314135895849725 0.4831913349785401
v -0.016214621174209343 0.4833919468002623 0.48342446672194384
v -0.016709539792813234 0.4836424125782591 0.48365826783418214
l 0 1
l 1 2
l 2 3
l 3 4
l 4 5
l 5 6
l 6 7
l 7 8
l 8 9
l 9 10
l 10 11
l 11 12
l 12 13
l 13 14
l 14 15
l 15 16
l 16 17
l 17 18
l 18 19
l 19 20
l 20 21
l 21 22
l 22 23
l 23 24
l 24 25
l 25 26
l 26 27
l 27 28
l 28 29
l 29 30
l 30 31
l 31 32
l 32 33
l 33 34
l 34 35
l 35 36
l 36 37
l 37 38
l 38 39
l 39 40
l 40 41
l 41 42
l 42 43
l 43 44
l 44 45
l 45 46
l 46 47
l 47 48
l 48 49
l 49 50
l 50 51
l 51 52
l 52 53
l 53 54
l 54 55
l 55 56
l 56 57
l 57 58
l 58 59
l 59 60
l 60 61
l 61 62
l 62 63
l 63 64
l 64 65
l 65 66
l 66 67
l 67 68
l 68 69
l 69 70
l 70 71
l 71 72
l 72 73
l 73 74
l 74 75
l 75 76
l 76 77
l 77 78
l 78 79
l 79 80
l 80 81
l 81 82
l 82 83
l 83 84
l 84 85
l 85 86
l 86 87
l 87 88
l 88 89
l 89 90
l 90 91
l 91 92
l 92 93
l 93 94
l 94 95
l 95 96
l 96 97
l 97 98
l 98 99
l 99 100
l 100 101
l 101 102
l 102 103
l 103 104
l 104 105
l 105 106
l 106 107
l 107 108
l 108 109
l 109 110
l 110 111
l 111 112
l 112 113
l 113 114
l 114 115
l 115 116
l 116 117
l 117 118
l 118 119
l 119 120
l 120 121
l 121 122
l 122 123
l 123 124
l 124 125
l 125 126
l 126 127
l 127 128
l 128 129
l 129 130
l 130 131
l 131 132
l 132 133
l 133 134
l 134 135
l 135 136
l 136 137
l 137 138
l 138 139
l 139 140
l 140 141
l 141 142
l 142 143
l 143 144
l 144 145
l 145 146
l 146 147
l 147 148
l 148 149
l 149 150
l 150 151
l 151 152
l 152 153
l 153 154
l 154 155
l 155 156
l 156 157
l 157 158
l 158 159
l 159 160
l 160 161
l 161 162
l 162 163
l 163 164
l 164 165
l 165 166
l 166 167
l 167 168
l 168 169
l 169 170
l 170 171
l 171 172
l 172 173
l 173 174
l 174 175
l 175 176
l 176 177
l 177 178
l 178 179
l 179 180
l 180 181
l 181 182
l 182 183
l 183 184
l 184 185
l 185 186
l 186 187
l 187 188
l 188 189
l 189 190
l 190 191
l 191 192
l 192 193
l 193 194
l 194 195
l 195 196
l 196 197
l 197 198
l 198 199
l 199 200
l 200 201
l 201 202
l 202 203
l 203 204
l 204 205
l 205 206
l 206 207
l 207 208
l 208 209
l 209 210
l 210 211
l 211 212
l 212 213
l 213 214
l 214 215
l 215 216
l 216 217
l 217 218
l 218 219
l 219 220
l 220 221
l 221 222
l 222 223
l 223 224
l 224 225
l 225 226
l 226 227
l 227 228
l 228 229
l 229 230
l 230 231
l 231 232
l 232 233
l 233 234
l 234 235
l 235 236
l 236 237
l 237 238
l 238 239
l 239 240
l 240 241
l 241 242
l 242 243
l 243 244
l 244 245
l 245 246
l 246 247
l 247 248
l 248 249
l 249 250
l 250 251
l 251 252
l 252 253
l 253 254
l 254 255
l 255 256
l 256 257
l 257 258
l 258 259
l 259 260
l 260 261
l 261 262
l 262 263
l 263 264
l 264 265
l 265 266
l 266 267
l 267 268
l 268 269
l 269 270
l 270 271
l 271 272
l 272 273
l 273 274
l 274 275
l 275 276
l 276 277
l 277 278
l 278 279
l 279 280
l 280 281
l 281 282
l 282 283
l 283 284
l 284 285
l 285 286
l 286 287
l 287 288
l 288 289
l 289 290
l 290 291
l 291 292
l 292 293
l 293 294
l 294 295
l 295 296
l 296 297
l 297 298
l 298 299
l 299 300
l 300 301
l 301 302
l 302 303
l 303 304
l 304 305
l 305 306
l 306 307
l 307 308
l 308 309
l 309 310
l 310 311
l 311 312
l 312 313
l 313 314
l 314 315
l 315 316
l 316 317
l 317 318
l 318 319
l 319 320
l 320 321
l 321 322
l 322 323
l 323 324
l 324 325
l 325 326
l 326 327
l 327 328
l 328 329
l 329 330
l 330 331
l 331 332
l 332 333
l 333 334
l 334 335
l 335 336
l 336 337
l 337 338
l 338 339
l 339 340
l 340 341
l 341 342
l 342 343
l 343 344
l 344 345
l 345 346
l 346 347
l 347 348
l 348 349
l 349 350
l 350 351
l 351 352
l 352 353
l 353 354
l 354 355
l 355 356
l 356 357
l 357 358
l 358 359
l 359 360
l 360 361
l 361 362
l 362 363
l 363 364
l 364 365
l 365 366
l 366 367
l 367 368
l 368 369
l 369 370
l 370 371
l 371 372
l 372 373
l 373 374
l 374 375
l 375 376
l 376 377
l 377 378
l 378 379
l 379 380
l 380 381
l 381 382
l 382 383
l 383 384
l 384 385
l 385 386
l 386 387
l 387 388
l 388 389
l 389 390
l 390 391
l 391 392
l 392 393
l 393 394
l 394 395
l 395 396
l 396 397
l 397 398
l 398 399
l 399 400
l 400 401
l 401 402
l 402 403
l 403 404
l 404 405
l 405 406
l 406 407
l 407 408
l 408 409
l 409 410
l 410 411
l 411 412
l 412 413
l 413 414
l 414 415
l 415 416
l 416 417
l 417 418
l 418 419
l 419 420
l 420 421
l 421 422
l 422 423
l 423 424
l 424 425
l 425 426
l 426 427
l 427 428
l 428 429
l 429 430
l 430 431
l 431 432
l 432 433
l 433 434
l 434 435
l 435 436
l 436 437
l 437 438
l 438 439
l 439 440
l 440 441
l 441 442
l 442 443
l 443 444
l 444 445
l 445 446
l 446 447
l 447 448
l 448 449
l 449 450
l 450 451
l 451 452
l 452 453
l 453 454
l 454 455
l 455 456
l 456 457
l 457 458
l 458 459
l 459 460
l 460 461
l 461 462
l 462 463
l 463 464
l 464 465
l 465 466
l 466 467
l 467 468
l 468 469
l 469 470
l 470 471
l 471 472
l 472 473
l 473 474
l 474 475
l 475 476
l 476 477
l 477 478
l 478 479
l 479 480
l 480 481
l 481 482
l 482 483
l 483 484
l 484 485
l 485 486
l 486 487
l 487 488
l 488 489
l 489 490
l 490 491
l 491 492
l 492 493
l 493 494
l 494 495
l 495 496
l 496 497
l 497 498
l 498 499
l 499 500
l 500 501
l 501 502
l 502 503
l 503 504
l 504 505
l 505 506
l 506 507
l 507 508
l 508 509
l 509 510
l 510 511
l 511 512
l 512 513
l 513 514
l 514 515
l 515 516
l 516 517
l 517 518
l 518 519
l 519 520
l 520 521
l 521 522
l 522 523
l 523 524
l 524 525
l 525 526
l 526 527
l 527 528
l 528 529
l 529 530
l 530 531
l 531 532
l 532 533
l 533 534
l 534 535
l 535 536
l 536 537
l 537 538
l 538 539
l 539 540
l 540 541
l 541 542
l 542 543
l 543 544
l 544 545
l 545 546
l 546 547
l 547 548
l 548 549
l 549 550
l 550 551
l 551 552
l 552 553
l 553 554
l 554 555
l 555 556
l 556 557
l 557 558
l 558 559
l 559 560
l 560 561
l 561 562
l 562 563
l 563 564
l 564 565
l 565 566
l 566 567
l 567 568
l 568 569
l 569 570
l 570 571
l 571 572
l 572 573
l 573 574
l 574 575
l 575 576
l 576 577
l 577 578
l 578 579
l 579 580
l 580 581
l 581 582
l 582 583
l 583 584
l 584 585
l 585 586
l 586 587
l 587 588
l 588 589
l 589 590
l 590 591
l 591 592
l 592 593
l 593 594
l 594 595
l 595 596
l 596 597
l 597 598
l 598 599
l 599 600
l 600 601
l 601 602
l 602 603
l 603 604
l 604 605
l 605 606
l 606 607
l 607 608
l 608 609
l 609 610
l 610 611
l 611 612
l 612 613
l 613 614
l 614 615
l 615 616
l 616 617
l 617 618
l 618 619
l 619 620
l 620 621
l 621 622
l 622 623
l 623 624
l 624 625
l 625 626
l 626 627
l 627 628
l 628 629
l 629 630
l 630 631
l 631 632
l 632 633
l 633 634
l 634 635
l 635 636
l 636 637
l 637 638
l 638 639
l 639 640
l 640 641
l 641 642
l 642 643
l 643 644
l 644 645
l 645 646
l 646 647
l 647 648
l 648 649
l 649 650
l 650 651
l 651 652
l 652 653
l 653 654
l 654 655
l 655 656
l 656 657
l 657 658
l 658 659
l 659 660
l 660 661
l 661 662
l 662 663
l 663 664
l 664 665
l 665 666
l 666 667
l 667 668
l 668 669
l 669 670
l 670 671
l 671 672
l 672 673
l 673 674
l 674 675
l 675 676
l 676 677
l 677 678
l 678 679
l 679 680
l 680 681
l 681 682
l 682 683
l 683 684
l 684 685
l 685 686
l 686 687
l 687 688
l 688 689
l 689 690
l 690 691
l 691 692
l 692 693
l 693 694
l 694 695
l 695 696
l 696 697
l 697 698
l 698 699
l 699 700
l 700 701
l 701 702
l 702 703
l 703 704
l 704 705
l 705 706
l 706 707
l 707 708
l 708 709
l 709 710
l 710 711
l 711 712
l 712 713
l 713 714
l 714 715
l 715 716
l 716 717
l 717 718
l 718 719
l 719 720
l 720 721
l 721 722
l 722 723
l 723 724
l 724 725
l 725 726
l 726 727
l 727 728
l 728 729
l 729 730
l 730 731
l 731 732
l 732 733
l 733 734
l 734 735
l 735 736
l 736 737
l 737 738
l 738 739
l 739 740
l 740 741
l 741 742
l 742 743
l 743 744
l 744 745
l 745 746
l 746 747
l 747 748
l 748 749
l 749 750
l 750 751
l 751 752
l 752 753
l 753 754
l 754 755
l 755 756
l 756 757
l 757 758
l 758 759
l 759 760
l 760 761
l 761 762
l 762 763
l 763 764
l 764 765
l 765 766
l 766 767
l 767 768
l 768 769
l 769 770
l 770 771
l 771 772
l 772 773
l 773 774
l 774 775
l 775 776
l 776 777
l 777 778
l 778 779
l 779 780
l 780 781
l 781 782
l 782 783
l 783 784
l 784 785
l 785 786
l 786 787
l 787 788
l 788 789
l 789 790
l 790 791
l 791 792
l 792 793
l 793 794
l 794 795
l 795 796
l 796 797
l 797 798
l 798 799
l 799 800
l 800 801
l 801 802
l 802 803
l 803 804
l 804 805
l 805 806
l 806 807
l 807 808
l 808 809
l 809 810
l 810 811
l 811 812
l 812 813
l 813 814
l 814 815
l 815 816
l 816 817
l 817 818
l 818 819
l 819 820
l 820 821
l 821 822
l 822 823
l 823 824
l 824 825
l 825 826
l 826 827
l 827 828
l 828 829
l 829 830
l 830 831
l 831 832
l 832 833
l 833 834
l 834 835
l 835 836
l 836 837
l 837 838
l 838 839
l 839 840
l 840 841
l 841 842
l 842 843
l 843 844
l 844 845
l 845 846
l 846 847
l 847 848
l 848 849
l 849 850
l 850 851
l 851 852
l 852 853
l 853 854
l 854 855
l 855 856
l 856 857
l 857 858
l 858 859
l 859 860
l 860 861
l 861 862
l 862 863
l 863 864
l 864 865
l 865 866
l 866 867
l 867 868
l 868 869
l 869 870
l 870 871
l 871 872
l 872 873
l 873 874
l 874 875
l 875 876
l 876 877
l 877 878
l 878 879
l 879 880
l 880 881
l 881 882
l 882 883
l 883 884
l 884 885
l 885 886
l 886 887
l 887 888
l 888 889
l 889 890
l 890 891
l 891 892
l 892 893
l 893 894
l 894 895
l 895 896
l 896 897
l 897 898
l 898 899
l 899 900
l 900 901
l 901 902
l 902 903
l 903 904
l 904 905
l 905 906
l 906 907
l 907 908
l 908 909
l 909 910
l 910 911
l 911 912
l 912 913
l 913 914
l 914 915
l 915 916
l 916 917
l 917 918
l 918 919
l 919 920
l 920 921
l 921 922
l 922 923
l 923 924
l 924 925
l 925 926
l 926 927
l 927 928
l 928 929
l 929 930
l 930 931
l 931 932
l 932 933
l 933 934
l 934 935
l 935 936
l 936 937
l 937 938
l 938 939
l 939 940
l 940 941
l 941 942
l 942 943
l 943 944
l 944 945
l 945 946
l 946 947
l 947 948
l 948 949
l 949 950
l 950 951
l 951 952
l 952 953
l 953 954
l 954 955
l 955 956
l 956 957
l 957 958
l 958 959
l 959 960
l 960 961
l 961 962
l 962 963
l 963 964
l 964 965
l 965 966
l 966 967
l 967 968
l 968 969
l 969 970
l 970 971
l 971 972
l 972 973
l 973 974
l 974 975
l 975 976
l 976 977
l 977 978
l 978 979
l 979 980
l 980 981
l 981 982
l 982 983
l 983 984
l 984 985
l 985 986
l 986 987
l 987 988
l 988 989
l 989 990
l 990 991
l 991 992
l 992 993
l 993 994
l 994 995
l 995 996
l 996 997
l 997 998
l 998 999
l 999 1000
l 1000 1001
l 1001 1002
l 1002 1003
l 1003 1004
l 1004 1005
l 1005 1006
l 1006 1007
l 1007 1008
l 1008 1009
l 1009 1010
l 1010 1011
l 1011 1012
l 1012 1013
l 1013 1014
l 1014 1015
l 1015 1016
l 1016 1017
l 1017 1018
l 1018 1019
l 1019 1020
l 1020 1021
l 1021 1022
l 1022 1023
l 1023 1024
l 1024 1025
l 1025 1026
l 1026 1027
l 1027 1028
l 1028 1029
l 1029 1030
l 1030 1031
l 1031 1032
l 1032 1033
l 1033 1034
l 1034 1035
l 1035 1036
l 1036 1037
l 1037 1038
l 1038 1039
l 1039 1040
l 1040 1041
l 1041 1042
l 1042 1043
l 1043 1044
l 1044 1045
l 1045 1046
l 1046 1047
l 1047 1048
l 1048 1049
l 1049 1050
l 1050 1051
l 1051 1052
l 1052 1053
l 1053 1054
l 1054 1055
l 1055 1056
l 1056 1057
l 1057 1058
l 1058 1059
l 1059 1060
l 1060 1061
l 1061 1062
l 1062 1063
l 1063 1064
l 1064 1065
l 1065 1066
l 1066 1067
l 1067 1068
l 1068 1069
l 1069 1070
l 1070 1071
l 1071 1072
l 1072 1073
l 1073 1074
l 1074 1075
l 1075 1076
l 1076 1077
l 1077 1078
l 1078 1079
l 1079 1080
l 1080 1081
l 1081 1082
l 1082 1083
l 1083 1084
l 1084 1085
l 1085 1086
l 1086 1087
l 1087 1088
l 1088 1089
l 1089 1090
l 1090 1091
l 1091 1092
l 1092 1093
l 1093 1094
l 1094 1095
l 1095 1096
l 1096 1097
l 1097 1098
l 1098 1099
l 1099 1100
l 1100 1101
l 1101 1102
l 1102 1103
l 1103 1104
l 1104 1105
l 1105 1106
l 1106 1107
l 1107 1108
l 1108 1109
l 1109 1110
l 1110 1111
l 1111 1112
l 1112 1113
l 1113 1114
l 1114 1115
l 1115 1116
l 1116 1117
l 1117 1118
l 1118 1119
l 1119 1120
l 1120 1121
l 1121 1122
l 1122 1123
l 1123 1124
l 1124 1125
l 1125 1126
l 1126 1127
l 1127 1128
l 1128 1129
l 1129 1130
l 1130 1131
l 1131 1132
l 1132 1133
l 1133 1134
l 1134 1135
l 1135 1136
l 1136 1137
l 1137 1138
l 1138 1139
l 1139 1140
l 1140 1141
l 1141 1142
l 1142 1143
l 1143 1144
l 1144 1145
l 1145 1146
l 1146 1147
l 1147 1148
l 1148 1149
l 1149 1150
l 1150 1151
l 1151 1152
l 1152 1153
l 1153 1154
l 1154 1155
l 1155 1156
l 1156 1157
l 1157 1158
l 1158 1159
l 1159 1160
l 1160 1161
l 1161 1162
l 1162 1163
l 1163 1164
l 1164 1165
l 1165 1166
l 1166 1167
l 1167 1168
l 1168 1169
l 1169 1170
l 1170 1171
l 1171 1172
l 1172 1173
l 1173 1174
l 1174 1175
l 1175 1176
l 1176 1177
l 1177 1178
l 1178 1179
l 1179 1180
l 1180 1181
l 1181 1182
l 1182 1183
l 1183 1184
l 1184 1185
l 1185 1186
l 1186 1187
l 1187 1188
l 1188 1189
l 1189 1190
l 1190 1191
l 1191 1192
l 1192 1193
l 1193 1194
l 1194 1195
l 1195 1196
l 1196 1197
l 1197 1198
l 1198 1199
l 1199 1200
l 1200 1201
l 1201 1202
l 1202 1203
l 1203 1204
l 1204 1205
l 1205 1206
l 1206 1207
l 1207 1208
l 1208 1209
l 1209 1210
l 1210 1211
l 1211 1212
l 1212 1213
l 1213 1214
l 1214 1215
l 1215 1216
l 1216 1217
l 1217 1218
l 1218 1219
l 1219 1220
l 1220 1221
l 1221 1222
l 1222 1223
l 1223 1224
l 1224 1225
l 1225 1226
l 1226 1227
l 1227 1228
l 1228 1229
l 1229 1230
l 1230 1231
l 1231 1232
l 1232 1233
l 1233 1234
l 1234 1235
l 1235 1236
l 1236 1237
l 1237 1238
l 1238 1239
l 1239 1240
l 1240 1241
l 1241 1242
l 1242 1243
l 1243 1244
l 1244 1245
l 1245 1246
l 1246 1247
l 1247 1248
l 1248 1249
l 1249 1250
l 1250 1251
l 1251 1252
l 1252 1253
l 1253 1254
l 1254 1255
l 1255 1256
l 1256 1257
l 1257 1258
l 1258 1259
l 1259 1260
l 1260 1261
l 1261 1262
l 1262 1263
l 1263 1264
l 1264 1265
l 1265 1266
l 1266 1267
l 1267 1268
l 1268 1269
l 1269 1270
l 1270 1271
l 1271 1272
l 1272 1273
l 1273 1274
l 1274 1275
l 1275 1276
l 1276 1277
l 1277 1278
l 1278 1279
l 1279 1280
l 1280 1281
l 1281 1282
l 1282 1283
l 1283 1284
l 1284 1285
l 1285 1286
l 1286 1287
l 1287 1288
l 1288 1289
l 1289 1290
l 1290 1291
l 1291 1292
l 1292 1293
l 1293 1294
l 1294 1295
l 1295 1296
l 1296 1297
l 1297 1298
l 1298 1299
l 1299 1300
l 1300 1301
l 1301 1302
l 1302 1303
l 1303 1304
l 1304 1305
l 1305 1306
l 1306 1307
l 1307 1308
l 1308 1309
l 1309 1310
l 1310 1311
l 1311 1312
l 1312 1313
l 1313 1314
l 1314 1315
l 1315 1316
l 1316 1317
l 1317 1318
l 1318 1319
l 1319 1320
l 1320 1321
l 1321 1322
l 1322 1323
l 1323 1324
l 1324 1325
l 1325 1326
l 1326 1327
l 1327 1328
l 1328 1329
l 1329 1330
l 1330 1331
l 1331 1332
l 1332 1333
l 1333 1334
l 1334 1335
l 1335 1336
l 1336 1337
l 1337 1338
l 1338 1339
l 1339 1340
l 1340 1341
l 1341 1342
l 1342 1343
l 1343 1344
l 1344 1345
l 1345 1346
l 1346 1347
l 1347 1348
l 1348 1349
l 1349 1350
l 1350 1351
l 1351 1352
l 1352 1353
l 1353 1354
l 1354 1355
l 1355 1356
l 1356 1357
l 1357 1358
l 1358 1359
l 1359 1360
l 1360 1361
l 1361 1362
l 1362 1363
l 1363 1364
l 1364 1365
l 1365 1366
l 1366 1367
l 1367 1368
l 1368 1369
l 1369 1370
l 1370 1371
l 1371 1372
l 1372 1373
l 1373 1374
l 1374 1375
l 1375 1376
l 1376 1377
l 1377 1378
l 1378 1379
l 1379 1380
l 1380 1381
l 1381 1382
l 1382 1383
l 1383 1384
l 1384 1385
l 1385 1386
l 1386 1387
l 1387 1388
l 1388 1389
l 1389 1390
l 1390 1391
l 1391 1392
l 1392 1393
l 1393 1394
l 1394 1395
l 1395 1396
l 1396 1397
l 1397 1398
l 1398 1399
l 1399 1400
l 1400 1401
l 1401 1402
l 1402 1403
l 1403 1404
l 1404 1405
l 1405 1406
l 1406 1407
l 1407 1408
l 1408 1409
l 1409 1410
l 1410 1411
l 1411 1412
l 1412 1413
l 1413 1414
l 1414 1415
l 1415 1416
l 1416 1417
l 1417 1418
l 1418 1419
l 1419 1420
l 1420 1421
l 1421 1422
l 1422 1423
l 1423 1424
l 1424 1425
l 1425 1426
l 1426 1427
l 1427 1428
l 1428 1429
l 1429 1430
l 1430 1431
l 1431 1432
l 1432 1433
l 1433 1434
l 1434 1435
l 1435 1436
l 1436 1437
l 1437 1438
l 1438 1439
l 1439 1440
l 1440 1441
l 1441 1442
l 1442 1443
l 1443 1444
l 1444 1445
l 1445 1446
l 1446 1447
l 1447 1448
l 1448 1449
l 1449 1450
l 1450 1451
l 1451 1452
l 1452 1453
l 1453 1454
l 1454 1455
l 1455 1456
l 1456 1457
l 1457 1458
l 1458 1459
l 1459 1460
l 1460 1461
l 1461 1462
l 1462 1463
l 1463 1464
l 1464 1465
l 1465 1466
l 1466 1467
l 1467 1468
l 1468 1469
l 1469 1470
l 1470 1471
l 1471 1472
l 1472 1473
l 1473 1474
l 1474 1475
l 1475 1476
l 1476 1477
l 1477 1478
l 1478 1479
l 1479 1480
l 1480 1481
l 1481 1482
l 1482 1483
l 1483 1484
l 1484 1485
l 1485 1486
l 1486 1487
l 1487 1488
l 1488 1489
l 1489 1490
l 1490 1491
l 1491 1492
l 1492 1493
l 1493 1494
l 1494 1495
l 1495 1496
l 1496 1497
l 1497 1498
l 1498 1499
l 1499 1500
l 1500 1501
l 1501 1502
l 1502 1503
l 1503 1504
l 1504 1505
l 1505 1506
l 1506 1507
l 1507 1508
l 1508 1509
l 1509 1510
l 1510 1511
l 1511 1512
l 1512 1513
l 1513 1514
l 1514 1515
l 1515 1516
l 1516 1517
l 1517 1518
l 1518 1519
l 1519 1520
l 1520 1521
l 1521 1522
l 1522 1523
l 1523 1524
l 1524 1525
l 1525 1526
l 1526 1527
l 1527 1528
l 1528 1529
l 1529 1530
l 1530 1531
l 1531 1532
l 1532 1533
l 1533 1534
l 1534 1535
l 1535 1536
l 1536 1537
l 1537 1538
l 1538 1539
l 1539 1540
l 1540 1541
l 1541 1542
l 1542 1543
l 1543 1544
l 1544 1545
l 1545 1546
l 1546 1547
l 1547 1548
l 1548 1549
l 1549 1550
l 1550 1551
l 1551 1552
l 1552 1553
l 1553 1554
l 1554 1555
l 1555 1556
l 1556 1557
l 1557 1558
l 1558 1559
l 1559 1560
l 1560 1561
l 1561 1562
l 1562 1563
l 1563 1564
l 1564 1565
l 1565 1566
l 1566 1567
l 1567 1568
l 1568 1569
l 1569 1570
l 1570 1571
l 1571 1572
l 1572 1573
l 1573 1574
l 1574 1575
l 1575 1576
l 1576 1577
l 1577 1578
l 1578 1579
l 1579 1580
l 1580 1581
l 1581 1582
l 1582 1583
l 1583 1584
l 1584 1585
l 1585 1586
l 1586 1587
l 1587 1588
l 1588 1589
l 1589 1590
l 1590 1591
l 1591 1592
l 1592 1593
l 1593 1594
l 1594 1595
l 1595 1596
l 1596 1597
l 1597 1598
l 1598 1599
l 1599 1600
l 1600 1601
l 1601 1602
l 1602 1603
l 1603 1604
l 1604 1605
l 1605 1606
l 1606 1607
l 1607 1608
l 1608 1609
l 1609 1610
l 1610 1611
l 1611 1612
l 1612 1613
l 1613 1614
l 1614 1615
l 1615 1616
l 1616 1617
l 1617 1618
l 1618 1619
l 1619 1620
l 1620 1621
l 1621 1622
l 1622 1623
l 1623 1624
l 1624 1625
l 1625 1626
l 1626 1627
l 1627 1628
l 1628 1629
l 1629 1630
l 1630 1631
l 1631 1632
l 1632 1633
l 1633 1634
l 1634 1635
l 1635 1636
l 1636 1637
l 1637 1638
l 1638 1639
l 1639 1640
l 1640 1641
l 1641 1642
l 1642 1643
l 1643 1644
l 1644 1645
l 1645 1646
l 1646 1647
l 1647 1648
l 1648 1649
l 1649 1650
l 1650 1651
l 1651 1652
l 1652 1653
l 1653 1654
l 1654 1655
l 1655 1656
l 1656 1657
l 1657 1658
l 1658 1659
l 1659 1660
l 1660 1661
l 1661 1662
l 1662 1663
l 1663 1664
l 1664 1665
l 1665 1666
l 1666 1667
l 1667 1668
l 1668 1669
l 1669 1670
l 1670 1671
l 1671 1672
l 1672 1673
l 1673 1674
l 1674 1675
l 1675 1676
l 1676 1677
l 1677 1678
l 1678 1679
l 1679 1680
l 1680 1681
l 1681 1682
l 1682 1683
l 1683 1684
l 1684 1685
l 1685 1686
l 1686 1687
l 1687 1688
l 1688 1689
l 1689 1690
l 1690 1691
l 1691 1692
l 1692 1693
l 1693 1694
l 1694 1695
l 1695 1696
l 1696 1697
l 1697 1698
l 1698 1699
l 1699 1700
l 1700 1701
l 1701 1702
l 1702 1703
l 1703 1704
l 1704 1705
l 1705 1706
l 1706 1707
l 1707 1708
l 1708 1709
l 1709 1710
l 1710 1711
l 1711 1712
l 1712 1713
l 1713 1714
l 1714 1715
l 1715 1716
l 1716 1717
l 1717 1718
l 1718 1719
l 1719 1720
l 1720 1721
l 1721 1722
l 1722 1723
l 1723 1724
l 1724 1725
l 1725 1726
l 1726 1727
l 1727 1728
l 1728 1729
l 1729 1730
l 1730 1731
l 1731 1732
l 1732 1733
l 1733 1734
l 1734 1735
l 1735 1736
l 1736 1737
l 1737 1738
l 1738 1739
l 1739 1740
l 1740 1741
l 1741 1742
l 1742 1743
l 1743 1744
l 1744 1745
l 1745 1746
l 1746 1747
l 1747 1748
l 1748 1749
l 1749 1750
l 1750 1751
l 1751 1752
l 1752 1753
l 1753 1754
l 1754 1755
l 1755 1756
l 1756 1757
l 1757 1758
l 1758 1759
l 1759 1760
l 1760 1761
l 1761 1762
l 1762 1763
l 1763 1764
l 1764 1765
l 1765 1766
l 1766 1767
l 1767 1768
l 1768 1769
l 1769 1770
l 1770 1771
l 1771 1772
l 1772 1773
l 1773 1774
l 1774 1775
l 1775 1776
l 1776 1777
l 1777 1778
l 1778 1779
l 1779 1780
l 1780 1781
l 1781 1782
l 1782 1783
l 1783 1784
l 1784 1785
l 1785 1786
l 1786 1787
l 1787 1788
l 1788 1789
l 1789 1790
l 1790 1791
l 1791 1792
l 1792 1793
l 1793 1794
l 1794 1795
l 1795 1796
l 1796 1797
l 1797 1798
l 1798 1799
l 1799 1800
l 1800 1801
l 1801 1802
l 1802 1803
l 1803 1804
l 1804 1805
l 1805 1806
l 1806 1807
l 1807 1808
l 1808 1809
l 1809 1810
l 1810 1811
l 1811 1812
l 1812 1813
l 1813 1814
l 1814 1815
l 1815 1816
l 1816 1817
l 1817 1818
l 1818 1819
l 1819 1820
l 1820 1821
l 1821 1822
l 1822 1823
l 1823 1824
l 1824 1825
l 1825 1826
l 1826 1827
l 1827 1828
l 1828 1829
l 1829 1830
l 1830 1831
l 1831 1832
l 1832 1833
l 1833 1834
l 1834 1835
l 1835 1836
l 1836 1837
l 1837 1838
l 1838 1839
l 1839 1840
l 1840 1841
l 1841 1842
l 1842 1843
l 1843 1844
l 1844 1845
l 1845 1846
l 1846 1847
l 1847 1848
l 1848 1849
l 1849 1850
l 1850 1851
l 1851 1852
l 1852 1853
l 1853 1854
l 1854 1855
l 1855 1856
l 1856 1857
l 1857 1858
l 1858 1859
l 1859 1860
l 1860 1861
l 1861 1862
l 1862 1863
l 1863 1864
l 1864 1865
l 1865 1866
l 1866 1867
l 1867 1868
l 1868 1869
l 1869 1870
l 1870 1871
l 1871 1872
l 1872 1873
l 1873 1874
l 1874 1875
l 1875 1876
l 1876 1877
l 1877 1878
l 1878 1879
l 1879 1880
l 1880 1881
l 1881 1882
l 1882 1883
l 1883 1884
l 1884 1885
l 1885 1886
l 1886 1887
l 1887 1888
l 1888 1889
l 1889 1890
l 1890 1891
l 1891 1892
l 1892 1893
l 1893 1894
l 1894 1895
l 1895 1896
l 1896 1897
l 1897 1898
l 1898 1899
l 1899 1900
l 1900 1901
l 1901 1902
l 1902 1903
l 1903 1904
l 1904 1905
l 1905 1906
l 1906 1907
l 1907 1908
l 1908 1909
l 1909 1910
l 1910 1911
l 1911 1912
l 1912 1913
l 1913 1914
l 1914 1915
l 1915 1916
l 1916 1917
l 1917 1918
l 1918 1919
l 1919 1920
l 1920 1921
l 1921 1922
l 1922 1923
l 1923 1924
l 1924 1925
l 1925 1926
l 1926 1927
l 1927 1928
l 1928 1929
l 1929 1930
l 1930 1931
l 1931 1932
l 1932 1933
l 1933 1934
l 1934 1935
l 1935 1936
l 1936 1937
l 1937 1938
l 1938 1939
l 1939 1940
l 1940 1941
l 1941 1942
l 1942 1943
l 1943 1944
l 1944 1945
l 1945 1946
l 1946 1947
l 1947 1948
l 1948 1949
l 1949 1950
l 1950 1951
l 1951 1952
l 1952 1953
l 1953 1954
l 1954 1955
l 1955 1956
l 1956 1957
l 1957 1958
l 1958 1959
l 1959 1960
l 1960 1961
l 1961 1962
l 1962 1963
l 1963 1964
l 1964 1965
l 1965 1966
l 1966 1967
l 1967 1968
l 1968 1969
l 1969 1970
l 1970 1971
l 1971 1972
l 1972 1973
l 1973 1974
l 1974 1975
l 1975 1976
l 1976 1977
l 1977 1978
l 1978 1979
l 1979 1980
l 1980 1981
l 1981 1982
l 1982 1983
l 1983 1984
l 1984 1985
l 1985 1986
l 1986 1987
l 1987 1988
l 1988 1989
l 1989 1990
l 1990 1991
l 1991 1992
l 1992 1993
l 1993 1994
l 1994 1995
l 1995 1996
l 1996 1997
l 1997 1998
l 1998 1999
l 1999 2000
l 2000 2001
l 2001 2002
l 2002 2003
l 2003 2004
l 2004 2005
l 2005 2006
l 2006 2007
l 2007 2008
l 2008 2009
l 2009 2010
l 2010 2011
l 2011 2012
l 2012 2013
l 2013 2014
l 2014 2015
l 2015 2016
l 2016 2017
l 2017 2018
l 2018 2019
l 2019 2020
l 2020 2021
l 2021 2022
l 2022 2023
l 2023 2024
l 2024 2025
l 2025 2026
l 2026 2027
l 2027 2028
l 2028 2029
l 2029 2030
l 2030 2031
l 2031 2032
l 2032 2033
l 2033 2034
l 2034 2035
l 2035 2036
l 2036 2037
l 2037 2038
l 2038 2039
l 2039 2040
l 2040 2041
l 2041 2042
l 2042 2043
l 2043 2044
l 2044 2045
l 2045 2046
l 2046 2047
l 2047 2048
l 2048 2049
l 2049 2050
l 2050 2051
l 2051 2052
l 2052 2053
l 2053 2054
l 2054 2055
l 2055 2056
l 2056 2057
l 2057 2058
l 2058 2059
l 2059 2060
l 2060 2061
l 2061 2062
l 2062 2063
l 2063 2064
l 2064 2065
l 2065 2066
l 2066 2067
l 2067 2068
l 2068 2069
l 2069 2070
l 2070 2071
l 2071 2072
l 2072 2073
l 2073 2074
l 2074 2075
l 2075 2076
l 2076 2077
l 2077 2078
l 2078 2079
l 2079 2080
l 2080 2081
l 2081 2082
l 2082 2083
l 2083 2084
l 2084 2085
l 2085 2086
l 2086 2087
l 2087 2088
l 2088 2089
l 2089 2090
l 2090 2091
l 2091 2092
l 2092 2093
l 2093 2094
l 2094 2095
l 2095 2096
l 2096 2097
l 2097 2098
l 2098 2099
l 2099 2100
l 2100 2101
l 2101 2102
l 2102 2103
l 2103 2104
l 2104 2105
l 2105 2106
l 2106 2107
l 2107 2108
l 2108 2109
l 2109 2110
l 2110 2111
l 2111 2112
l 2112 2113
l 2113 2114
l 2114 2115
l 2115 2116
l 2116 2117
l 2117 2118
l 2118 2119
l 2119 2120
l 2120 2121
l 2121 2122
l 2122 2123
l 2123 2124
l 2124 2125
l 2125 2126
l 2126 2127
l 2127 2128
l 2128 2129
l 2129 2130
l 2130 2131
l 2131 2132
l 2132 2133
l 2133 2134
l 2134 2135
l 2135 2136
l 2136 2137
l 2137 2138
l 2138 2139
l 2139 2140
l 2140 2141
l 2141 2142
l 2142 2143
l 2143 2144
l 2144 2145
l 2145 2146
l 2146 2147
l 2147 2148
l 2148 2149
l 2149 2150
l 2150 2151
l 2151 2152
l 2152 2153
l 2153 2154
l 2154 2155
l 2155 2156
l 2156 2157
l 2157 2158
l 2158 2159
l 2159 2160
l 2160 2161
l 2161 2162
l 2162 2163
l 2163 2164
l 2164 2165
l 2165 2166
l 2166 2167
l 2167 2168
l 2168 2169
l 2169 2170
l 2170 2171
l 2171 2172
l 2172 2173
l 2173 2174
l 2174 2175
l 2175 2176
l 2176 2177
l 2177 2178
l 2178 2179
l 2179 2180
l 2180 2181
l 2181 2182
l 2182 2183
l 2183 2184
l 2184 2185
l 2185 2186
l 2186 2187
l 2187 2188
l 2188 2189
l 2189 2190
l 2190 2191
l 2191 2192
l 2192 2193
l 2193 2194
l 2194 2195
l 2195 2196
l 2196 2197
l 2197 2198
l 2198 2199
l 2199 2200
l 2200 2201
l 2201 2202
l 2202 2203
l 2203 2204
l 2204 2205
l 2205 2206
l 2206 2207
l 2207 2208
l 2208 2209
l 2209 2210
l 2210 2211
l 2211 2212
l 2212 2213
l 2213 2214
l 2214 2215
l 2215 2216
l 2216 2217
l 2217 2218
l 2218 2219
l 2219 2220
l 2220 2221
l 2221 2222
l 2222 2223
l 2223 2224
l 2224 2225
l 2225 2226
l 2226 2227
l 2227 2228
l 2228 2229
l 2229 2230
l 2230 2231
l 2231 2232
l 2232 2233
l 2233 2234
l 2234 2235
l 2235 2236
l 2236 2237
l 2237 2238
l 2238 2239
l 2239 2240
l 2240 2241
l 2241 2242
l 2242 2243
l 2243 2244
l 2244 2245
l 2245 2246
l 2246 2247
l 2247 2248
l 2248 2249
l 2249 2250
l 2250 2251
l 2251 2252
l 2252 2253
l 2253 2254
l 2254 2255
l 2255 2256
l 2256 2257
l 2257 2258
l 2258 2259
l 2259 2260
l 2260 2261
l 2261 2262
l 2262 2263
l 2263 2264
l 2264 2265
l 2265 2266
l 2266 2267
l 2267 2268
l 2268 2269
l 2269 2270
l 2270 2271
l 2271 2272
l 2272 2273
l 2273 2274
l 2274 2275
l 2275 2276
l 2276 2277
l 2277 2278
l 2278 2279
l 2279 2280
l 2280 2281
l 2281 2282
l 2282 2283
l 2283 2284
l 2284 2285
l 2285 2286
l 2286 2287
l 2287 2288
l 2288 2289
l 2289 2290
l 2290 2291
l 2291 2292
l 2292 2293
l 2293 2294
l 2294 2295
l 2295 2296
l 2296 2297
l 2297 2298
l 2298 2299
l 2299 2300
l 2300 2301
l 2301 2302
l 2302 2303
l 2303 2304
l 2304 2305
l 2305 2306
l 2306 2307
l 2307 2308
l 2308 2309
l 2309 2310
l 2310 2311
l 2311 2312
l 2312 2313
l 2313 2314
l 2314 2315
l 2315 2316
l 2316 2317
l 2317 2318
l 2318 2319
l 2319 2320
l 2320 2321
l 2321 2322
l 2322 2323
l 2323 2324
l 2324 2325
l 2325 2326
l 2326 2327
l 2327 2328
l 2328 2329
l 2329 2330
l 2330 2331
l 2331 2332
l 2332 2333
l 2333 2334
l 2334 2335
l 2335 2336
l 2336 2337
l 2337 2338
l 2338 2339
l 2339 2340
l 2340 2341
l 2341 2342
l 2342 2343
l 2343 2344
l 2344 2345
l 2345 2346
l 2346 2347
l 2347 2348
l 2348 2349
l 2349 2350
l 2350 2351
l 2351 2352
l 2352 2353
l 2353 2354
l 2354 2355
l 2355 2356
l 2356 2357
l 2357 2358
l 2358 2359
l 2359 2360
l 2360 2361
l 2361 2362
l 2362 2363
l 2363 2364
l 2364 2365
l 2365 2366
l 2366 2367
l 2367 2368
l 2368 2369
l 2369 2370
l 2370 2371
l 2371 2372
l 2372 2373
l 2373 2374
l 2374 2375
l 2375 2376
l 2376 2377
l 2377 2378
l 2378 2379
l 2379 2380
l 2380 2381
l 2381 2382
l 2382 2383
l 2383 2384
l 2384 2385
l 2385 2386
l 2386 2387
l 2387 2388
l 2388 2389
l 2389 2390
l 2390 2391
l 2391 2392
l 2392 2393
l 2393 2394
l 2394 2395
l 2395 2396
l 2396 2397
l 2397 2398
l 2398 2399
l 2399 2400
l 2400 2401
l 2401 2402
l 2402 2403
l 2403 2404
l 2404 2405
l 2405 2406
l 2406 2407
l 2407 2408
l 2408 2409
l 2409 2410
l 2410 2411
l 2411 2412
l 2412 2413
l 2413 2414
l 2414 2415
l 2415 2416
l 2416 2417
l 2417 2418
l 2418 2419
l 2419 2420
l 2420 2421
l 2421 2422
l 2422 2423
l 2423 2424
l 2424 2425
l 2425 2426
l 2426 2427
l 2427 2428
l 2428 2429
l 2429 2430
l 2430 2431
l 2431 2432
l 2432 2433
l 2433 2434
l 2434 2435
l 2435 2436
l 2436 2437
l 2437 2438
l 2438 2439
l 2439 2440
l 2440 2441
l 2441 2442
l 2442 2443
l 2443 2444
l 2444 2445
l 2445 2446
l 2446 2447
l 2447 2448
l 2448 2449
l 2449 2450
l 2450 2451
l 2451 2452
l 2452 2453
l 2453 2454
l 2454 2455
l 2455 2456
l 2456 2457
l 2457 2458
l 2458 2459
l 2459 2460
l 2460 2461
l 2461 2462
l 2462 2463
l 2463 2464
l 2464 2465
l 2465 2466
l 2466 2467
l 2467 2468
l 2468 2469
l 2469 2470
l 2470 2471
l 2471 2472
l 2472 2473
l 2473 2474
l 2474 2475
l 2475 2476
l 2476 2477
l 2477 2478
l 2478 2479
l 2479 2480
l 2480 2481
l 2481 2482
l 2482 2483
l 2483 2484
l 2484 2485
l 2485 2486
l 2486 2487
l 2487 2488
l 2488 2489
l 2489 2490
l 2490 2491
l 2491 2492
l 2492 2493
l 2493 2494
l 2494 2495
l 2495 2496
l 2496 2497
l 2497 2498
l 2498 2499
l 2499 2500
l 2500 2501
l 2501 2502
l 2502 2503
l 2503 2504
l 2504 2505
l 2505 2506
l 2506 2507
l 2507 2508
l 2508 2509
l 2509 2510
l 2510 2511
l 2511 2512
l 2512 2513
l 2513 2514
l 2514 2515
l 2515 2516
l 2516 2517
l 2517 2518
l 2518 2519
l 2519 2520
l 2520 2521
l 2521 2522
l 2522 2523
l 2523 2524
l 2524 2525
l 2525 2526
l 2526 2527
l 2527 2528
l 2528 2529
l 2529 2530
l 2530 2531
l 2531 2532
l 2532 2533
l 2533 2534
l 2534 2535
l 2535 2536
l 2536 2537
l 2537 2538
l 2538 2539
l 2539 2540
l 2540 2541
l 2541 2542
l 2542 2543
l 2543 2544
l 2544 2545
l 2545 2546
l 2546 2547
l 2547 2548
l 2548 2549
l 2549 2550
l 2550 2551
l 2551 2552
l 2552 2553
l 2553 2554
l 2554 2555
l 2555 2556
l 2556 2557
l 2557 2558
l 2558 2559
l 2559 2560
l 2560 2561
l 2561 2562
l 2562 2563
l 2563 2564
l 2564 2565
l 2565 2566
l 2566 2567
l 2567 2568
l 2568 2569
l 2569 2570
l 2570 2571
l 2571 2572
l 2572 2573
l 2573 2574
l 2574 2575
l 2575 2576
l 2576 2577
l 2577 2578
l 2578 2579
l 2579 2580
l 2580 2581
l 2581 2582
l 2582 2583
l 2583 2584
l 2584 2585
l 2585 2586
l 2586 2587
l 2587 2588
l 2588 2589
l 2589 2590
l 2590 2591
l 2591 2592
l 2592 2593
l 2593 2594
l 2594 2595
l 2595 2596
l 2596 2597
l 2597 2598
l 2598 2599
l 2599 2600
l 2600 2601
l 2601 2602
l 2602 2603
l 2603 2604
l 2604 2605
l 2605 2606
l 2606 2607
l 2607 2608
l 2608 2609
l 2609 2610
l 2610 2611
l 2611 2612
l 2612 2613
l 2613 2614
l 2614 2615
l 2615 2616
l 2616 2617
l 2617 2618
l 2618 2619
l 2619 2620
l 2620 2621
l 2621 2622
l 2622 2623
l 2623 2624
l 2624 2625
l 2625 2626
l 2626 2627
l 2627 2628
l 2628 2629
l 2629 2630
l 2630 2631
l 2631 2632
l 2632 2633
l 2633 2634
l 2634 2635
l 2635 2636
l 2636 2637
l 2637 2638
l 2638 2639
l 2639 2640
l 2640 2641
l 2641 2642
l 2642 2643
l 2643 2644
l 2644 2645
l 2645 2646
l 2646 2647
l 2647 2648
l 2648 2649
l 2649 2650
l 2650 2651
l 2651 2652
l 2652 2653
l 2653 2654
l 2654 2655
l 2655 2656
l 2656 2657
l 2657 2658
l 2658 2659
l 2659 2660
l 2660 2661
l 2661 2662
l 2662 2663
l 2663 2664
l 2664 2665
l 2665 2666
l 2666 2667
l 2667 2668
l 2668 2669
l 2669 2670
l 2670 2671
l 2671 2672
l 2672 2673
l 2673 2674
l 2674 2675
l 2675 2676
l 2676 2677
l 2677 2678
l 2678 2679
l 2679 2680
l 2680 2681
l 2681 2682
l 2682 2683
l 2683 2684
l 2684 2685
l 2685 2686
l 2686 2687
l 2687 2688
l 2688 2689
l 2689 2690
l 2690 2691
l 2691 2692
l 2692 2693
l 2693 2694
l 2694 2695
l 2695 2696
l 2696 2697
l 2697 2698
l 2698 2699
l 2699 2700
l 2700 2701
l 2701 2702
l 2702 2703
l 2703 2704
l 2704 2705
l 2705 2706
l 2706 2707
l 2707 2708
l 2708 2709
l 2709 2710
l 2710 2711
l 2711 2712
l 2712 2713
l 2713 2714
l 2714 2715
l 2715 2716
l 2716 2717
l 2717 2718
l 2718 2719
l 2719 2720
l 2720 2721
l 2721 2722
l 2722 2723
l 2723 2724
l 2724 2725
l 2725 2726
l 2726 2727
l 2727 2728
l 2728 2729
l 2729 2730
l 2730 2731
l 2731 2732
l 2732 2733
l 2733 2734
l 2734 2735
l 2735 2736
l 2736 2737
l 2737 2738
l 2738 2739
l 2739 2740
l 2740 2741
l 2741 2742
l 2742 2743
l 2743 2744
l 2744 2745
l 2745 2746
l 2746 2747
l 2747 2748
l 2748 2749
l 2749 2750
l 2750 2751
l 2751 2752
l 2752 2753
l 2753 2754
l 2754 2755
l 2755 2756
l 2756 2757
l 2757 2758
l 2758 2759
l 2759 2760
l 2760 2761
l 2761 2762
l 2762 2763
l 2763 2764
l 2764 2765
l 2765 2766
l 2766 2767
l 2767 2768
l 2768 2769
l 2769 2770
l 2770 2771
l 2771 2772
l 2772 2773
l 2773 2774
l 2774 2775
l 2775 2776
l 2776 2777
l 2777 2778
l 2778 2779
l 2779 2780
l 2780 2781
l 2781 2782
l 2782 2783
l 2783 2784
l 2784 2785
l 2785 2786
l 2786 2787
l 2787 2788
l 2788 2789
l 2789 2790
l 2790 2791
l 2791 2792
l 2792 2793
l 2793 2794
l 2794 2795
l 2795 2796
l 2796 2797
l 2797 2798
l 2798 2799
l 2799 2800
l 2800 2801
l 2801 2802
l 2802 2803
l 2803 2804
l 2804 2805
l 2805 2806
l 2806 2807
l 2807 2808
l 2808 2809
l 2809 2810
l 2810 2811
l 2811 2812
l 2812 2813
l 2813 2814
l 2814 2815
l 2815 2816
l 2816 2817
l 2817 2818
l 2818 2819
l 2819 2820
l 2820 2821
l 2821 2822
l 2822 2823
l 2823 2824
l 2824 2825
l 2825 2826
l 2826 2827
l 2827 2828
l 2828 2829
l 2829 2830
l 2830 2831
l 2831 2832
l 2832 2833
l 2833 2834
l 2834 2835
l 2835 2836
l 2836 2837
l 2837 2838
l 2838 2839
l 2839 2840
l 2840 2841
l 2841 2842
l 2842 2843
l 2843 2844
l 2844 2845
l 2845 2846
l 2846 2847
l 2847 2848
l 2848 2849
l 2849 2850
l 2850 2851
l 2851 2852
l 2852 2853
l 2853 2854
l 2854 2855
l 2855 2856
l 2856 2857
l 2857 2858
l 2858 2859
l 2859 2860
l 2860 2861
l 2861 2862
l 2862 2863
l 2863 2864
l 2864 2865
l 2865 2866
l 2866 2867
l 2867 2868
l 2868 2869
l 2869 2870
l 2870 2871
l 2871 2872
l 2872 2873
l 2873 2874
l 2874 2875
l 2875 2876
l 2876 2877
l 2877 2878
l 2878 2879
l 2879 2880
l 2880 2881
l 2881 2882
l 2882 2883
l 2883 2884
l 2884 2885
l 2885 2886
l 2886 2887
l 2887 2888
l 2888 2889
l 2889 2890
l 2890 2891
l 2891 2892
l 2892 2893
l 2893 2894
l 2894 2895
l 2895 2896
l 2896 2897
l 2897 2898
l 2898 2899
l 2899 2900
l 2900 2901
l 2901 2902
l 2902 2903
l 2903 2904
l 2904 2905
l 2905 2906
l 2906 2907
l 2907 2908
l 2908 2909
l 2909 2910
l 2910 2911
l 2911 2912
l 2912 2913
l 2913 2914
l 2914 2915
l 2915 2916
l 2916 2917
l 2917 2918
l 2918 2919
l 2919 2920
l 2920 2921
l 2921 2922
l 2922 2923
l 2923 2924
l 2924 2925
l 2925 2926
l 2926 2927
l 2927 2928
l 2928 2929
l 2929 2930
l 2930 2931
l 2931 2932
l 2932 2933
l 2933 2934
l 2934 2935
l 2935 2936
l 2936 2937
l 2937 2938
l 2938 2939
l 2939 2940
l 2940 2941
l 2941 2942
l 2942 2943
l 2943 2944
l 2944 2945
l 2945 2946
l 2946 2947
l 2947 2948
l 2948 2949
l 2949 2950
l 2950 2951
l 2951 2952
l 2952 2953
l 2953 2954
l 2954 2955
l 2955 2956
l 2956 2957
l 2957 2958
l 2958 2959
l 2959 2960
l 2960 2961
l 2961 2962
l 2962 2963
l 2963 2964
l 2964 2965
l 2965 2966
l 2966 2967
l 2967 2968
l 2968 2969
l 2969 2970
l 2970 2971
l 2971 2972
l 2972 2973
l 2973 2974
l 2974 2975
l 2975 2976
l 2976 2977
l 2977 2978
l 2978 2979
l 2979 2980
l 2980 2981
l 2981 2982
l 2982 2983
l 2983 2984
l 2984 2985
l 2985 2986
l 2986 2987
l 2987 2988
l 2988 2989
l 2989 2990
l 2990 2991
l 2991 2992
l 2992 2993
l 2993 2994
l 2994 2995
l 2995 2996
l 2996 2997
l 2997 2998
l 2998 2999
l 2999 3000
l 3000 3001
l 3001 3002
l 3002 3003
l 3003 3004
l 3004 3005
l 3005 3006
l 3006 3007
l 3007 3008
l 3008 3009
l 3009 3010
l 3010 3011
l 3011 3012
l 3012 3013
l 3013 3014
l 3014 3015
l 3015 3016
l 3016 3017
l 3017 3018
l 3018 3019
l 3019 3020
l 3020 3021
l 3021 3022
l 3022 3023
l 3023 3024
l 3024 3025
l 3025 3026
l 3026 3027
l 3027 3028
l 3028 3029
l 3029 3030
l 3030 3031
l 3031 3032
l 3032 3033
l 3033 3034
l 3034 3035
l 3035 3036
l 3036 3037
l 3037 3038
l 3038 3039
l 3039 3040
l 3040 3041
l 3041 3042
l 3042 3043
l 3043 3044
l 3044 3045
l 3045 3046
l 3046 3047
l 3047 3048
l 3048 3049
l 3049 3050
l 3050 3051
l 3051 3052
l 3052 3053
l 3053 3054
l 3054 3055
l 3055 3056
l 3056 3057
l 3057 3058
l 3058 3059
l 3059 3060
l 3060 3061
l 3061 3062
l 3062 3063
l 3063 3064
l 3064 3065
l 3065 3066
l 3066 3067
l 3067 3068
l 3068 3069
l 3069 3070
l 3070 3071
l 3071 3072
l 3072 3073
l 3073 3074
l 3074 3075
l 3075 3076
l 3076 3077
l 3077 3078
l 3078 3079
l 3079 3080
l 3080 3081
l 3081 3082
l 3082 3083
l 3083 3084
l 3084 3085
l 3085 3086
l 3086 3087
l 3087 3088
l 3088 3089
l 3089 3090
l 3090 3091
l 3091 3092
l 3092 3093
l 3093 3094
l 3094 3095
l 3095 3096
l 3096 3097
l 3097 3098
l 3098 3099
l 3099 3100
l 3100 3101
l 3101 3102
l 3102 3103
l 3103 3104
l 3104 3105
l 3105 3106
l 3106 3107
l 3107 3108
l 3108 3109
l 3109 3110
l 3110 3111
l 3111 3112
l 3112 3113
l 3113 3114
l 3114 3115
l 3115 3116
l 3116 3117
l 3117 3118
l 3118 3119
l 3119 3120
l 3120 3121
l 3121 3122
l 3122 3123
l 3123 3124
l 3124 3125
l 3125 3126
l 3126 3127
l 3127 3128
l 3128 3129
l 3129 3130
l 3130 3131
l 3131 3132
l 3132 3133
l 3133 3134
l 3134 3135
l 3135 3136
l 3136 3137
l 3137 3138
l 3138 3139
l 3139 3140
l 3140 3141
l 3141 3142
l 3142 3143
l 3143 3144
l 3144 3145
l 3145 3146
l 3146 3147
l 3147 3148
l 3148 3149
l 3149 3150
l 3150 3151
l 3151 3152
l 3152 3153
l 3153 3154
l 3154 3155
l 3155 3156
l 3156 3157
l 3157 3158
l 3158 3159
l 3159 3160
l 3160 3161
l 3161 3162
l 3162 3163
l 3163 3164
l 3164 3165
l 3165 3166
l 3166 3167
l 3167 3168
l 3168 3169
l 3169 3170
l 3170 3171
l 3171 3172
l 3172 3173
l 3173 3174
l 3174 3175
l 3175 3176
l 3176 3177
l 3177 3178
l 3178 3179
l 3179 3180
l 3180 3181
l 3181 3182
l 3182 3183
l 3183 3184
l 3184 3185
l 3185 3186
l 3186 3187
l 3187 3188
l 3188 3189
l 3189 3190
l 3190 3191
l 3191 3192
l 3192 3193
l 3193 3194
l 3194 3195
l 3195 3196
l 3196 3197
l 3197 3198
l 3198 3199
l 3199 3200
l 3200 3201
l 3201 3202
l 3202 3203
l 3203 3204
l 3204 3205
l 3205 3206
l 3206 3207
l 3207 3208
l 3208 3209
l 3209 3210
l 3210 3211
l 3211 3212
l 3212 3213
l 3213 3214
l 3214 3215
l 3215 3216
l 3216 3217
l 3217 3218
l 3218 3219
l 3219 3220
l 3220 3221
l 3221 3222
l 3222 3223
l 3223 3224
l 3224 3225
l 3225 3226
l 3226 3227
l 3227 3228
l 3228 3229
l 3229 3230
l 3230 3231
l 3231 3232
l 3232 3233
l 3233 3234
l 3234 3235
l 3235 3236
l 3236 3237
l 3237 3238
l 3238 3239
l 3239 3240
l 3240 3241
l 3241 3242
l 3242 3243
l 3243 3244
l 3244 3245
l 3245 3246
l 3246 3247
l 3247 3248
l 3248 3249
l 3249 3250
l 3250 3251
l 3251 3252
l 3252 3253
l 3253 3254
l 3254 3255
l 3255 3256
l 3256 3257
l 3257 3258
l 3258 3259
l 3259 3260
l 3260 3261
l 3261 3262
l 3262 3263
l 3263 3264
l 3264 3265
l 3265 3266
l 3266 3267
l 3267 3268
l 3268 3269
l 3269 3270
l 3270 3271
l 3271 3272
l 3272 3273
l 3273 3274
l 3274 3275
l 3275 3276
l 3276 3277
l 3277 3278
l 3278 3279
l 3279 3280
l 3280 3281
l 3281 3282
l 3282 3283
l 3283 3284
l 3284 3285
l 3285 3286
l 3286 3287
l 3287 3288
l 3288 3289
l 3289 3290
l 3290 3291
l 3291 3292
l 3292 3293
l 3293 3294
l 3294 3295
l 3295 3296
l 3296 3297
l 3297 3298
l 3298 3299
l 3299 3300
l 3300 3301
l 3301 3302
l 3302 3303
l 3303 3304
l 3304 3305
l 3305 3306
l 3306 3307
l 3307 3308
l 3308 3309
l 3309 3310
l 3310 3311
l 3311 3312
l 3312 3313
l 3313 3314
l 3314 3315
l 3315 3316
l 3316 3317
l 3317 3318
l 3318 3319
l 3319 3320
l 3320 3321
l 3321 3322
l 3322 3323
l 3323 3324
l 3324 3325
l 3325 3326
l 3326 3327
l 3327 3328
l 3328 3329
l 3329 3330
l 3330 3331
l 3331 3332
l 3332 3333
l 3333 3334
l 3334 3335
l 3335 3336
l 3336 3337
l 3337 3338
l 3338 3339
l 3339 3340
l 3340 3341
l 3341 3342
l 3342 3343
l 3343 3344
l 3344 3345
l 3345 3346
l 3346 3347
l 3347 3348
l 3348 3349
l 3349 3350
l 3350 3351
l 3351 3352
l 3352 3353
l 3353 3354
l 3354 3355
l 3355 3356
l 3356 3357
l 3357 3358
l 3358 3359
l 3359 3360
l 3360 3361
l 3361 3362
l 3362 3363
l 3363 3364
l 3364 3365
l 3365 3366
l 3366 3367
l 3367 3368
l 3368 3369
l 3369 3370
l 3370 3371
l 3371 3372
l 3372 3373
l 3373 3374
l 3374 3375
l 3375 3376
l 3376 3377
l 3377 3378
l 3378 3379
l 3379 3380
l 3380 3381
l 3381 3382
l 3382 3383
l 3383 3384
l 3384 3385
l 3385 3386
l 3386 3387
l 3387 3388
l 3388 3389
l 3389 3390
l 3390 3391
l 3391 3392
l 3392 3393
l 3393 3394
l 3394 3395
l 3395 3396
l 3396 3397
l 3397 3398
l 3398 3399
l 3399 3400
l 3400 3401
l 3401 3402
l 3402 3403
l 3403 3404
l 3404 3405
l 3405 3406
l 3406 3407
l 3407 3408
l 3408 3409
l 3409 3410
l 3410 3411
l 3411 3412
l 3412 3413
l 3413 3414
l 3414 3415
l 3415 3416
l 3416 3417
l 3417 3418
l 3418 3419
l 3419 3420
l 3420 3421
l 3421 3422
l 3422 3423
l 3423 3424
l 3424 3425
l 3425 3426
l 3426 3427
l 3427 3428
l 3428 3429
l 3429 3430
l 3430 3431
l 3431 3432
l 3432 3433
l 3433 3434
l 3434 3435
l 3435 3436
l 3436 3437
l 3437 3438
l 3438 3439
l 3439 3440
l 3440 3441
l 3441 3442
l 3442 3443
l 3443 3444
l 3444 3445
l 3445 3446
l 3446 3447
l 3447 3448
l 3448 3449
l 3449 3450
l 3450 3451
l 3451 3452
l 3452 3453
l 3453 3454
l 3454 3455
l 3455 3456
l 3456 3457
l 3457 3458
l 3458 3459
l 3459 3460
l 3460 3461
l 3461 3462
l 3462 3463
l 3463 3464
l 3464 3465
l 3465 3466
l 3466 3467
l 3467 3468
l 3468 3469
l 3469 3470
l 3470 3471
l 3471 3472
l 3472 3473
l 3473 3474
l 3474 3475
l 3475 3476
l 3476 3477
l 3477 3478
l 3478 3479
l 3479 3480
l 3480 3481
l 3481 3482
l 3482 3483
l 3483 3484
l 3484 3485
l 3485 3486
l 3486 3487
l 3487 3488
l 3488 3489
l 3489 3490
l 3490 3491
l 3491 3492
l 3492 3493
l 3493 3494
l 3494 3495
l 3495 3496
l 3496 3497
l 3497 3498
l 3498 3499
l 3499 3500
l 3500 3501
l 3501 3502
l 3502 3503
l 3503 3504
l 3504 3505
l 3505 3506
l 3506 3507
l 3507 3508
l 3508 3509
l 3509 3510
l 3510 3511
l 3511 3512
l 3512 3513
l 3513 3514
l 3514 3515
l 3515 3516
l 3516 3517
l 3517 3518
l 3518 3519
l 3519 3520
l 3520 3521
l 3521 3522
l 3522 3523
l 3523 3524
l 3524 3525
l 3525 3526
l 3526 3527
l 3527 3528
l 3528 3529
l 3529 3530
l 3530 3531
l 3531 3532
l 3532 3533
l 3533 3534
l 3534 3535
l 3535 3536
l 3536 3537
l 3537 3538
l 3538 3539
l 3539 3540
l 3540 3541
l 3541 3542
l 3542 3543
l 3543 3544
l 3544 3545
l 3545 3546
l 3546 3547
l 3547 3548
l 3548 3549
l 3549 3550
l 3550 3551
l 3551 3552
l 3552 3553
l 3553 3554
l 3554 3555
l 3555 3556
l 3556 3557
l 3557 3558
l 3558 3559
l 3559 3560
l 3560 3561
l 3561 3562
l 3562 3563
l 3563 3564
l 3564 3565
l 3565 3566
l 3566 3567
l 3567 3568
l 3568 3569
l 3569 3570
l 3570 3571
l 3571 3572
l 3572 3573
l 3573 3574
l 3574 3575
l 3575 3576
l 3576 3577
l 3577 3578
l 3578 3579
l 3579 3580
l 3580 3581
l 3581 3582
l 3582 3583
l 3583 3584
l 3584 3585
l 3585 3586
l 3586 3587
l 3587 3588
l 3588 3589
l 3589 3590
l 3590 3591
l 3591 3592
l 3592 3593
l 3593 3594
l 3594 3595
l 3595 3596
l 3596 3597
l 3597 3598
l 3598 3599
l 3599 3600
l 3600 3601
l 3601 3602
l 3602 3603
l 3603 3604
l 3604 3605
l 3605 3606
l 3606 3607
l 3607 3608
l 3608 3609
l 3609 3610
l 3610 3611
l 3611 3612
l 3612 3613
l 3613 3614
l 3614 3615
l 3615 3616
l 3616 3617
l 3617 3618
l 3618 3619
l 3619 3620
l 3620 3621
l 3621 3622
l 3622 3623
l 3623 3624
l 3624 3625
l 3625 3626
l 3626 3627
l 3627 3628
l 3628 3629
l 3629 3630
l 3630 3631
