v -0.16902218836724342 0.3343170361005104 0.3610889024788737
v -0.17393423390816248 0.33612728943648834 0.36225641582775475
v -0.17891962045794105 0.33792035961442096 0.36340726435764925
v -0.18397917712652845 0.3396953246018736 0.36454062673231563
v -0.1891137281959155 0.3414512325831502 0.36565565477170536
v -0.194324092035024 0.34318710120374085 0.3667514727707835
v -0.19961107994908317 0.34490191680887355 0.36782717681303395
v -0.20497549496066456 0.3465946336773096 0.3688818340796764
v -0.21041813051948782 0.3482641732516493 0.3699144821557371
v -0.21593976913804233 0.3499094233665414 0.3709241283342302
v -0.2215411809500163 0.35152923747632264 0.3719097489198242
v -0.22722312218847288 0.35312243388376197 0.37287028853350446
v -0.23298633358066534 0.35468779497173125 0.3738046594198742
v -0.23883153865634751 0.35622406643979204 0.3747117407588856
v -0.2447594419664079 0.3577299565478567 0.3755903779839512
v -0.25077072720862903 0.35920413536926055 0.3764393821085354
v -0.2568660552573745 0.3606452340557792 0.3772575290635177
v -0.2630460620939989 0.36205184411731767 0.3780435590477807
v -0.26931135663480016 0.36342251671921555 0.3787961758946793
v -0.2756625184533605 0.3647557620003295 0.3795140464572403
v -0.2821000953941703 0.3660500484152875 0.38019580001515363
v -0.28862460107450155 0.36730380210455144 0.3808400277068324
v -0.2952365122715742 0.36851540629617546 0.38144528199004607
v -0.30193626619217817 0.3696832007434109 0.3820100761348698
v -0.3087242576220392 0.3708054812025787 0.38253288375293615
v -0.315600835952382 0.3718804989559177 0.38301213836723036
v -0.3225663020813277 0.37290646038439806 0.38344623302693115
v -0.32962090518798914 0.37388152659579954 0.383833519972073
v -0.3367648393773707 0.37480381311365335 0.3841723103530755
v -0.3439982401944817 0.37567138963296554 0.3844608740104789
v -0.3513211810063901 0.37648227984895777 0.3846974393205029
v -0.3587336692513189 0.3772344613653884 0.38488019311234933
v -0.36623564255430063 0.3779258656893436 0.3850072806634564
v -0.37382696470937044 0.3785543783197203 0.38507680577921855
v -0.38150742152878475 0.379117838936954 0.38508683096397645
v -0.38927671656032103 0.37961404170187035 0.3850353776903855
v -0.397134466674339 0.3800407356718675 0.38492042677455607
v -0.4050801975229544 0.38039562534295046 0.3847399188646527
v -0.4131133388744277 0.3806763713264463 0.3844917550509066
v -0.42123321982666573 0.3808805911695302 0.38417379760527487
v -0.4294390639046156 0.38100586032895595 0.3837838708592162
v -0.43772998404725927 0.3810497133076602 0.3833197622282955
v -0.44610497749093847 0.3810096449641251 0.38277922339253434
v -0.454562920556814 0.3808831120046034 0.3821599716416093
v -0.46310256335141964 0.3806675346684648 0.38145969139415487
v -0.4717225243905042 0.3803602986170655 0.38067603590053906
v -0.48042128515765586 0.3799587570366183 0.37980662913856555
v -0.4891971846105759 0.3794602329655787 0.3788490679115768
v -0.4980484136493195 0.3788620218570423 0.3778009241584207
v -0.5069730095623465 0.37816139438655083 0.3766597474846569
v -0.5159688504677903 0.3773555995155573 0.3754230679242392
v -0.5250336497690316 0.3764418678205562 0.3740883989406976
v -0.5341649506453376 0.37541741509756776 0.37265324067655436
v -0.5433601206001121 0.3742794462512401 0.371115083459324
v -0.5526163460910873 0.37302515947733017 0.36947141157199703
v -0.5619306272686383 0.37165175074668527 0.36771970729532755
v -0.5712997728502488 0.370156418598114 0.36585745522858776
v -0.5807203951610499 0.3685363692466656 0.36388214689466375
v -0.5901889053722168 0.36678882201284035 0.36179128563447494
v -0.5997015089708676 0.36491101507712137 0.35958239179467005
v -0.6092542014969315 0.36290021156293045 0.35725300821140255
v -0.6188427645842394 0.3607537059496952 0.3548007059917013
v -0.6284627623447661 0.35846883081611564 0.3522230905925192
v -0.6381095381365741 0.3560429639119846 0.3495178081959755
v -0.6477782117574861 0.3534735355550122 0.3466825523775904
v -0.6574636771078365 0.35075803634703 0.3437150710624442
v -0.6671606003668352 0.3478940252017345 0.34061317376218897
v -0.6768634187280156 0.34487913767372796 0.337374739083685
v -0.6865663397399638 0.341711094576081 0.3339977224977371
v -0.6962633412989896 0.3383877108709419 0.330480164353989
v -0.7059481723405604 0.33490690481488916 0.32682019812546714
v -0.7156143542761226 0.33126670733775093 0.32301605886359774
v -0.7252551832214453 0.32746527163055467 0.3190660918417565
v -0.7348637330616381 0.3235008829150812 0.3149687613625339
v -0.7444328593966837 0.31937196836424875 0.3107226597009781
v -0.7539552044094823 0.3150771071392579 0.30632651615309425
v -0.7634232026961204 0.3106150405060738 0.3017792061558709
v -0.7728290880952734 0.3059846819905203 0.2970797604421124
v -0.7821649015503074 0.3011851275279383 0.29222737419037226
v -0.7914225000337722 0.29621566556015655 0.28722141612738716
v -0.8005935665595444 0.29107578702940523 0.28206143753760543
v -0.8096696213028384 0.2857651952158354 0.2767471811317246
v -0.8186420338427878 0.28028381536255664 0.2712785897236733
v -0.8275020365361114 0.274631804029561 0.2656558146631858
v -0.836240739023753 0.2688095581156931 0.25987922396911317
v -0.8448491438651424 0.26281772348589244 0.25394941010689015
v -0.8533181632870832 0.25665720313945845 0.2478671973522243
v -0.8616386370260937 0.25032916485396345 0.24163364868208317
v -0.8698013512345399 0.24383504823886745 0.2352500721335221
v -0.87779705841198 0.23717657113278198 0.2287180265708051
v -0.8856164983140381 0.23035573527881828 0.22203932680171642
v -0.8932504197817593 0.2233748312135257 0.2152160479849154
v -0.900689603424996 0.21623644230663497 0.20825052927173926
v -0.9079248850839013 0.2089434478911897 0.20114537662798068
v -0.9149471799832833 0.20149902542667936 0.19390346478391343
v -0.9217475074854289 0.19390665164152285 0.18652793826419098
v -0.928317016338181 0.18617010260565614 0.17902221145323
v -0.9346470103066997 0.17829345268908475 0.17138996765628328
v -0.9407289740694894 0.17028107236802986 0.163635157121606
v -0.9465545992521819 0.16213762484668096 0.15576199399488944
v -0.9521158104661969 0.15386806146960502 0.14777495218345682
v -0.957404791213997 0.14547761590739497 0.13967876011452976
v -0.9624140095182889 0.13697179710622537 0.13147839437914813
v -0.9671362431291866 0.1283563810004481 0.12317907226095995
v -0.9715646041613745 0.11963740099621398 0.11478624315708313
v -0.9756925630124844 0.11082113724319723 0.10630557890643409
v -0.9795139714145097 0.10191410472076776 0.09774296304927477
v -0.983023084472061 0.09292304017431209 0.08910447905015424
v -0.9862145815446776 0.08385488794666218 0.08039639752479083
v -0.9890835858352481 0.07471678475878787 0.07162516251970019
v -0.9916256825528468 0.06551604350275228 0.06279737690137703
v -0.9938369355259726 0.056260136118482 0.05391978691952733
v -0.9957139021511383 0.046956675633912176 0.0449992660160772
v -0.99725364657201 0.03761339745552995 0.036042797958409485
v -0.9984537509957352 0.028238140003085027 0.02705745938136533
v -0.9993123250655289 0.018838824788233805 0.018050401827946243
v -0.9998280132220201 0.009423436041984435 0.009028833383255441
v -0.9999999999999993 7.850462293418871e-17 8.800166610376719e-17
v -0.9998280132220201 -0.00942343604198475 -0.009028833383255584
v -0.9993123250655289 -0.01883882478823404 -0.018050401827946386
v -0.9984537509957352 -0.028238140003084874 -0.027057459381365476
v -0.99725364657201 -0.03761339745552971 -0.036042797958409305
v -0.9957139021511383 -0.04695667563391249 -0.04499926601607735
v -0.9938369355259726 -0.056260136118481845 -0.05391978691952748
v -0.9916256825528468 -0.06551604350275259 -0.06279737690137717
v -0.9890835858352479 -0.07471678475878811 -0.07162516251970033
v -0.9862145815446776 -0.08385488794666242 -0.08039639752479097
v -0.9830230844720608 -0.09292304017431233 -0.08910447905015438
v -0.9795139714145097 -0.10191410472076806 -0.0977429630492749
v -0.9756925630124844 -0.11082113724319699 -0.10630557890643423
v -0.9715646041613745 -0.11963740099621428 -0.11478624315708327
v -0.9671362431291866 -0.12835638100044836 -0.12317907226096009
v -0.9624140095182889 -0.1369717971062253 -0.13147839437914827
v -0.957404791213997 -0.14547761590739522 -0.1396787601145299
v -0.9521158104661969 -0.15386806146960488 -0.14777495218345665
v -0.9465545992521819 -0.16213762484668118 -0.15576199399488957
v -0.9407289740694894 -0.17028107236803014 -0.16363515712160615
v -0.934647010306699 -0.17829345268908492 -0.1713899676562833
v -0.928317016338181 -0.18617010260565606 -0.17902221145322983
v -0.9217475074854289 -0.19390665164152307 -0.1865279382641911
v -0.9149471799832833 -0.2014990254266797 -0.1939034647839136
v -0.9079248850839006 -0.20894344789118932 -0.20114537662798065
v -0.900689603424996 -0.21623644230663486 -0.20825052927173912
v -0.8932504197817593 -0.22337483121352553 -0.21521604798491548
v -0.8856164983140381 -0.2303557352788185 -0.2220393268017165
v -0.87779705841198 -0.23717657113278226 -0.22871802657080523
v -0.8698013512345392 -0.24383504823886745 -0.2352500721335221
v -0.8616386370260934 -0.2503291648539637 -0.24163364868208326
v -0.8533181632870832 -0.25665720313945867 -0.24786719735222437
v -0.8448491438651424 -0.2628177234858927 -0.2539494101068903
v -0.836240739023753 -0.26880955811569296 -0.25987922396911334
v -0.8275020365361114 -0.27463180402956117 -0.2656558146631859
v -0.8186420338427878 -0.2802838153625565 -0.27127858972367336
v -0.8096696213028384 -0.2857651952158356 -0.2767471811317247
v -0.8005935665595443 -0.29107578702940545 -0.28206143753760554
v -0.7914225000337725 -0.29621566556015644 -0.287221416127387
v -0.7821649015503066 -0.3011851275279383 -0.2922273741903721
v -0.7728290880952734 -0.3059846819905203 -0.29707976044211254
v -0.7634232026961204 -0.3106150405060739 -0.301779206155871
v -0.7539552044094823 -0.31507710713925796 -0.3063265161530942
v -0.7444328593966836 -0.31937196836424897 -0.31072265970097823
v -0.7348637330616382 -0.3235008829150811 -0.31496876136253404
v -0.7252551832214453 -0.3274652716305549 -0.31906609184175655
v -0.7156143542761233 -0.33126670733775104 -0.32301605886359785
v -0.7059481723405601 -0.334906904814889 -0.32682019812546703
v -0.6962633412989895 -0.33838771087094216 -0.33048016435398914
v -0.6865663397399633 -0.34171109457608084 -0.333997722497737
v -0.6768634187280154 -0.3448791376737281 -0.33737473908368515
v -0.667160600366835 -0.3478940252017346 -0.34061317376218914
v -0.657463677107836 -0.35075803634703007 -0.3437150710624442
v -0.6477782117574861 -0.3534735355550121 -0.3466825523775905
v -0.638109538136574 -0.35604296391198476 -0.34951780819597555
v -0.6284627623447656 -0.3584688308161155 -0.3522230905925191
v -0.6188427645842394 -0.3607537059496952 -0.3548007059917014
v -0.6092542014969311 -0.36290021156293045 -0.3572530082114025
v -0.5997015089708676 -0.36491101507712137 -0.3595823917946701
v -0.5901889053722169 -0.3667888220128403 -0.36179128563447477
v -0.5807203951610495 -0.36853636924666555 -0.36388214689466364
v -0.5712997728502484 -0.3701564185981139 -0.3658574552285877
v -0.5619306272686384 -0.37165175074668516 -0.3677197072953276
v -0.5526163460910878 -0.37302515947733017 -0.3694714115719971
v -0.5433601206001121 -0.37427944625124027 -0.37111508345932404
v -0.5341649506453376 -0.37541741509756776 -0.3726532406765544
v -0.5250336497690314 -0.3764418678205564 -0.3740883989406977
v -0.5159688504677906 -0.37735559951555725 -0.37542306792423924
v -0.5069730095623464 -0.3781613943865509 -0.376659747484657
v -0.49804841364931945 -0.3788620218570425 -0.3778009241584208
v -0.48919718461057554 -0.3794602329655786 -0.3788490679115767
v -0.48042128515765564 -0.3799587570366179 -0.3798066291385654
v -0.4717225243905037 -0.3803602986170655 -0.3806760359005391
v -0.4631025633514191 -0.38066753466846487 -0.3814596913941549
v -0.45456292055681435 -0.3808831120046036 -0.3821599716416095
v -0.44610497749093864 -0.3810096449641251 -0.38277922339253423
v -0.43772998404725927 -0.38104971330766013 -0.38331976222829556
v -0.4294390639046154 -0.38100586032895595 -0.3837838708592161
v -0.4212332198266657 -0.38088059116953027 -0.3841737976052749
v -0.4131133388744276 -0.38067637132644644 -0.38449175505090666
v -0.40508019752295427 -0.38039562534295024 -0.38473991886465264
v -0.39713446667433866 -0.3800407356718676 -0.3849204267745562
v -0.38927671656032115 -0.37961404170187035 -0.38503537769038537
v -0.38150742152878486 -0.37911783893695417 -0.3850868309639765
v -0.3738269647093707 -0.3785543783197204 -0.3850768057792186
v -0.3662356425543007 -0.3779258656893435 -0.3850072806634565
v -0.35873366925131867 -0.3772344613653883 -0.3848801931123492
v -0.35132118100639004 -0.3764822798489578 -0.38469743932050293
v -0.34399824019448155 -0.37567138963296554 -0.3844608740104789
v -0.3367648393773704 -0.37480381311365324 -0.38417231035307553
v -0.32962090518798937 -0.37388152659579954 -0.38383351997207305
v -0.32256630208132786 -0.3729064603843982 -0.3834462330269313
v -0.31560083595238186 -0.37188049895591774 -0.38301213836723036
v -0.3087242576220392 -0.3708054812025787 -0.38253288375293615
v -0.3019362661921781 -0.3696832007434106 -0.3820100761348697
v -0.29523651227157405 -0.36851540629617546 -0.38144528199004596
v -0.2886246010745013 -0.36730380210455144 -0.3808400277068324
v -0.28210009539416997 -0.36605004841528743 -0.3801958000151535
v -0.2756625184533602 -0.36475576200032944 -0.37951404645724024
v -0.2693113566348005 -0.3634225167192156 -0.37879617589467934
v -0.2630460620939989 -0.36205184411731767 -0.3780435590477807
v -0.2568660552573744 -0.3606452340557793 -0.3772575290635177
v -0.25077072720862903 -0.35920413536926055 -0.3764393821085354
v -0.24475944196640795 -0.3577299565478567 -0.37559037798395123
v -0.23883153865634743 -0.3562240664397921 -0.37471174075888564
v -0.23298633358066506 -0.35468779497173125 -0.37380465941987406
v -0.2272231221884727 -0.3531224338837619 -0.37287028853350446
v -0.22154118095001646 -0.3515292374763227 -0.3719097489198242
v -0.21593976913804247 -0.3499094233665413 -0.3709241283342302
v -0.21041813051948782 -0.3482641732516493 -0.3699144821557371
v -0.20497549496066444 -0.34659463367730975 -0.3688818340796764
v -0.19961107994908306 -0.34490191680887355 -0.367827176813034
v -0.194324092035024 -0.3431871012037407 -0.36675147277078346
v -0.18911372819591538 -0.34145123258315013 -0.36565565477170536
v -0.18397917712652823 -0.3396953246018736 -0.36454062673231563
v -0.17891962045794085 -0.33792035961442085 -0.3634072643576492
v -0.17393423390816257 -0.33612728943648834 -0.3622564158277548
v -0.16902218836724348 -0.33431703610051033 -0.3610889024788737
v -0.1641826509196271 -0.3324904926042776 -0.3599055194783677
v -0.15941478580642754 -0.33064852365169334 -0.3587070364925594
v -0.15471775533024565 -0.3287919663848415 -0.35749419834673946
v -0.15009072070506005 -0.3269216311066249 -0.35626772567667275
v -0.14553284285365248 -0.3250383019933211 -0.3550283155710148
v -0.1410432831549533 -0.32314273779648434 -0.3537766422041236
v -0.1366212041436111 -0.3212356725336898 -0.35251335745881274
v -0.1322657701640176 -0.31931781616769395 -0.35123909153866034
v -0.12797614798094314 -0.31738985527363783 -0.3499544535695389
v -0.12375150734885552 -0.31545245369398756 -0.3486600321900906
v -0.11959102154192824 -0.31350625318095404 -0.34735639613091335
v -0.11549386784666303 -0.31155187402618933 -0.34604409478227754
v -0.11145922801898236 -0.3095899156775974 -0.34472365875022626
v -0.10748628870757573 -0.30762095734314454 -0.343395600400953
v -0.10357424184521162 -0.3056455585815873 -0.3420604143933893
v -0.09972228500965687 -0.3036642598800797 -0.34071857819995904
v -0.09592962175578637 -0.30167758321864313 -0.33937055261549326
v -0.09219546192038675 -0.2996860326215214 -0.3380167822543182
v -0.08851902190110765 -0.29769009469546226 -0.33665769603555945
v -0.08489952491094513 -0.29569023915499804 -0.33529370765672445
v -0.08133620120958143 -0.2936869193348129 -0.33392521605564374
v -0.07782828831285057 -0.29168057268930825 -0.33255260586086965
v -0.07437503118154164 -0.2896716212794952 -0.33117624783065225
v -0.07097568239069611 -0.2876604722473545 -0.32979649928061405
v -0.06762950228050199 -0.28564751827782425 -0.32841370450027396
v -0.06433575908984367 -0.283633138048583 -0.3270281951585651
v -0.06109372907350535 -0.28161769666780945 -0.32564029069851586
v -0.05790269660399141 -0.2796015461001066 -0.32425029872125893
v -0.05476195425887331 -0.27758502558079 -0.32285851535955123
v -0.051670802894532034 -0.27556846201874247 -0.3214652256409863
v -0.048628551707122145 -0.27355217038804636 -0.32007070384108827
v -0.04563451828154613 -0.271536454108609 -0.31867521382648306
v -0.04268802862918312 -0.2695216054159963 -0.31727900938834164
v -0.03978841721508709 -0.267507905720702 -0.3158823345662971
v -0.03693502697532493 -0.2654956259570699 -0.31448542396303514
v -0.03412720932509846 -0.263485026922099 -0.3130885030497629
v -0.03136432415825853 -0.2614763596043558 -0.3116917884627585
v -0.028645739838787543 -0.25946986550321877 -0.3102954882912064
v -0.025970833184798165 -0.2574657769386842 -0.308899802356521
v -0.023338989445566963 -0.25546431735195574 -0.3075049224833633
v -0.02074960227209539 -0.25346570159704307 -0.30611103276255136
v -0.018202073681662156 -0.25147013622359116 -0.30471830980606424
v -0.015695814016810427 -0.2494778197511636 -0.3033269229943417
v -0.013230241899183353 -0.24748894293519313 -0.30193703471607186
v -0.010804784178605113 -0.2455036890248205 -0.3005488006006651
v -0.00841887587777969 -0.24352223401283085 -0.2991623697436039
v -0.006071960132959645 -0.24154474687789956 -0.2977778849248594
v -0.0037634881309174025 -0.23957138981935447 -0.2963954828205607
v -0.0014929190425334805 -0.2376023184846564 -0.2950152942080994
v 0.0007402800467016569 -0.2356376821898002 -0.2936374441648516
v 0.00293663420899229 -0.23367762413283116 -0.29226205226069313
v 0.005096660749085906 -0.23172228160067057 -0.2908892327444824
v 0.007220869281416812 -0.22977178616943897 -0.2895190947246812
v 0.009309761809311127 -0.2278262638984625 -0.28815174234428004
v 0.011363832806032776 -0.225885835518144 -0.2867872749501924
v 0.013383569297463482 -0.22395061661187549 -0.2854257872572772
v 0.015369450946223424 -0.2220207177921666 -0.28406736950714556
v 0.01732195013704917 -0.22009624487115778 -0.2827121076219063
v 0.01924153206325632 -0.21817729902568442 -0.28136008335299734
v 0.021128654814127342 -0.2162639769570531 -0.2800113744252508
v 0.022983769463073928 -0.2143563710456884 -0.2786660546763327
v 0.024807320156431605 -0.21245456950080283 -0.2773241941916962
v 0.026599744202754922 -0.21055865650524277 -0.27598585943518467
v 0.028361472162490218 -0.20866871235565237 -0.27465111337541476
v 0.03009292793790813 -0.20678481359810205 -0.273320015608069
v 0.03179452886319133 -0.2049070331593177 -0.27199262247422323
v 0.03346668579457495 -0.2030354404736461 -0.2706689871748289
v 0.035109803200445704 -0.2011701016058887 -0.2693491598814705
v 0.03672427925131328 -0.19931107937013062 -0.2680331878435127
v 0.038310505909573626 -0.19745843344468958 -0.26672111549174826
v 0.03986886901898774 -0.19561222048330532 -0.26541298453865714
v 0.04139974839380667 -0.1937724942226872 -0.26410883407538177
v 0.042903517907479156 -0.19193930558653408 -0.2628087006655215
v 0.04438054558087996 -0.19011270278613743 -0.26151261843584633
v 0.045831193670007535 -0.1882927314176739 -0.260220619164026
v 0.04725581875309635 -0.18647943455629495 -0.258932732363471
v 0.04865477181710153 -0.18467285284711138 -0.2576489853653741
v 0.05002839834350906 -0.18287302459317398 -0.25636940339804287
v 0.051377038393436436 -0.18107998584054466 -0.25509400966360957
v 0.05270102669198559 -0.17929377046055062 -0.2538228254122
v 0.054000692711817136 -0.17751441022931275 -0.25255587001364616
v 0.05527636075591689 -0.17574193490463327 -0.25129316102681615
v 0.05652835003952634 -0.17397637230033042 -0.25003471426664303
v 0.057756974771217315 -0.17221774835809822 -0.24878054386892248
v 0.058962544233085036 -0.1704660872169755 -0.2475306623529528
v 0.06014536286004559 -0.168721411280496 -0.24628508068208682
v 0.06130573031821689 -0.16698374128159968 -0.24504380832226208
v 0.06244394158237252 -0.165253096345373 -0.24380685329857563
v 0.0635602870124537 -0.16352949404969136 -0.2425742222499657
v 0.06465505242912958 -0.16181295048383051 -0.2413459204820627
v 0.06572851918839773 -0.16010348030511248 -0.24012195201826728
v 0.06678096425521582 -0.15840109679365044 -0.23890231964911476
v 0.06781266027616034 -0.15670581190525443 -0.23768702497998032
v 0.06882387565110777 -0.15501763632255708 -0.23647606847717917
v 0.06981487460393525 -0.15333657950441715 -0.2352694495125145
v 0.07078591725223755 -0.15166264973365856 -0.23406716640632294
v 0.07173725967606218 -0.14999585416319702 -0.2328692164690671
v 0.07266915398566123 -0.14833619886060864 -0.2316755960415224
v 0.07358184838826191 -0.14668368885119046 -0.23048630053360425
v 0.07447558725385849 -0.1450383281595622 -0.22930132446187923
v 0.07535061118002813 -0.1434001198498582 -0.22812066148580495
v 0.07620715705577484 -0.14176906606455378 -0.22694430444273841
v 0.0770454581244067 -0.1401451680619721 -0.22577224538175397
v 0.07786574404545178 -0.138528426252514 -0.22460447559631014
v 0.07866824095561693 -0.1369188402336539 -0.2234409856558026
v 0.07945317152879888 -0.13531640882374052 -0.22228176543604003
v 0.08022075503515252 -0.13372113009464295 -0.2211268041486778
v 0.08097120739922471 -0.1321330014032799 -0.21997609036964477
v 0.08170474125716183 -0.13055201942206743 -0.21882961206659443
v 0.08242156601299884 -0.12897818016832313 -0.2176873566254144
v 0.08312188789403879 -0.12741147903265929 -0.2165493108758242
v 0.08380591000533237 -0.12585191080639818 -0.21541546111609103
v 0.0844738323832667 -0.12429946970804283 -0.2142857931368932
v 0.08512585204827147 -0.12275414940883375 -0.213160292244359
v 0.08576216305665506 -0.12121594305742163 -0.21203894328230818
v 0.08638295655157825 -0.11968484330368542 -0.2109217306537226
v 0.08698842081317718 -0.11816084232172301 -0.20980863834146946
v 0.08757874130784474 -0.1166439318320443 -0.20869964992830628
v 0.08815410073668284 -0.1151341031229892 -0.20759474861618551
v 0.08871467908313364 -0.11363134707139996 -0.20649391724488636
v 0.08926065365980282 -0.11213565416256951 -0.20539713830999404
v 0.08979219915448453 -0.1106470145094911 -0.2043043939802479
v 0.09030948767539866 -0.10916541787143269 -0.20321566611428044
v 0.09081268879565225 -0.1076908536718571 -0.20213093627676554
v 0.09130196959693522 -0.10622331101571049 -0.20105018575399747
v 0.09177749471246209 -0.10476277870609951 -0.1999733955689172
v 0.09223942636916951 -0.10330924526037859 -0.1989005464956067
v 0.09268792442918217 -0.10186269892566428 -0.1978316190732667
v 0.09312314643055623 -0.10042312769379905 -0.19676659361969595
v 0.09354524762731277 -0.09899051931577944 -0.1957054502442887
v 0.09395438102877147 -0.09756486131566837 -0.1946481688605654
v 0.0943506974381945 -0.0961461410040087 -0.19359472919825335
v 0.09473434549075299 -0.09473434549075303 -0.19254511081493075
v 0.09510547169082598 -0.09332946169772692 -0.19149929310724942
v 0.0954642204486417 -0.09193147637064178 -0.19045725532175062
v 0.09581073411627336 -0.09054037609067021 -0.18941897656528603
v 0.09614515302299884 -0.08915614728559983 -0.18838443581505823
v 0.09646761551003413 -0.08777877624057981 -0.18735361192829267
v 0.0967782579646528 -0.08640824910847267 -0.18632648365155344
v 0.0970772148536996 -0.08504455191982441 -0.1853030296297149
v 0.09736461875650905 -0.08368767059246733 -0.18428322841460026
v 0.0976406003972398 -0.08233759094076518 -0.18326705847329788
v 0.09790528867663317 -0.08099429868451527 -0.18225449819616762
v 0.09815881070320656 -0.07965777945751643 -0.1812455259045445
v 0.09840129182389162 -0.078328018815816 -0.18024011985815333
v 0.09863285565412588 -0.07700500224564491 -0.17923825826224057
v 0.09885362410740743 -0.07568871517105291 -0.17823991927443555
v 0.099063717424323 -0.07437914296125255 -0.1772450810113482
v 0.09926325420105711 -0.07307627093768175 -0.1762537215549129
v 0.09945235141739228 -0.07178008438079608 -0.17526581895848675
v 0.09963112446420921 -0.07049056853659681 -0.17428135125271038
v 0.09979968717049519 -0.06920770862290684 -0.17330029645113942
v 0.09995815182987008 -0.06793148983540032 -0.17232263255565394
v 0.10010662922663817 -0.06666189735339566 -0.1713483375616535
v 0.10024522866137414 -0.06539891634541918 -0.170377389463045
v 0.10037405797605159 -0.06414253197454815 -0.16940976625703022
v 0.10049322357872266 -0.062892729403539 -0.16844544594869948
v 0.10060283046775653 -0.061649493799749246 -0.1674844065554386
v 0.10070298225564427 -0.060412810339859464 -0.16652662611115418
v 0.10079378119237901 -0.05918266421440292 -0.1655720826703255
v 0.10087532818841798 -0.057959040632107585 -0.16462075431188572
v 0.10094772283723465 -0.05674192482405871 -0.16367261914294118
v 0.10101106343746827 -0.05553130204768721 -0.16272765530233219
v 0.10106544701467843 -0.05432715759058929 -0.16178584096404172
v 0.10111096934271072 -0.05312947677418461 -0.16084715434045657
v 0.10114772496468252 -0.051938244957216564 -0.15991157368548647
v 0.10117580721359401 -0.050753447539100945 -0.15897907729754496
v 0.10119530823257245 -0.04957506996312874 -0.1580496435223984
v 0.10120631899475602 -0.048403097719527256 -0.15712325075588582
v 0.10120892932282385 -0.04723751634838416 -0.15619987744651487
v 0.10120322790817901 -0.04607831144243997 -0.15527950209793823
v 0.1011893023297905 -0.04492546864975305 -0.15436210327131386
v 0.10116723907270109 -0.04377897367624137 -0.15344765958755394
v 0.10113712354620624 -0.04263881228810578 -0.1525361497294652
v 0.10109904010171147 -0.04150497031413842 -0.15162755244378562
v 0.1010530720502729 -0.04037743364791987 -0.1507218465431196
v 0.100999301679828 -0.039256188249910194 -0.14981901090777677
v 0.10093781027212088 -0.03814122014943648 -0.14891902448751596
v 0.10086867811932954 -0.03703251544658045 -0.1480218663031991
v 0.10079198454039892 -0.03593006031397017 -0.14712751544835712
v 0.10070780789708654 -0.03483384099847914 -0.14623595109067145
v 0.10061622560972522 -0.033743843822835184 -0.14534715247337382
v 0.10051731417270858 -0.0326600551871441 -0.1444610989165674
v 0.10041114916970445 -0.03158246157032853 -0.14357776981847123
v 0.10029780528860112 -0.0305110495314879 -0.14269714465659245
v 0.10017735633619133 -0.029445805711179357 -0.1418192029888262
v 0.10004987525259941 -0.02838671683262516 -0.1409439244544882
v 0.09991543412545555 -0.027333769702847135 -0.14007128877528074
v 0.09977410420382267 -0.026286951213731823 -0.13920127575619526
v 0.09962595591188021 -0.02524624834302868 -0.13833386528635327
v 0.09947105886236914 -0.024211648155283143 -0.13746903733978838
v 0.09930948186980293 -0.02318313780270839 -0.1366067719761706
v 0.0991412929634491 -0.02216070452599563 -0.1357470493414759
v 0.09896655940008481 -0.02114433565506809 -0.13488984966860249
v 0.09878534767653177 -0.02013401860977766 -0.13403515327793578
v 0.09859772354197356 -0.01912974090054932 -0.13318294057786392
v 0.09840375201006021 -0.018131490128972715 -0.1323331920652456
v 0.0982034973708036 -0.01713925398834447 -0.13148588832583194
v 0.0979970232022677 -0.016153020264162533 -0.1306410100346442
v 0.09778439238205754 -0.015172776834573905 -0.1297985379563086
v 0.09756566709861032 -0.014198511670778473 -0.12895845294535008
v 0.09734090886229309 -0.013230212837390086 -0.12812073594644663
v 0.09711017851630965 -0.012267868492756047 -0.12728536799464518
v 0.09687353624742105 -0.011311466889237056 -0.12645233021554092
v 0.09663104159648263 -0.010360996373449866 -0.125621603825421
v 0.09638275346880137 -0.009416445386472457 -0.12479317013137448
v 0.09612873014431658 -0.008477802464014484 -0.12396701053136917
v 0.09586902928760756 -0.007545056236554025 -0.1231431065142971
v 0.09560370795773093 -0.006618195429441435 -0.12232143965998916
v 0.09533282261789167 -0.005697208862972501 -0.12150199163920135
v 0.0950564291449499 -0.0047820854524317155 -0.1206847442135721
v 0.09477458283876736 -0.0038728142081063846 -0.11986967923555283
v 0.09448733843139585 -0.0029693842352732096 -0.11905677864831259
v 0.09419475009611128 -0.002071784734159146 -0.11824602448561762
v 0.09389687145629537 -0.0011800049998760553 -0.11743739887168672
v 0.09359375559416869 -0.00029403442233155426 -0.1166308840210239
v 0.09328545505937721 0.0005861375138834867 -0.11582646223822857
v 0.0929720218774351 0.0014605212296299591 -0.11502411591778426
v 0.09265350755802673 0.002329127051376585 -0.11422382754382755
v 0.09232996310317046 0.0031919652113762465 -0.11342557968989654
v 0.09200143901524632 0.004049045847862303 -0.11262935501866121
v 0.09166798530489065 0.0049003790052635525 -0.11183513628163505
v 0.09132965149875986 0.0057459746344363 -0.11104290631887002
v 0.09098648664716592 0.0065858425929143285 -0.11025264805863434
v 0.09063853933158551 0.007419992645174544 -0.10946434451707471
v 0.09028585767204586 0.008248434462918624 -0.10867797879786319
v 0.08992848933438892 0.009071177625368538 -0.10789353409182928
v 0.08956648153741643 0.009888231619577345 -0.1071109936765785
v 0.08919988105991788 0.010699605840752175 -0.10633034091609707
v 0.08882873424758399 0.011505309592590657 -0.10555155926034401
v 0.088453087019807 0.01230535208762952 -0.10477463224483112
v 0.08807298487637066 0.01309974244760391 -0.10399954349019129
v 0.08768847290403142 0.013888489703818343 -0.10322627670173519
v 0.08729959578299316 0.01467160279752756 -0.10245481566899807
v 0.08690639779327698 0.015449090580327491 -0.10168514426527563
v 0.08650892282098857 0.016220961814554687 -0.10091724644715085
v 0.08610721436448454 0.016987225173695535 -0.10015110625401116
v 0.08570131554043982 0.01774788924280251 -0.09938670780755701
v 0.08529126908981768 0.01850296251891891 -0.09862403531130198
v 0.0848771173837445 0.019252453411510852 -0.09786307305006496
v 0.08445890242929091 0.019996370242905317 -0.09710380538945491
v 0.08403666587516086 0.02073472124873531 -0.09634621677534835
v 0.08361044901729024 0.021467514578390825 -0.09559029173335964
v 0.08318029280435736 0.022194758295474817 -0.09483601486830581
v 0.08274623784320595 0.022916460378264777 -0.09408337086366418
v 0.08230832440418284 0.023632628720179287 -0.09333234448102495
v 0.08186659242639197 0.024343271130248055 -0.09258292055953789
v 0.08142108152286578 0.025048395333586826 -0.09183508401535422
v 0.08097183098565613 0.02574800897187588 -0.09108881984106353
v 0.08051887979084535 0.026442119603841154 -0.09034411310512586
v 0.08006226660347984 0.027130734705739543 -0.08960094895129983
v 0.07960202978242695 0.027813861671845807 -0.0888593125980668
v 0.07913820738515677 0.028491507814942686 -0.08811918933805088
v 0.0786708371724502 0.029163680366812803 -0.08738056453743574
v 0.07819995661303462 0.029830386478732738 -0.08664342363537804
v 0.07772560288814848 0.030491633221968115 -0.08590775214341775
v 0.07724781289603613 0.0311474275882706 -0.0851735356448857
v 0.07676662325637401 0.03179777649037599 -0.0844407597943085
v 0.07628207031462979 0.03244268676250249 -0.08370941031681105
v 0.07579419014635512 0.03308216516085064 -0.0829794730075166
v 0.07530301856141398 0.033716218364102636 -0.08225093373094537
v 0.07480859110814696 0.03434485297392243 -0.08152377842041054
v 0.0743109430774732 0.03496807551545571 -0.0807979930774131
v 0.07381010950693084 0.03558589243782971 -0.08007356377103504
v 0.07330612518465754 0.03619831011465225 -0.07935047663733105
v 0.07279902465331135 0.03680533484451049 -0.07862871787871933
v 0.07228884221393383 0.037406972851469045 -0.07790827376337098
v 0.07177561192975589 0.038003230285566784 -0.07718913062459852
v 0.07125936762994806 0.038594113223312555 -0.0764712748602442
v 0.07074014291331517 0.03917962766817997 -0.07575469293206682
v 0.07021797115193774 0.039759779551100154 -0.07503937136512885
v 0.06969288549475958 0.040334574730953886 -0.0743252967471822
v 0.06916491887112401 0.04090401899506094 -0.07361245572805455
v 0.06863410399425895 0.04146811805966802 -0.07290083501903558
v 0.0681004733647113 0.04202687757043505 -0.0721904213922619
v 0.0675640592737329 0.0425803031029186 -0.07148120168010379
v 0.0670248938066172 0.04312840016305388 -0.07077316277455026
v 0.06648300884598972 0.04367117418763342 -0.07006629162659615
v 0.06593843607505039 0.04420863054478451 -0.06936057524562758
v 0.06539120698077173 0.04474077453444255 -0.06865600069880978
v 0.0648413528570508 0.04526761138882325 -0.06795255511047368
v 0.06428890480781788 0.04578914627289089 -0.06725022566150399
v 0.06373389375010187 0.04630538428482406 -0.06654899958872809
v 0.06317635041705257 0.046816330456478705 -0.06584886418430443
v 0.06261630536092225 0.04732198975384758 -0.06514980679511324
v 0.062053788956005176 0.04782236707751713 -0.06445181482214657
v 0.061488831401538276 0.04831746726312026 -0.06375487571990043
v 0.06092146272456097 0.04880729508178702 -0.06305897699576693
v 0.060351712782737335 0.04929185524059082 -0.062364106209427804
v 0.05977961126714034 0.049771152382991395 -0.06167025097224936
v 0.05920518770499771 0.05024519108927488 -0.060977398946677364
v 0.058628471462402604 0.050713975876989364 -0.060285537845634445
v 0.05804949174698731 0.05117751120137752 -0.05959465543191737
v 0.057468277610562515 0.05163580145580491 -0.05890473951759663
v 0.05688485795172128 0.05208885097218509 -0.05821577796341612
v 0.056299261518410026 0.052536664021400135 -0.05752775867819541
v 0.05571151691046507 0.05297924481371816 -0.05684066961823191
v 0.055121652582117396 0.053416597499206166 -0.05615449878670537
v 0.05452969684446552 0.053848726168138954 -0.055469234233083656
v 0.053935677867915865 0.054275634851404624 -0.05478486405252898
v 0.053339623684593516 0.05469732752090499 -0.05410137638530694
v 0.052741562190721916 0.05511380808995291 -0.05341875941619555
v 0.05214152114897351 0.055525080413664406 -0.05273700137389713
v 0.05153952819079054 0.055931148289347546 -0.0520560905304501
v 0.05093561081867842 0.056332015456886056 -0.051376015200643894
v 0.05032979640846983 0.05672768559911975 -0.05069676374143386
v 0.04972211221156227 0.05711816234221972 -0.05001832455135859
v 0.049112585357128855 0.057503449256059394 -0.04934068606995878
v 0.04850124285430165 0.05788354985458171 -0.04866383677719665
v 0.04788811159433053 0.058258467596161136 -0.04798776519287838
v 0.047273218352715515 0.05862820588396172 -0.04731245987607638
v 0.046656589791315255 0.058992768066290474 -0.04663790942455487
v 0.0460382524604303 0.05935215743694636 -0.04596410247419526
v 0.045418232800863045 0.05970637723556473 -0.045291027698424344
v 0.04479655714595455 0.060055430647956924 -0.04461867380764379
v 0.044173251723597366 0.06039932080644602 -0.043947029548660296
v 0.043548342658227455 0.060738050790197035 -0.04327608370411876
v 0.042921855972792605 0.06107162362554346 -0.0426058250919354
v 0.04229381759070064 0.061400042286308396 -0.04193624256473391
v 0.04166425333774554 0.0617233096941216 -0.0412673250092817
v 0.0410331889440138 0.06204142871873144 -0.040599061345929076
v 0.04040065004576979 0.06235440217831257 -0.039931440528048597
v 0.0397666621873218 0.06266223283976864 -0.039264451541476814
v 0.03913125082286914 0.06296492341903018 -0.03859808340395749
v 0.03849444131832902 0.06326247658134844 -0.0379323251645855
v 0.03785625895314664 0.06355489494158341 -0.0372671659032534
v 0.03721672892208542 0.06384218106448823 -0.0366025947300981
v 0.03657587633700117 0.06412433746498808 -0.035938600784950515
v 0.03593372622859753 0.06440136660845458 -0.03527517323678495
v 0.03529030354816562 0.06467327091097533 -0.03461230128317168
v 0.03464563316930631 0.06494005273961892 -0.033949974149729306
v 0.03399973988963678 0.06520171441269475 -0.033288181089579545
v 0.0333526484324816 0.06545825820000824 -0.03262691138280334
v 0.03270438344854724 0.06570968632311154 -0.03196615433589752
v 0.032054969517583264 0.06595600095554877 -0.031305899281233986
v 0.03140443115002698 0.06619720422309702 -0.030646135576518914
v 0.030752792788635464 0.06643329820400234 -0.029986852604254648
v 0.030100078810102307 0.06666428492921082 -0.029328039771201474
v 0.0294463135266618 0.06689016638259476 -0.028669686507842025
v 0.028791521187678887 0.06711094450117441 -0.02801178226784568
v 0.028135725981226812 0.0673266211753344 -0.02735431652753496
v 0.027478952035652482 0.06753719824903548 -0.026697278785353305
v 0.026821223421128255 0.06774267752002168 -0.026040658561332895
v 0.026162564151193654 0.06794306074002206 -0.025384445396565255
v 0.025502998184283605 0.06813834961494823 -0.024728628852671287
v 0.024842549425247065 0.06832854580508652 -0.024073198511274048
v 0.024181241726853497 0.06851365092528555 -0.023418143973471205
v 0.023519098891289326 0.06869366654513887 -0.0227634548593094
v 0.022856144671644173 0.06886859418916265 -0.022109120807259772
v 0.02219240277338635 0.06903843533696877 -0.021455131473693483
v 0.021527896855829915 0.06920319142343256 -0.02080147653235966
v 0.020862650533590696 0.06936286383885631 -0.02014814567386284
v 0.020196687378035136 0.06951745392912731 -0.019495128605142808
v 0.019530030918718445 0.06966696299587138 -0.018842415048953873
v 0.018862704644815948 0.0698113922966015 -0.018189994743346555
v 0.01819473200654502 0.06995074304486132 -0.017537857441148677
v 0.0175261364165798 0.07008501641036416 -0.0168859929094483
v 0.016856941251458327 0.07021421351912682 -0.016234390929077407
v 0.01618716985298167 0.0703383354535987 -0.015583041294095476
v 0.015516845529607318 0.070457383252786 -0.014931933811275212
v 0.014845991557834112 0.07057135791237104 -0.01428105829958746
v 0.014174631183582703 0.07068026038482669 -0.013630404589688406
v 0.013502787623567868 0.07078409157952598 -0.012979962523405868
v 0.012830484066666679 0.07088285236284679 -0.012329721953227778
v 0.012157743675279777 0.07097654355827163 -0.011679672741789873
v 0.011484589586688014 0.07106516594648273 -0.011029804761364918
v 0.01081104491440405 0.07114872026545196 -0.010380107893352444
v 0.01013713274951847 0.07122720721052622 -0.009730572027768137
v 0.009462876162042656 0.07130062743450759 -0.009081187062735108
v 0.008788298202245737 0.071368981547729 -0.008431942903974162
v 0.008113421901989519 0.07143227011812467 -0.00778282946429596
v 0.0074382702760577716 0.07149049367129592 -0.007133836663092252
v 0.006762866323483563 0.07154365269057202 -0.006484954425828399
v 0.006087233028872926 0.07159174761706623 -0.005836172683536256
v 0.005411393363725231 0.07163477884972677 -0.005187481372306462
v 0.00473537028775177 0.07167274674538324 -0.004538870432782404
v 0.004059186750190948 0.07170565161878785 -0.00389032980965299
v 0.0033828656911227104 0.0717334937426521 -0.0032418494511471194
v 0.002706430042779386 0.07175627334767827 -0.002593419308526904
v 0.0020299027308569957 0.07177399062258633 -0.0019450293355825253
v 0.0013533066758232436 0.07178664571413562 -0.001296669488125876
v 0.0006766647942259011 0.07179423872714222 -0.0006483297234852328
v 1.6909135005341792e-17 0.07179676972449081 -1.8954706069871114e-17
v -0.0006766647942259236 0.07179423872714222 0.0006483297234852864
v -0.001353306675823204 0.07178664571413562 0.0012966694881258382
v -0.002029902730857086 0.07177399062258633 0.0019450293355825791
v -0.002706430042779482 0.07175627334767827 0.002593419308526958
v -0.003382865691122801 0.07173349374265212 0.003241849451147174
v -0.004059186750191039 0.07170565161878785 0.003890329809653044
v -0.004735370287751736 0.07167274674538324 0.004538870432782366
v -0.0054113933637252596 0.07163477884972677 0.005187481372306516
v -0.006087233028872887 0.07159174761706623 0.005836172683536218
v -0.0067628663234835865 0.07154365269057202 0.006484954425828453
v -0.007438270276057737 0.07149049367129592 0.007133836663092213
v -0.008113421901989604 0.07143227011812467 0.007782829464296015
v -0.00878829820224583 0.071368981547729 0.008431942903974216
v -0.009462876162042623 0.07130062743450759 0.009081187062735072
v -0.010137132749518555 0.07122720721052621 0.00973057202776819
v -0.010811044914404011 0.07114872026545196 0.010380107893352407
v -0.011484589586688037 0.07106516594648273 0.011029804761364973
v -0.012157743675279737 0.07097654355827163 0.011679672741789836
v -0.012830484066666705 0.07088285236284679 0.01232972195322783
v -0.013502787623567889 0.07078409157952598 0.01297996252340592
v -0.014174631183582788 0.07068026038482667 0.013630404589688458
v -0.014845991557834197 0.07057135791237103 0.014281058299587516
v -0.015516845529607278 0.070457383252786 0.014931933811275173
v -0.01618716985298176 0.07033833545359869 0.015583041294095532
v -0.01685694125145829 0.07021421351912682 0.01623439092907737
v -0.017526136416579824 0.07008501641036416 0.016885992909448352
v -0.01819473200654498 0.06995074304486133 0.01753785744114864
v -0.018862704644815972 0.0698113922966015 0.018189994743346607
v -0.019530030918718466 0.06966696299587138 0.01884241504895393
v -0.02019668737803522 0.06951745392912727 0.01949512860514286
v -0.020862650533590783 0.06936286383885629 0.020148145673862895
v -0.021527896855829873 0.06920319142343258 0.020801476532359617
v -0.022192402773386435 0.06903843533696875 0.021455131473693535
v -0.022856144671644138 0.06886859418916266 0.022109120807259734
v -0.023519098891289347 0.06869366654513885 0.022763454859309456
v -0.02418124172685346 0.06851365092528555 0.023418143973471167
v -0.024842549425247086 0.06832854580508649 0.0240731985112741
v -0.025502998184283625 0.06813834961494822 0.024728628852671342
v -0.02616256415119362 0.06794306074002206 0.025384445396565217
v -0.026821223421128342 0.06774267752002164 0.026040658561332954
v -0.027478952035652454 0.0675371982490355 0.02669727878535326
v -0.028135725981226888 0.06732662117533436 0.027354316527535012
v -0.028791521187678838 0.06711094450117441 0.028011782267845644
v -0.02944631352666182 0.06689016638259475 0.028669686507842077
v -0.030100078810102335 0.06666428492921081 0.029328039771201526
v -0.03075279278863549 0.06643329820400234 0.029986852604254703
v -0.031404431150027 0.06619720422309702 0.030646135576518966
v -0.03205496951758323 0.06595600095554878 0.03130589928123395
v -0.03270438344854733 0.0657096863231115 0.03196615433589757
v -0.03335264843248156 0.06545825820000827 0.03262691138280331
v -0.033999739889636865 0.0652017144126947 0.0332881810895796
v -0.03464563316930627 0.06494005273961892 0.03394997414972927
v -0.03529030354816563 0.06467327091097533 0.034612301283171734
v -0.03593372622859754 0.06440136660845457 0.03527517323678501
v -0.0365758763370012 0.06412433746498808 0.03593860078495057
v -0.03721672892208545 0.06384218106448823 0.03660259473009816
v -0.03785625895314659 0.06355489494158341 0.03726716590325336
v -0.038494441318329096 0.06326247658134838 0.03793232516458556
v -0.039131250822869106 0.0629649234190302 0.038598083403957456
v -0.039766662187321875 0.06266223283976859 0.03926445154147686
v -0.04040065004576974 0.062354402178312576 0.03993144052804856
v -0.041033188944013824 0.06204142871873143 0.04059906134592913
v -0.04166425333774556 0.06172330969412159 0.041267325009281756
v -0.04229381759070065 0.06140004228630837 0.041936242564733966
v -0.04292185597279262 0.061071623625543435 0.042605825091935445
v -0.04354834265822742 0.06073805079019705 0.04327608370411873
v -0.044173251723597436 0.06039932080644597 0.043947029548660345
v -0.04479655714595452 0.060055430647956945 0.044618673807643755
v -0.045418232800863115 0.05970637723556468 0.04529102769842439
v -0.04603825246043027 0.059352157436946384 0.04596410247419522
v -0.04665658979131528 0.05899276806629046 0.04663790942455492
v -0.04727321835271554 0.05862820588396171 0.04731245987607644
v -0.04788811159433049 0.05825846759616114 0.04798776519287833
v -0.04850124285430168 0.05788354985458171 0.048663836777196705
v -0.04911258535712883 0.057503449256059415 0.04934068606995874
v -0.04972211221156234 0.05711816234221965 0.05001832455135864
v -0.0503297964084698 0.05672768559911976 0.050696763741433816
v -0.050935610818678506 0.05633201545688601 0.05137601520064395
v -0.05153952819079061 0.05593114828934748 0.052056090530450155
v -0.05214152114897354 0.055525080413664406 0.05273700137389719
v -0.05274156219072194 0.05511380808995289 0.05341875941619561
v -0.05333962368459347 0.05469732752090501 0.05410137638530688
v -0.053935677867915886 0.0542756348514046 0.05478486405252904
v -0.0545296968444655 0.05384872616813898 0.05546923423308361
v -0.05512165258211747 0.05341659749920611 0.05615449878670543
v -0.05571151691046503 0.052979244813718185 0.05684066961823187
v -0.05629926151841011 0.05253666402140007 0.05752775867819546
v -0.05688485795172135 0.05208885097218502 0.05821577796341616
v -0.05746827761056254 0.051635801455804896 0.058904739517596685
v -0.058049491746987335 0.051177511201377514 0.05959465543191744
v -0.05862847146240257 0.050713975876989385 0.060285537845634424
v -0.05920518770499773 0.050245191089274874 0.06097739894667741
v -0.05977961126714033 0.04977115238299143 0.061670250972249326
v -0.060351712782737404 0.04929185524059076 0.06236410620942786
v -0.06092146272456093 0.04880729508178705 0.0630589769957669
v -0.061488831401538345 0.0483174672631202 0.0637548757199005
v -0.062053788956005246 0.04782236707751706 0.06445181482214662
v -0.06261630536092223 0.04732198975384761 0.06514980679511322
v -0.06317635041705263 0.046816330456478636 0.06584886418430448
v -0.0637338937501018 0.046305384284824135 0.06654899958872804
v -0.06428890480781789 0.04578914627289087 0.06725022566150404
v -0.06484135285705075 0.04526761138882328 0.06795255511047364
v -0.0653912069807718 0.04474077453444248 0.06865600069880985
v -0.06593843607505044 0.04420863054478444 0.06936057524562765
v -0.0664830088459898 0.04367117418763335 0.07006629162659621
v -0.06702489380661726 0.04312840016305382 0.07077316277455033
v -0.06756405927373287 0.042580303102918625 0.07148120168010373
v -0.06810047336471137 0.042026877570434974 0.07219042139226196
v -0.0686341039942589 0.04146811805966812 0.07290083501903555
v -0.06916491887112404 0.040904018995060916 0.07361245572805461
v -0.06969288549475955 0.040334574730953913 0.07432529674718216
v -0.07021797115193783 0.03975977955110008 0.07503937136512892
v -0.07074014291331522 0.039179627668179874 0.0757546929320669
v -0.07125936762994813 0.03859411322331247 0.07647127486024427
v -0.07177561192975591 0.03800323028556675 0.07718913062459853
v -0.0722888422139338 0.03740697285146908 0.07790827376337092
v -0.07279902465331144 0.036805334844510415 0.07862871787871942
v -0.07330612518465751 0.0361983101146523 0.07935047663733107
v -0.07381010950693087 0.0355858924378297 0.08007356377103508
v -0.07431094307747318 0.03496807551545575 0.0807979930774131
v -0.07480859110814701 0.03434485297392235 0.0815237784204106
v -0.075303018561414 0.03371621836410261 0.08225093373094537
v -0.07579419014635509 0.03308216516085069 0.08297947300751657
v -0.0762820703146298 0.03244268676250246 0.08370941031681105
v -0.07676662325637403 0.03179777649037597 0.0844407597943085
v -0.0772478128960362 0.031147427588270507 0.08517353564488576
v -0.07772560288814848 0.030491633221968156 0.08590775214341777
v -0.07819995661303465 0.029830386478732717 0.08664342363537811
v -0.07867083717245019 0.02916368036681284 0.08738056453743576
v -0.07913820738515681 0.0284915078149426 0.08811918933805094
v -0.07960202978242696 0.027813861671845783 0.0888593125980668
v -0.08006226660347984 0.027130734705739592 0.0896009489512998
v -0.08051887979084536 0.026442119603841123 0.09034411310512586
v -0.08097183098565613 0.025748008971875857 0.09108881984106353
v -0.08142108152286585 0.025048395333586736 0.09183508401535428
v -0.08186659242639195 0.024343271130248107 0.0925829205595379
v -0.08230832440418286 0.023632628720179256 0.093332344481025
v -0.08274623784320595 0.022916460378264825 0.09408337086366418
v -0.08318029280435742 0.02219475829547471 0.09483601486830587
v -0.08361044901729024 0.021467514578390804 0.09559029173335964
v -0.08403666587516082 0.020734721248735353 0.09634621677534831
v -0.08445890242929095 0.01999637024290522 0.097103805389455
v -0.0848771173837445 0.019252453411510825 0.09786307305006496
v -0.08529126908981773 0.018502962518918812 0.09862403531130204
v -0.08570131554043982 0.017747889242802566 0.09938670780755703
v -0.08610721436448457 0.016987225173695518 0.10015110625401123
v -0.08650892282098854 0.01622096181455473 0.10091724644715086
v -0.08690639779327698 0.015449090580327382 0.1016851442652757
v -0.08729959578299318 0.014671602797527526 0.1024548156689981
v -0.08768847290403144 0.013888489703818315 0.1032262767017352
v -0.08807298487637069 0.013099742447603802 0.10399954349019136
v -0.088453087019807 0.012305352087629494 0.10477463224483115
v -0.08882873424758403 0.01150530959259055 0.10555155926034408
v -0.08919988105991788 0.010699605840752224 0.10633034091609708
v -0.08956648153741643 0.009888231619577319 0.10711099367657856
v -0.08992848933438892 0.009071177625368586 0.10789353409182928
v -0.09028585767204585 0.008248434462918666 0.10867797879786312
v -0.09063853933158551 0.0074199926451745165 0.10946434451707474
v -0.09098648664716592 0.0065858425929143 0.11025264805863434
v -0.09132965149875989 0.005745974634436187 0.1110429063188701
v -0.09166798530489065 0.004900379005263516 0.11183513628163505
v -0.09200143901524636 0.0040490458478621965 0.11262935501866127
v -0.09232996310317046 0.0031919652113762973 0.11342557968989654
v -0.09265350755802677 0.002329127051376557 0.11422382754382762
v -0.0929720218774351 0.001460521229630003 0.11502411591778426
v -0.09328545505937723 0.000586137513883538 0.11582646223822851
v -0.09359375559416873 -0.0002940344223316646 0.11663088402102395
v -0.09389687145629537 -0.0011800049998760846 0.11743739887168672
v -0.0941947500961113 -0.0020717847341592643 0.11824602448561766
v -0.09448733843139585 -0.002969384235273239 0.1190567786483126
v -0.09477458283876738 -0.0038728142081064978 0.1198696792355529
v -0.09505642914494991 -0.004782085452431657 0.1206847442135721
v -0.09533282261789167 -0.005697208862972532 0.12150199163920142
v -0.09560370795773093 -0.006618195429441375 0.12232143965998916
v -0.09586902928760756 -0.007545056236553971 0.12314310651429705
v -0.09612873014431661 -0.008477802464014599 0.12396701053136924
v -0.09638275346880137 -0.009416445386472488 0.12479317013137448
v -0.09663104159648263 -0.01036099637344999 0.12562160382542106
v -0.09687353624742102 -0.011311466889237095 0.12645233021554092
v -0.09711017851630965 -0.012267868492756158 0.12728536799464524
v -0.09734090886229309 -0.013230212837390032 0.12812073594644663
v -0.09756566709861028 -0.014198511670778506 0.12895845294535002
v -0.09778439238205754 -0.015172776834573852 0.1297985379563086
v -0.0979970232022677 -0.016153020264162477 0.13064101003464423
v -0.09820349737080361 -0.0171392539883446 0.131485888325832
v -0.09840375201006021 -0.018131490128972742 0.1323331920652456
v -0.09859772354197356 -0.01912974090054945 0.133182940577864
v -0.09878534767653177 -0.0201340186097777 0.13403515327793578
v -0.09896655940008481 -0.021144335655068215 0.13488984966860254
v -0.0991412929634491 -0.022160704525995587 0.1357470493414759
v -0.0993094818698029 -0.02318313780270842 0.13660677197617058
v -0.09947105886236914 -0.024211648155283188 0.13746903733978846
v -0.09962595591188021 -0.025246248343028625 0.13833386528635327
v -0.09977410420382268 -0.02628695121373195 0.13920127575619531
v -0.09991543412545552 -0.02733376970284717 0.14007128877528074
v -0.1000498752525994 -0.02838671683262529 0.14094392445448828
v -0.1001773563361913 -0.02944580571117938 0.1418192029888262
v -0.10029780528860109 -0.030511049531488033 0.1426971446565925
v -0.10041114916970449 -0.03158246157032848 0.14357776981847123
v -0.10051731417270854 -0.03266005518714413 0.14446109891656733
v -0.10061622560972522 -0.033743843822835226 0.1453471524733739
v -0.10070780789708654 -0.03483384099847909 0.14623595109067145
v -0.10079198454039892 -0.035930060313970315 0.14712751544835717
v -0.10086867811932954 -0.037032515446580476 0.1480218663031991
v -0.10093781027212088 -0.03814122014943662 0.148919024487516
v -0.10099930167982799 -0.03925618824991023 0.14981901090777677
v -0.1010530720502729 -0.04037743364791981 0.15072184654311954
v -0.10109904010171149 -0.04150497031413837 0.15162755244378562
v -0.1011371235462062 -0.04263881228810592 0.15253614972946522
v -0.10116723907270112 -0.043778973676241416 0.15344765958755402
v -0.10118930232979055 -0.04492546864975302 0.15436210327131392
v -0.10120322790817901 -0.04607831144244009 0.1552795020979383
v -0.10120892932282385 -0.047237516348384204 0.15619987744651487
v -0.101206318994756 -0.0484030977195274 0.15712325075588587
v -0.10119530823257242 -0.04957506996312877 0.1580496435223984
v -0.101175807213594 -0.050753447539100854 0.15897907729754487
v -0.10114772496468258 -0.051938244957216516 0.1599115736854865
v -0.10111096934271069 -0.05312947677418475 0.1608471543404566
v -0.10106544701467844 -0.05432715759058934 0.1617858409640418
v -0.10101106343746831 -0.055531302047687164 0.1627276553023322
v -0.1009477228372346 -0.056741924824058855 0.16367261914294126
v -0.10087532818841798 -0.057959040632107606 0.16462075431188575
v -0.10079378119237897 -0.05918266421440307 0.16557208267032558
v -0.10070298225564425 -0.060412810339859506 0.1665266261111542
v -0.1006028304677565 -0.06164949379974916 0.16748440655543848
v -0.10049322357872272 -0.06289272940353896 0.16844544594869953
v -0.1003740579760515 -0.06414253197454826 0.16940976625703022
v -0.10024522866137416 -0.06539891634541925 0.17037738946304512
v -0.10010662922663822 -0.06666189735339562 0.17134833756165352
v -0.09995815182987007 -0.06793148983540047 0.172322632555654
v -0.09979968717049516 -0.06920770862290689 0.17330029645113945
v -0.09963112446420917 -0.07049056853659696 0.17428135125271046
v -0.09945235141739224 -0.07178008438079612 0.17526581895848675
v -0.09926325420105711 -0.0730762709376818 0.1762537215549129
v -0.09906371742432309 -0.07437914296125255 0.17724508101134828
v -0.09885362410740738 -0.07568871517105305 0.1782399192744356
v -0.09863285565412588 -0.07700500224564498 0.17923825826224066
v -0.09840129182389167 -0.07832801881581596 0.18024011985815333
v -0.0981588107032065 -0.07965777945751659 0.1812455259045446
v -0.09790528867663313 -0.08099429868451531 0.18225449819616762
v -0.09764060039723983 -0.0823375909407651 0.18326705847329783
v -0.09736461875650904 -0.08368767059246737 0.18428322841460026
v -0.09707721485369956 -0.08504455191982443 0.1853030296297149
v -0.09677825796465289 -0.08640824910847267 0.18632648365155352
v -0.09646761551003404 -0.08777877624057993 0.18735361192829267
v -0.09614515302299882 -0.08915614728559988 0.18838443581505832
v -0.09581073411627342 -0.09054037609067016 0.18941897656528603
v -0.09546422044864164 -0.09193147637064195 0.19045725532175067
v -0.09510547169082594 -0.09332946169772696 0.19149929310724942
v -0.094734345490753 -0.09473434549075294 0.19254511081493067
v -0.09435069743819442 -0.09614614100400887 0.19359472919825346
v -0.09395438102877145 -0.09756486131566844 0.1946481688605654
v -0.09354524762731287 -0.09899051931577942 0.1957054502442888
v -0.09312314643055611 -0.10042312769379917 0.19676659361969598
v -0.09268792442918217 -0.10186269892566437 0.1978316190732668
v -0.09223942636916957 -0.10330924526037855 0.19890054649560673
v -0.09177749471246202 -0.10476277870609967 0.19997339556891727
v -0.09130196959693522 -0.10622331101571053 0.2010501857539975
v -0.09081268879565221 -0.10769085367185711 0.20213093627676554
v -0.09030948767539858 -0.10916541787143286 0.20321566611428055
v -0.0897921991544845 -0.11064701450949113 0.2043043939802479
v -0.08926065365980289 -0.11213565416256951 0.20539713830999412
v -0.0887146790831335 -0.11363134707140007 0.20649391724488636
v -0.08815410073668282 -0.1151341031229893 0.20759474861618554
v -0.0875787413078448 -0.11664393183204426 0.2086996499283063
v -0.0869884208131772 -0.11816084232172294 0.20980863834146937
v -0.08638295655157822 -0.11968484330368545 0.2109217306537226
v -0.08576216305665503 -0.12121594305742167 0.21203894328230824
v -0.08512585204827136 -0.12275414940883389 0.2131602922443591
v -0.08447383238326665 -0.12429946970804286 0.2142857931368932
v -0.0838059100053325 -0.1258519108063982 0.21541546111609117
v -0.08312188789403865 -0.1274114790326594 0.21654931087582427
v -0.08242156601299884 -0.12897818016832324 0.21768735662541455
v -0.08170474125716191 -0.1305520194220674 0.21882961206659443
v -0.08097120739922477 -0.13213300140327983 0.21997609036964477
v -0.08022075503515241 -0.13372113009464315 0.22112680414867794
v -0.07945317152879884 -0.13531640882374055 0.22228176543604003
v -0.0786682409556168 -0.13691884023365405 0.2234409856558027
v -0.07786574404545174 -0.13852842625251405 0.22460447559631014
v -0.07704545812440683 -0.1401451680619721 0.22577224538175403
v -0.07620715705577469 -0.1417690660645539 0.22694430444273847
v -0.07535061118002812 -0.1434001198498583 0.22812066148580504
v -0.07447558725385857 -0.14503832815956216 0.22930132446187923
v -0.07358184838826196 -0.14668368885119035 0.2304863005336041
v -0.07266915398566111 -0.1483361988606088 0.2316755960415225
v -0.07173725967606213 -0.1499958541631971 0.2328692164690671
v -0.07078591725223739 -0.15166264973365873 0.23406716640632302
v -0.06981487460393522 -0.1533365795044172 0.23526944951251455
v -0.0688238756511079 -0.15501763632255708 0.23647606847717925
v -0.06781266027616015 -0.1567058119052545 0.23768702497998032
v -0.06678096425521601 -0.15840109679365025 0.23890231964911465
v -0.06572851918839782 -0.16010348030511248 0.2401219520182673
v -0.06465505242912967 -0.16181295048383051 0.2413459204820627
v -0.06356028701245355 -0.16352949404969153 0.24257422224996583
v -0.06244394158237247 -0.165253096345373 0.24380685329857563
v -0.061305730318216727 -0.16698374128159987 0.24504380832226222
v -0.06014536286004555 -0.16872141128049606 0.24628508068208682
v -0.05896254423308516 -0.1704660872169756 0.24753066235295298
v -0.05775697477121711 -0.17221774835809836 0.24878054386892248
v -0.05652835003952658 -0.17397637230033025 0.250034714266643
v -0.05527636075591685 -0.17574193490463333 0.25129316102681615
v -0.05400069271181725 -0.1775144102293127 0.25255587001364616
v -0.0527010266919854 -0.1792937704605508 0.2538228254122002
v -0.05137703839343636 -0.18107998584054466 0.25509400966360957
v -0.050028398343508876 -0.18287302459317417 0.25636940339804315
v -0.04865477181710147 -0.18467285284711138 0.2576489853653742
v -0.04725581875309648 -0.18647943455629507 0.2589327323634711
v -0.04583119367000732 -0.18829273141767397 0.260220619164026
v -0.0443805455808802 -0.19011270278613723 0.26151261843584617
v -0.04290351790747912 -0.1919393055865342 0.2628087006655216
v -0.041399748393806765 -0.1937724942226871 0.26410883407538177
v -0.039868869018987535 -0.19561222048330543 0.26541298453865725
v -0.03831050590957356 -0.19745843344468966 0.2667211154917483
v -0.03672427925131306 -0.19931107937013076 0.2680331878435128
v -0.03510980320044564 -0.20117010160588872 0.26934915988147057
v -0.03346668579457504 -0.20303544047364594 0.2706689871748288
v -0.031794528863191084 -0.2049070331593178 0.2719926224742233
v -0.030092927937908243 -0.20678481359810205 0.273320015608069
v -0.02836147216249015 -0.2086687123556525 0.27465111337541476
v -0.02659974420275504 -0.21055865650524277 0.27598585943518467
v -0.02480732015643137 -0.21245456950080302 0.2773241941916963
v -0.022983769463073858 -0.2143563710456884 0.2786660546763327
v -0.0211286548141271 -0.2162639769570533 0.280011374425251
v -0.019241532063256253 -0.21817729902568442 0.28136008335299734
v -0.017321950137049284 -0.22009624487115764 0.28271210762190624
v -0.015369450946223145 -0.22202071779216662 0.28406736950714556
v -0.013383569297463588 -0.22395061661187549 0.28542578725727713
v -0.011363832806032695 -0.2258858355181442 0.28678727495019257
v -0.00930976180931127 -0.2278262638984625 0.28815174234428
v -0.007220869281416637 -0.2297717861694391 0.2895190947246813
v -0.0050966607490858335 -0.23172228160067057 0.2908892327444824
v -0.0029366342089920164 -0.23367762413283133 0.2922620522606932
v -0.0007402800467015831 -0.23563768218980027 0.2936374441648516
v 0.0014929190425334612 -0.23760231848465632 0.29501529420809935
v 0.0037634881309178006 -0.23957138981935466 0.29639548282056094
v 0.006071960132959513 -0.24154474687789962 0.2977778849248594
v 0.008418875877779772 -0.24352223401283096 0.2991623697436039
v 0.010804784178604981 -0.24550368902482061 0.3005488006006651
v 0.013230241899183558 -0.24748894293519333 0.3019370347160721
v 0.015695814016810486 -0.2494778197511636 0.3033269229943417
v 0.01820207368166249 -0.2514701362235913 0.3047183098060644
v 0.020749602272095474 -0.25346570159704307 0.30611103276255136
v 0.023338989445567043 -0.25546431735195574 0.3075049224833633
v 0.025970833184798627 -0.2574657769386844 0.3088998023565211
v 0.028645739838787397 -0.25946986550321877 0.31029548829120635
v 0.031364324158258634 -0.26147635960435595 0.31169178846275863
v 0.03412720932509833 -0.26348502692209913 0.31308850304976293
v 0.03693502697532514 -0.26549562595707 0.31448542396303525
v 0.03978841721508718 -0.267507905720702 0.3158823345662971
v 0.04268802862918296 -0.26952160541599623 0.3172790093883415
v 0.04563451828154622 -0.27153645410860905 0.3186752138264831
v 0.04862855170712225 -0.27355217038804636 0.32007070384108827
v 0.051670802894532505 -0.2755684620187425 0.3214652256409864
v 0.05476195425887318 -0.2775850255807901 0.32285851535955135
v 0.05790269660399153 -0.2796015461001068 0.324250298721259
v 0.0610937290735052 -0.2816176966678095 0.32564029069851586
v 0.06433575908984394 -0.2836331380485831 0.32702819515856524
v 0.06762950228050209 -0.28564751827782425 0.32841370450027396
v 0.0709756823906959 -0.2876604722473544 0.329796499280614
v 0.07437503118154204 -0.2896716212794953 0.33117624783065225
v 0.07782828831285069 -0.2916805726893083 0.33255260586086977
v 0.08133620120958195 -0.2936869193348129 0.33392521605564374
v 0.08489952491094499 -0.29569023915499815 0.33529370765672456
v 0.08851902190110779 -0.29769009469546237 0.3366576960355595
v 0.09219546192038654 -0.29968603262152144 0.33801678225431814
v 0.0959296217557867 -0.3016775832186434 0.3393705526154934
v 0.09972228500965696 -0.30366425988007967 0.34071857819995904
v 0.10357424184521141 -0.3056455585815872 0.3420604143933892
v 0.1074862887075762 -0.3076209573431446 0.3433956004009531
v 0.11145922801898252 -0.3095899156775976 0.34472365875022637
v 0.11549386784666364 -0.31155187402618933 0.34604409478227777
v 0.11959102154192809 -0.3135062531809541 0.3473563961309133
v 0.12375150734885572 -0.31545245369398767 0.3486600321900906
v 0.12797614798094298 -0.3173898552736379 0.34995445356953897
v 0.1322657701640172 -0.31931781616769384 0.35123909153866023
v 0.13662120414361126 -0.32123567253368973 0.35251335745881274
v 0.1410432831549534 -0.3231427377964842 0.3537766422041236
v 0.145532842853653 -0.3250383019933213 0.35502831557101494
v 0.15009072070506016 -0.32692163110662487 0.3562677256766727
v 0.15471775533024634 -0.32879196638484154 0.3574941983467396
v 0.1594147858064273 -0.33064852365169345 0.35870703649255936
v 0.16418265091962736 -0.33249049260427777 0.3599055194783678
v 0.16902218836724334 -0.33431703610051056 0.36108890247887376
v 0.17393423390816212 -0.33612728943648834 0.36225641582775475
v 0.1789196204579412 -0.3379203596144209 0.36340726435764925
v 0.18397917712652834 -0.33969532460187357 0.36454062673231563
v 0.18911372819591593 -0.3414512325831501 0.3656556547717053
v 0.19432409203502415 -0.3431871012037407 0.3667514727707835
v 0.19961107994908384 -0.34490191680887355 0.3678271768130341
v 0.20497549496066428 -0.34659463367730986 0.36888183407967634
v 0.2104181305194882 -0.34826417325164966 0.36991448215573725
v 0.21593976913804233 -0.34990942336654157 0.3709241283342303
v 0.221541180950016 -0.35152923747632264 0.37190974891982415
v 0.22722312218847318 -0.353122433883762 0.37287028853350446
v 0.23298633358066517 -0.3546877949717312 0.37380465941987406
v 0.23883153865634812 -0.3562240664397922 0.3747117407588858
v 0.24475944196640803 -0.35772995654785655 0.3755903779839512
v 0.2507707272086299 -0.35920413536926055 0.3764393821085355
v 0.2568660552573742 -0.36064523405577936 0.37725752906351767
v 0.2630460620939989 -0.36205184411731733 0.37804355904778075
v 0.26931135663480027 -0.3634225167192157 0.37879617589467934
v 0.27566251845336 -0.3647557620003296 0.37951404645724013
v 0.2821000953941705 -0.3660500484152875 0.3801958000151535
v 0.28862460107450144 -0.3673038021045514 0.38084002770683234
v 0.2952365122715747 -0.36851540629617535 0.381445281990046
v 0.30193626619217834 -0.3696832007434107 0.3820100761348698
v 0.30872425762204003 -0.37080548120257845 0.3825328837529361
v 0.31560083595238164 -0.371880498955918 0.38301213836723036
v 0.3225663020813278 -0.3729064603843978 0.3834462330269312
v 0.3296209051879892 -0.3738815265957998 0.38383351997207305
v 0.33676483937737023 -0.3748038131136534 0.3841723103530755
v 0.34399824019448205 -0.3756713896329655 0.38446087401047885
v 0.35132118100639015 -0.37648227984895766 0.38469743932050293
v 0.3587336692513196 -0.3772344613653884 0.3848801931123494
v 0.3662356425543008 -0.3779258656893434 0.3850072806634564
v 0.37382696470937166 -0.37855437831972 0.3850768057792186
v 0.38150742152878464 -0.3791178389369544 0.38508683096397645
v 0.3892767165603212 -0.3796140417018701 0.3850353776903854
v 0.39713446667433905 -0.38004073567186775 0.38492042677455607
v 0.40508019752295404 -0.3803956253429504 0.38473991886465264
v 0.41311333887442825 -0.3806763713264464 0.3844917550509066
v 0.42123321982666573 -0.3808805911695301 0.38417379760527487
v 0.4294390639046164 -0.38100586032895595 0.3837838708592163
v 0.43772998404725943 -0.38104971330765997 0.3833197622282955
v 0.44610497749093964 -0.3810096449641247 0.38277922339253423
v 0.45456292055681413 -0.3808831120046038 0.3821599716416094
v 0.4631025633514196 -0.38066753466846437 0.38145969139415487
v 0.4717225243905043 -0.3803602986170657 0.3806760359005391
v 0.4804212851576557 -0.37995875703661847 0.37980662913856555
v 0.48919718461057626 -0.37946023296557857 0.37884906791157663
v 0.4980484136493195 -0.3788620218570423 0.37780092415842076
v 0.5069730095623471 -0.3781613943865505 0.3766597474846568
v 0.5159688504677908 -0.3773555995155571 0.3754230679242392
v 0.5250336497690312 -0.376441867820556 0.3740883989406976
v 0.5341649506453378 -0.3754174150975683 0.3726532406765543
v 0.543360120600112 -0.37427944625123966 0.37111508345932404
v 0.5526163460910879 -0.3730251594773304 0.36947141157199703
v 0.5619306272686382 -0.37165175074668544 0.3677197072953276
v 0.5712997728502494 -0.3701564185981139 0.3658574552285876
v 0.5807203951610499 -0.36853636924666544 0.3638821468946638
v 0.5901889053722181 -0.3667888220128401 0.3617912856344748
v 0.5997015089708679 -0.3649110150771209 0.35958239179466983
v 0.6092542014969313 -0.36290021156293023 0.35725300821140266
v 0.6188427645842391 -0.36075370594969564 0.3548007059917011
v 0.6284627623447658 -0.35846883081611497 0.3522230905925192
v 0.6381095381365746 -0.35604296391198476 0.3495178081959753
v 0.647778211757486 -0.35347353555501243 0.3466825523775904
v 0.657463677107837 -0.3507580363470299 0.343715071062444
v 0.667160600366835 -0.3478940252017344 0.340613173762189
v 0.6768634187280169 -0.34487913767372746 0.3373747390836848
v 0.6865663397399641 -0.3417110945760805 0.33399772249773696
v 0.6962633412989896 -0.3383877108709419 0.33048016435398925
v 0.7059481723405604 -0.3349069048148896 0.3268201981254669
v 0.715614354276123 -0.33126670733775027 0.32301605886359774
v 0.7252551832214458 -0.32746527163055483 0.3190660918417562
v 0.7348637330616381 -0.3235008829150815 0.314968761362534
v 0.7444328593966844 -0.3193719683642485 0.31072265970097784
v 0.7539552044094823 -0.3150771071392577 0.3063265161530941
v 0.7634232026961203 -0.3106150405060741 0.30177920615587117
v 0.7728290880952743 -0.30598468199051987 0.29707976044211243
v 0.7821649015503068 -0.3011851275279381 0.2922273741903723
v 0.7914225000337722 -0.2962156655601569 0.28722141612738666
v 0.8005935665595447 -0.29107578702940445 0.28206143753760543
v 0.8096696213028391 -0.28576519521583554 0.2767471811317243
v 0.8186420338427877 -0.2802838153625569 0.27127858972367336
v 0.8275020365361122 -0.2746318040295608 0.2656558146631854
v 0.8362407390237535 -0.2688095581156929 0.2598792239691131
v 0.8448491438651424 -0.26281772348589283 0.2539494101068905
v 0.8533181632870832 -0.25665720313945795 0.247867197352224
v 0.861638637026093 -0.2503291648539633 0.24163364868208326
v 0.8698013512345398 -0.24383504823886773 0.2352500721335216
v 0.8777970584119803 -0.23717657113278112 0.2287180265708051
v 0.8856164983140388 -0.2303557352788184 0.22203932680171604
v 0.8932504197817593 -0.22337483121352603 0.2152160479849154
v 0.9006896034249963 -0.2162364423066341 0.20825052927173843
v 0.9079248850839013 -0.20894344789118927 0.20114537662798043
v 0.9149471799832833 -0.2014990254266797 0.1939034647839138
v 0.9217475074854294 -0.19390665164152254 0.18652793826419084
v 0.928317016338181 -0.18617010260565567 0.17902221145323002
v 0.9346470103066997 -0.1782934526890851 0.1713899676562827
v 0.9407289740694895 -0.17028107236802895 0.16363515712160603
v 0.9465545992521825 -0.16213762484668098 0.15576199399488896
v 0.9521158104661968 -0.1538680614696054 0.14777495218345654
v 0.957404791213997 -0.14547761590739575 0.1396787601145301
v 0.9624140095182889 -0.13697179710622492 0.13147839437914785
v 0.9671362431291866 -0.1283563810004485 0.12317907226096028
v 0.9715646041613745 -0.11963740099621359 0.11478624315708286
v 0.9756925630124844 -0.11082113724319667 0.10630557890643413
v 0.9795139714145097 -0.10191410472076823 0.09774296304927416
v 0.983023084472061 -0.09292304017431115 0.08910447905015426
v 0.9862145815446776 -0.08385488794666211 0.08039639752479022
v 0.9890835858352479 -0.07471678475878826 0.0716251625196999
v 0.9916256825528467 -0.06551604350275313 0.06279737690137738
v 0.9938369355259726 -0.05626013611848153 0.05391978691952704
v 0.9957139021511383 -0.04695667563391265 0.04499926601607755
v 0.99725364657201 -0.037613397455529 0.036042797958408875
v 0.9984537509957354 -0.028238140003084482 0.02705745938136536
v 0.9993123250655289 -0.018838824788234197 0.018050401827945636
v 0.9998280132220201 -0.009423436041983415 0.009028833383255472
v 0.9999999999999993 3.925231146709436e-16 -8.364606201278466e-16
v 0.9998280132220201 0.009423436041984357 -0.00902883338325587
v 0.9993123250655289 0.018838824788233257 -0.018050401827946035
v 0.9984537509957352 0.02823814000308534 -0.027057459381365764
v 0.99725364657201 0.03761339745552979 -0.03604279795840927
v 0.9957139021511373 0.04695667563391339 -0.044999266016077906
v 0.9938369355259726 0.056260136118482316 -0.05391978691952743
v 0.9916256825528468 0.0655160435027522 -0.06279737690137777
v 0.9890835858352478 0.07471678475878912 -0.0716251625197003
v 0.9862145815446776 0.08385488794666297 -0.08039639752479187
v 0.9830230844720608 0.09292304017431201 -0.08910447905015466
v 0.9795139714145097 0.10191410472076722 -0.09774296304927456
v 0.9756925630124844 0.11082113724319753 -0.10630557890643452
v 0.9715646041613745 0.11963740099621435 -0.11478624315708323
v 0.9671362431291858 0.12835638100044922 -0.12317907226096057
v 0.9624140095182889 0.13697179710622567 -0.13147839437914827
v 0.9574047912139962 0.14547761590739472 -0.13967876011453034
v 0.9521158104661965 0.15386806146960616 -0.1477749521834569
v 0.9465545992521822 0.16213762484668004 -0.15576199399488924
v 0.9407289740694886 0.17028107236802972 -0.16363515712160628
v 0.9346470103066997 0.17829345268908428 -0.1713899676562831
v 0.928317016338181 0.18617010260565642 -0.1790222114532304
v 0.9217475074854287 0.19390665164152315 -0.1865279382641911
v 0.914947179983283 0.2014990254266805 -0.19390346478391415
v 0.9079248850838995 0.20894344789119126 -0.20114537662798165
v 0.9006896034249953 0.21623644230663466 -0.20825052927173981
v 0.893250419781759 0.22337483121352683 -0.2152160479849157
v 0.8856164983140384 0.23035573527881734 -0.22203932680171623
v 0.8777970584119809 0.23717657113278207 -0.22871802657080448
v 0.8698013512345384 0.24383504823886812 -0.23525007213352273
v 0.8616386370260928 0.250329164853964 -0.24163364868208365
v 0.8533181632870831 0.2566572031394587 -0.24786719735222437
v 0.8448491438651434 0.2628177234858922 -0.25394941010688993
v 0.8362407390237508 0.26880955811569446 -0.259879223969114
v 0.8275020365361114 0.2746318040295612 -0.26565581466318666
v 0.818642033842787 0.2802838153625575 -0.27127858972367347
v 0.8096696213028394 0.28576519521583477 -0.2767471811317246
v 0.8005935665595451 0.2910757870294054 -0.28206143753760493
v 0.7914225000337715 0.2962156655601574 -0.28722141612738783
v 0.782164901550306 0.3011851275279385 -0.2922273741903724
v 0.7728290880952734 0.3059846819905203 -0.2970797604421125
v 0.7634232026961211 0.3106150405060736 -0.3017792061558706
v 0.7539552044094805 0.3150771071392592 -0.306326516153095
v 0.7444328593966825 0.3193719683642485 -0.3107226597009785
v 0.7348637330616372 0.32350088291508194 -0.31496876136253404
v 0.7252551832214456 0.32746527163055394 -0.3190660918417563
v 0.7156143542761236 0.3312667073377513 -0.3230160588635975
v 0.7059481723405591 0.3349069048148898 -0.32682019812546775
v 0.6962633412989893 0.33838771087094244 -0.3304801643539896
v 0.6865663397399633 0.34171109457608084 -0.333997722497737
v 0.6768634187280161 0.3448791376737278 -0.3373747390836848
v 0.6671606003668363 0.3478940252017343 -0.34061317376218886
v 0.6574636771078355 0.3507580363470298 -0.34371507106244453
v 0.6477782117574853 0.3534735355550128 -0.34668255237759044
v 0.6381095381365746 0.356042963911984 -0.34951780819597533
v 0.6284627623447663 0.358468830816116 -0.35222309059251905
v 0.6188427645842377 0.36075370594969547 -0.35480070599170155
v 0.6092542014969307 0.3629002115629305 -0.35725300821140266
v 0.5997015089708676 0.36491101507712137 -0.3595823917946701
v 0.5901889053722175 0.3667888220128403 -0.3617912856344748
v 0.5807203951610507 0.3685363692466652 -0.3638821468946634
v 0.5712997728502477 0.3701564185981135 -0.36585745522858787
v 0.5619306272686379 0.3716517507466859 -0.3677197072953278
v 0.5526163460910881 0.3730251594773298 -0.3694714115719971
v 0.5433601206001122 0.3742794462512405 -0.37111508345932387
v 0.5341649506453363 0.37541741509756793 -0.3726532406765545
v 0.5250336497690307 0.3764418678205563 -0.3740883989406977
v 0.5159688504677903 0.3773555995155573 -0.37542306792423924
v 0.5069730095623465 0.3781613943865507 -0.3766597474846568
v 0.49804841364932045 0.3788620218570422 -0.37780092415842065
v 0.48919718461057493 0.37946023296557824 -0.37884906791157674
v 0.4804212851576552 0.3799587570366186 -0.37980662913856555
v 0.4717225243905045 0.3803602986170651 -0.3806760359005391
v 0.46310256335141986 0.38066753466846526 -0.381459691394155
v 0.45456292055681286 0.38088311200460345 -0.3821599716416095
v 0.4461049774909375 0.3810096449641249 -0.3827792233925341
v 0.43772998404725877 0.38104971330766013 -0.38331976222829556
v 0.4294390639046156 0.38100586032895595 -0.3837838708592161
v 0.4212332198266665 0.3808805911695301 -0.3841737976052748
v 0.413113338874427 0.3806763713264459 -0.38449175505090666
v 0.40508019752295343 0.38039562534295057 -0.3847399188646526
v 0.3971344666743392 0.3800407356718673 -0.3849204267745562
v 0.38927671656032126 0.37961404170187085 -0.3850353776903855
v 0.3815074215287835 0.37911783893695383 -0.38508683096397633
v 0.37382696470936977 0.37855437831972016 -0.3850768057792185
v 0.3662356425543003 0.3779258656893435 -0.38500728066345646
v 0.35873366925131894 0.3772344613653883 -0.3848801931123492
v 0.3513211810063909 0.3764822798489578 -0.38469743932050304
v 0.3439982401944811 0.375671389632965 -0.38446087401047885
v 0.3367648393773699 0.37480381311365374 -0.38417231035307564
v 0.3296209051879895 0.3738815265957993 -0.38383351997207305
v 0.3225663020813278 0.37290646038439845 -0.38344623302693137
v 0.3156008359523808 0.3718804989559176 -0.3830121383672303
v 0.3087242576220385 0.37080548120257856 -0.38253288375293604
v 0.3019362661921779 0.36968320074341077 -0.3820100761348698
v 0.29523651227157444 0.36851540629617563 -0.3814452819900462
v 0.2886246010745021 0.36730380210455155 -0.3808400277068325
v 0.2821000953941697 0.36605004841528704 -0.3801958000151535
v 0.27566251845335954 0.36475576200032966 -0.37951404645724013
v 0.2693113566348005 0.3634225167192154 -0.37879617589467934
v 0.2630460620939989 0.36205184411731806 -0.3780435590477809
v 0.25686605525737344 0.360645234055779 -0.37725752906351767
v 0.25077072720862853 0.35920413536926055 -0.37643938210853545
v 0.2447594419664077 0.3577299565478567 -0.3755903779839511
v 0.2388315386563476 0.3562240664397921 -0.37471174075888564
v 0.2329863335806657 0.35468779497173125 -0.373804659419874
v 0.22722312218847243 0.3531224338837616 -0.3728702885335044
v 0.22154118095001551 0.35152923747632264 -0.37190974891982403
v 0.21593976913804253 0.34990942336654113 -0.3709241283342301
v 0.21041813051948782 0.3482641732516497 -0.36991448215573725
v 0.2049754949606655 0.34659463367730975 -0.3688818340796766
v 0.19961107994908256 0.34490191680887344 -0.3678271768130339
v 0.19432409203502374 0.34318710120374063 -0.3667514727707834
v 0.18911372819591557 0.3414512325831502 -0.36565565477170536
v 0.1839791771265289 0.33969532460187385 -0.36454062673231585
v 0.17891962045794058 0.33792035961442046 -0.36340726435764903
v 0.17393423390816173 0.33612728943648834 -0.36225641582775464
v 0.16902218836724353 0.33431703610051017 -0.3610889024788736
v 0.16418265091962697 0.3324904926042777 -0.3599055194783677
v 0.15941478580642837 0.33064852365169334 -0.3587070364925596
v 0.15471775533024515 0.32879196638484137 -0.35749419834673934
v 0.15009072070505983 0.32692163110662487 -0.35626772567667264
v 0.14553284285365264 0.32503830199332123 -0.3550283155710148
v 0.14104328315495382 0.3231427377964844 -0.3537766422041237
v 0.1366212041436107 0.32123567253368934 -0.3525133574588125
v 0.13226577016401686 0.3193178161676938 -0.3512390915386601
v 0.1279761479809432 0.31738985527363767 -0.3499544535695389
v 0.1237515073488554 0.31545245369398767 -0.34866003219009056
v 0.11959102154192904 0.31350625318095404 -0.3473563961309134
v 0.11549386784666262 0.31155187402618917 -0.3460440947822775
v 0.11145922801898217 0.3095899156775974 -0.34472365875022626
v 0.10748628870757586 0.3076209573431445 -0.343395600400953
v 0.10357424184521175 0.3056455585815873 -0.3420604143933892
v 0.09972228500965655 0.3036642598800793 -0.3407185781999589
v 0.09592962175578575 0.30167758321864313 -0.33937055261549315
v 0.0921954619203868 0.29968603262152127 -0.3380167822543181
v 0.08851902190110753 0.29769009469546237 -0.33665769603555945
v 0.08489952491094586 0.2956902391549982 -0.3352937076567247
v 0.08133620120958103 0.2936869193348126 -0.33392521605564346
v 0.07782828831285042 0.2916805726893083 -0.3325526058608697
v 0.07437503118154179 0.2896716212794954 -0.3311762478306523
v 0.07097568239069625 0.28766047224735464 -0.32979649928061416
v 0.06762950228050173 0.28564751827782375 -0.32841370450027363
v 0.06433575908984307 0.28363313804858276 -0.327028195158565
v 0.061093729073505444 0.28161769666780934 -0.32564029069851586
v 0.057902696603991284 0.27960154610010673 -0.324250298721259
v 0.05476195425887398 0.2775850255807902 -0.32285851535955146
v 0.051670802894531714 0.27556846201874213 -0.3214652256409861
v 0.04862855170712198 0.2735521703880463 -0.3200707038410882
v 0.04563451828154599 0.2715364541086089 -0.318675213826483
v 0.04268802862918323 0.26952160541599635 -0.31727900938834164
v 0.03978841721508688 0.26750790572070154 -0.31588233456629683
v 0.036935026975324387 0.2654956259570697 -0.314485423963035
v 0.034127209325098565 0.263485026922099 -0.3130885030497629
v 0.031364324158258405 0.26147635960435595 -0.3116917884627586
v 0.028645739838788122 0.259469865503219 -0.31029548829120657
v 0.025970833184797915 0.257465776938684 -0.3088998023565208
v 0.02333898944556683 0.2554643173519556 -0.30750492248336325
v 0.020749602272095245 0.25346570159704296 -0.3061110327625513
v 0.018202073681662264 0.2514701362235912 -0.30471830980606435
v 0.015695814016810264 0.24947781975116315 -0.3033269229943414
v 0.013230241899182876 0.247488942935193 -0.3019370347160718
v 0.010804784178605191 0.2455036890248205 -0.3005488006006651
v 0.008418875877779577 0.24352223401283088 -0.2991623697436039
v 0.006071960132960183 0.2415447468778998 -0.2977778849248596
v 0.003763488130917174 0.23957138981935427 -0.2963954828205606
v 0.0014929190425332557 0.2376023184846563 -0.2950152942080994
v -0.0007402800467017864 0.2356376821898002 -0.2936374441648516
v -0.0029366342089922164 0.23367762413283116 -0.29226205226069313
v -0.005096660749085619 0.2317222816006707 -0.2908892327444825
v -0.007220869281417222 0.22977178616943872 -0.28951909472468107
v -0.009309761809311052 0.22782626389846242 -0.28815174234428
v -0.011363832806032885 0.22588583551814412 -0.2867872749501925
v -0.013383569297462998 0.22395061661187568 -0.2854257872572773
v -0.015369450946223715 0.22202071779216628 -0.28406736950714534
v -0.017321950137049468 0.2200962448711576 -0.2827121076219062
v -0.019241532063256434 0.21817729902568428 -0.2813600833529973
v -0.02112865481412728 0.2162639769570532 -0.28001137442525087
v -0.022983769463073657 0.21435637104568853 -0.2786660546763328
v -0.02480732015643189 0.2124545695008027 -0.27732419419169607
v -0.026599744202754832 0.21055865650524277 -0.27598585943518467
v -0.02836147216249032 0.20866871235565243 -0.2746511133754147
v -0.030092927937907705 0.20678481359810227 -0.2733200156080691
v -0.03179452886319157 0.20490703315931735 -0.271992622474223
v -0.0334666857945752 0.20303544047364583 -0.2706689871748287
v -0.03510980320044581 0.20117010160588863 -0.26934915988147046
v -0.036724279251313205 0.19931107937013065 -0.2680331878435127
v -0.038310505909573425 0.19745843344468977 -0.2667211154917484
v -0.039868869018988 0.19561222048330512 -0.265412984538657
v -0.04139974839380658 0.1937724942226871 -0.2641088340753817
v -0.04290351790747927 0.1919393055865341 -0.26280870066552153
v -0.04438054558087973 0.1901127027861375 -0.2615126184358463
v -0.04583119367000775 0.18829273141767358 -0.2602206191640257
v -0.04725581875309659 0.18647943455629476 -0.25893273236347086
v -0.048654771817101615 0.18467285284711132 -0.25764898536537406
v -0.050028398343509 0.18287302459317406 -0.256369403398043
v -0.05137703839343623 0.18107998584054483 -0.2550940096636097
v -0.05270102669198581 0.17929377046055048 -0.25382282541219997
v -0.05400069271181708 0.17751441022931275 -0.25255587001364616
v -0.055276360755916985 0.17574193490463327 -0.25129316102681615
v -0.05652835003952615 0.17397637230033058 -0.25003471426664314
v -0.0577569747712175 0.172217748358098 -0.2487805438689223
v -0.05896254423308523 0.1704660872169753 -0.2475306623529527
v -0.06014536286004567 0.16872141128049595 -0.24628508068208682
v -0.06130573031821686 0.16698374128159976 -0.24504380832226216
v -0.06244394158237236 0.1652530963453732 -0.2438068532985757
v -0.06356028701245388 0.16352949404969117 -0.2425742222499656
v -0.0646550524291295 0.16181295048383051 -0.24134592048206263
v -0.06572851918839794 0.1601034803051124 -0.24012195201826722
v -0.06678096425521564 0.15840109679365055 -0.23890231964911485
v -0.0678126602761605 0.15670581190525412 -0.23768702497998012
v -0.06882387565110795 0.15501763632255683 -0.23647606847717903
v -0.06981487460393532 0.15333657950441706 -0.23526944951251447
v -0.07078591725223753 0.15166264973365864 -0.234067166406323
v -0.07173725967606202 0.14999585416319722 -0.23286921646906714
v -0.07266915398566139 0.14833619886060842 -0.2316755960415222
v -0.07358184838826182 0.14668368885119035 -0.2304863005336041
v -0.0744755872538587 0.14503832815956205 -0.22930132446187917
v -0.07535061118002798 0.14340011984985834 -0.22812066148580504
v -0.07620715705577484 0.14176906606455392 -0.22694430444273853
v -0.07704545812440687 0.1401451680619719 -0.22577224538175383
v -0.07786574404545184 0.13852842625251394 -0.22460447559631014
v -0.07866824095561689 0.13691884023365394 -0.22344098565580264
v -0.07945317152879874 0.13531640882374066 -0.2222817654360401
v -0.08022075503515265 0.13372113009464276 -0.22112680414867772
v -0.08097120739922462 0.13213300140327985 -0.2199760903696447
v -0.08170474125716198 0.13055201942206726 -0.21882961206659443
v -0.0824215660129987 0.12897818016832327 -0.21768735662541447
v -0.0831218878940388 0.1274114790326594 -0.2165493108758244
v -0.08380591000533252 0.12585191080639802 -0.21541546111609094
v -0.08447383238326675 0.12429946970804276 -0.21428579313689314
v -0.08512585204827143 0.12275414940883381 -0.21316029224435903
v -0.08576216305665497 0.12121594305742184 -0.21203894328230838
v -0.08638295655157846 0.11968484330368512 -0.21092173065372236
v -0.08698842081317708 0.11816084232172298 -0.20980863834146932
v -0.08757874130784488 0.11664393183204416 -0.20869964992830622
v -0.08815410073668271 0.11513410312298934 -0.20759474861618551
v -0.08871467908313366 0.1136313470714001 -0.20649391724488653
v -0.08926065365980289 0.11213565416256932 -0.2053971383099939
v -0.08979219915448457 0.11064701450949102 -0.20430439398024786
v -0.09030948767539863 0.10916541787143276 -0.20321566611428046
v -0.09081268879565217 0.10769085367185728 -0.20213093627676565
v -0.09130196959693539 0.10622331101571017 -0.20105018575399727
v -0.09177749471246202 0.10476277870609949 -0.19997339556891708
v -0.09223942636916964 0.10330924526037842 -0.19890054649560668
v -0.09268792442918204 0.10186269892566444 -0.19783161907326677
v -0.09312314643055625 0.10042312769379914 -0.19676659361969612
v -0.09354524762731287 0.09899051931577922 -0.1957054502442886
v -0.09395438102877152 0.09756486131566831 -0.19464816886056535
v -0.09435069743819446 0.09614614100400876 -0.1935947291982534
v -0.09473434549075296 0.09473434549075307 -0.19254511081493078
v -0.0951054716908261 0.09332946169772662 -0.19149929310724922
v -0.0954642204486416 0.09193147637064174 -0.19045725532175045
v -0.09581073411627349 0.09054037609067006 -0.189418976565286
v -0.09614515302299874 0.08915614728559997 -0.18838443581505826
v -0.09646761551003416 0.0877787762405799 -0.18735361192829275
v -0.09677825796465288 0.0864082491084725 -0.18632648365155335
v -0.0970772148536996 0.08504455191982432 -0.18530302962971484
v -0.09736461875650908 0.08368767059246726 -0.1842832284146002
v -0.09764060039723979 0.08233759094076523 -0.1832670584732979
v -0.09790528867663327 0.08099429868451498 -0.18225449819616743
v -0.0981588107032065 0.07965777945751643 -0.1812455259045444
v -0.09840129182389172 0.07832801881581586 -0.18024011985815327
v -0.09863285565412577 0.07700500224564504 -0.17923825826224057
v -0.09885362410740749 0.07568871517105301 -0.17823991927443567
v -0.09906371742432304 0.07437914296125238 -0.1772450810113481
v -0.09926325420105715 0.07307627093768171 -0.17625372155491287
v -0.09945235141739232 0.07178008438079603 -0.17526581895848672
v -0.09963112446420921 0.07049056853659687 -0.1742813512527104
v -0.09979968717049525 0.06920770862290655 -0.17330029645113926
v -0.09995815182987003 0.06793148983540032 -0.17232263255565386
v -0.10010662922663825 0.0666618973533955 -0.17134833756165346
v -0.10024522866137406 0.06539891634541933 -0.17037738946304506
v -0.1003740579760516 0.06414253197454822 -0.16940976625703033
v -0.10049322357872267 0.06289272940353882 -0.16844544594869937
v -0.10060283046775653 0.061649493799749065 -0.16748440655543845
v -0.1007029822556443 0.06041281033985941 -0.16652662611115415
v -0.10079378119237901 0.05918266421440298 -0.16557208267032553
v -0.10087532818841795 0.05795904063210774 -0.16462075431188583
v -0.10094772283723456 0.05674192482405871 -0.16367261914294107
v -0.10101106343746832 0.05553130204768705 -0.16272765530233216
v -0.10106544701467839 0.054327157590589446 -0.16178584096404175
v -0.10111096934271076 0.05312947677418468 -0.1608471543404567
v -0.10114772496468252 0.05193824495721638 -0.1599115736854863
v -0.10117580721359404 0.05075344753910078 -0.15897907729754485
v -0.10119530823257247 0.04957506996312868 -0.15804964352239836
v -0.10120631899475604 0.04840309771952731 -0.15712325075588585
v -0.10120892932282383 0.04723751634838431 -0.15619987744651498
v -0.10120322790817896 0.04607831144243998 -0.15527950209793812
v -0.10118930232979058 0.044925468649752914 -0.15436210327131386
v -0.10116723907270106 0.04377897367624151 -0.15344765958755394
v -0.10113712354620628 0.04263881228810586 -0.15253614972946533
v -0.10109904010171145 0.04150497031413826 -0.1516275524437855
v -0.1010530720502729 0.040377433647919715 -0.15072184654311954
v -0.10099930167982799 0.03925618824991014 -0.14981901090777672
v -0.1009378102721209 0.038141220149436536 -0.14891902448751598
v -0.10086867811932955 0.03703251544658059 -0.1480218663031992
v -0.10079198454039891 0.035930060313970204 -0.14712751544835703
v -0.10070780789708655 0.034833840998479 -0.14623595109067145
v -0.10061622560972518 0.03374384382283531 -0.14534715247337388
v -0.1005173141727086 0.03266005518714405 -0.1444610989165674
v -0.10041114916970442 0.03158246157032836 -0.14357776981847106
v -0.10029780528860108 0.030511049531487745 -0.14269714465659233
v -0.10017735633619133 0.029445805711179288 -0.14181920298882617
v -0.1000498752525994 0.028386716832625197 -0.14094392445448822
v -0.09991543412545555 0.02733376970284727 -0.14007128877528086
v -0.09977410420382263 0.02628695121373185 -0.13920127575619515
v -0.09962595591188024 0.025246248343028535 -0.13833386528635322
v -0.09947105886236912 0.024211648155283278 -0.1374690373397884
v -0.09930948186980294 0.023183137802708347 -0.13660677197617066
v -0.09914129296344906 0.022160704525995483 -0.13574704934147577
v -0.09896655940008478 0.021144335655067938 -0.13488984966860237
v -0.09878534767653177 0.02013401860977762 -0.13403515327793578
v -0.09859772354197356 0.01912974090054936 -0.13318294057786395
v -0.09840375201006026 0.01813149012897285 -0.1323331920652457
v -0.09820349737080356 0.017139253988344504 -0.13148588832583186
v -0.0979970232022677 0.016153020264162397 -0.13064101003464418
v -0.09778439238205754 0.015172776834573937 -0.12979853795630858
v -0.09756566709861032 0.014198511670778426 -0.1289584529453501
v -0.09734090886229303 0.013230212837389937 -0.12812073594644646
v -0.09711017851630961 0.012267868492755903 -0.1272853679946451
v -0.09687353624742102 0.01131146688923701 -0.1264523302155409
v -0.09663104159648266 0.010360996373449912 -0.125621603825421
v -0.09638275346880142 0.009416445386472577 -0.12479317013137457
v -0.09612873014431657 0.008477802464014512 -0.1239670105313691
v -0.09586902928760752 0.007545056236553888 -0.12314310651429701
v -0.09560370795773092 0.006618195429441471 -0.12232143965998914
v -0.09533282261789167 0.005697208862972457 -0.1215019916392014
v -0.09505642914494995 0.00478208545243192 -0.1206847442135722
v -0.09477458283876732 0.0038728142081062484 -0.11986967923555274
v -0.09448733843139587 0.0029693842352731576 -0.11905677864831259
v -0.09419475009611128 0.0020717847341591754 -0.11824602448561763
v -0.09389687145629538 0.0011800049998761735 -0.11743739887168679
v -0.09359375559416867 0.0002940344223315836 -0.11663088402102381
v -0.09328545505937719 -0.0005861375138836183 -0.11582646223822847
v -0.0929720218774351 -0.0014605212296299297 -0.11502411591778423
v -0.09265350755802673 -0.0023291270513766363 -0.11422382754382757
v -0.0923299631031705 -0.0031919652113760514 -0.11342557968989664
v -0.09200143901524627 -0.004049045847862433 -0.11262935501866113
v -0.09166798530489062 -0.004900379005263602 -0.11183513628163502
v -0.09132965149875989 -0.005745974634436273 -0.11104290631887007
v -0.09098648664716594 -0.006585842592914216 -0.11025264805863441
v -0.09063853933158547 -0.007419992645174591 -0.1094643445170746
v -0.09028585767204583 -0.00824843446291875 -0.1086779787978631
v -0.08992848933438892 -0.009071177625368495 -0.10789353409182925
v -0.08956648153741643 -0.009888231619577395 -0.10711099367657856
v -0.08919988105991793 -0.010699605840751986 -0.10633034091609715
v -0.08882873424758396 -0.011505309592590782 -0.10555155926034394
v -0.08845308701980698 -0.012305352087629565 -0.10477463224483112
v -0.08807298487637068 -0.013099742447603875 -0.1039995434901913
v -0.08768847290403148 -0.013888489703818242 -0.10322627670173527
v -0.08729959578299311 -0.014671602797527591 -0.10245481566899793
v -0.08690639779327691 -0.015449090580327604 -0.10168514426527554
v -0.08650892282098857 -0.016220961814554655 -0.10091724644715083
v -0.08610721436448456 -0.016987225173695584 -0.10015110625401122
v -0.08570131554043989 -0.01774788924280233 -0.09938670780755711
v -0.08529126908981763 -0.018502962518919027 -0.09862403531130189
v -0.08487711738374448 -0.019252453411510898 -0.09786307305006495
v -0.08445890242929094 -0.019996370242905296 -0.09710380538945498
v -0.08403666587516087 -0.020734721248735287 -0.09634621677534837
v -0.0836104490172902 -0.021467514578390863 -0.09559029173335952
v -0.08318029280435732 -0.022194758295474924 -0.09483601486830574
v -0.08274623784320595 -0.022916460378264742 -0.09408337086366415
v -0.08230832440418284 -0.02363262872017933 -0.09333234448102497
v -0.08186659242639203 -0.02434327113024789 -0.09258292055953797
v -0.08142108152286574 -0.025048395333586944 -0.09183508401535416
v -0.08097183098565609 -0.025748008971875916 -0.0910888198410635
v -0.08051887979084535 -0.0264421196038412 -0.09034411310512584
v -0.08006226660347988 -0.02713073470573952 -0.08960094895129987
v -0.0796020297824269 -0.027813861671845838 -0.08885931259806668
v -0.0791382073851567 -0.02849150781494279 -0.08811918933805078
v -0.07867083717245023 -0.029163680366812772 -0.08738056453743574
v -0.07819995661303461 -0.02983038647873278 -0.08664342363537805
v -0.07772560288814857 -0.030491633221967972 -0.08590775214341786
v -0.07724781289603606 -0.031147427588270694 -0.08517353564488561
v -0.076766623256374 -0.03179777649037603 -0.08444075979430848
v -0.07628207031462979 -0.03244268676250254 -0.08370941031681102
v -0.07579419014635515 -0.03308216516085063 -0.08297947300751664
v -0.07530301856141394 -0.033716218364102664 -0.08225093373094523
v -0.07480859110814687 -0.03434485297392252 -0.08152377842041043
v -0.0743109430774732 -0.03496807551545567 -0.08079799307741307
v -0.07381010950693084 -0.03558589243782976 -0.08007356377103506
v -0.07330612518465764 -0.036198310114652105 -0.07935047663733116
v -0.0727990246533113 -0.03680533484451058 -0.07862871787871926
v -0.07228884221393378 -0.03740697285146914 -0.07790827376337091
v -0.07177561192975587 -0.03800323028556682 -0.0771891306245985
v -0.07125936762994808 -0.038594113223312534 -0.07647127486024423
v -0.07074014291331529 -0.039179627668179826 -0.07575469293206696
v -0.07021797115193766 -0.03975977955110024 -0.07503937136512878
v -0.06969288549475959 -0.04033457473095386 -0.07432529674718212
v -0.069164918871124 -0.04090401899506098 -0.07361245572805458
v -0.06863410399425902 -0.04146811805966794 -0.07290083501903562
v -0.06810047336471124 -0.04202687757043514 -0.07219042139226184
v -0.06756405927373282 -0.04258030310291869 -0.07148120168010372
v -0.06702489380661723 -0.043128400163053866 -0.0707731627745503
v -0.06648300884598976 -0.0436711741876334 -0.07006629162659618
v -0.06593843607505051 -0.04420863054478438 -0.06936057524562772
v -0.06539120698077167 -0.04474077453444263 -0.06865600069880973
v -0.06484135285705078 -0.04526761138882321 -0.0679525551104736
v -0.06428890480781785 -0.04578914627289092 -0.06725022566150402
v -0.06373389375010192 -0.04630538428482397 -0.06654899958872812
v -0.0631763504170525 -0.046816330456478795 -0.06584886418430436
v -0.06261630536092218 -0.047321989753847674 -0.06514980679511319
v -0.06205378895600521 -0.04782236707751711 -0.06445181482214658
v -0.06148883140153828 -0.048317467263120244 -0.06375487571990045
v -0.060921462724560976 -0.048807295081787 -0.06305897699576696
v -0.06035171278273725 -0.04929185524059091 -0.06236410620942772
v -0.05977961126714034 -0.04977115238299135 -0.06167025097224928
v -0.05920518770499768 -0.05024519108927491 -0.06097739894667739
v -0.05862847146240269 -0.0507139758769893 -0.06028553784563448
v -0.05804949174698721 -0.05117751120137759 -0.0595946554319173
v -0.05746827761056242 -0.051635801455804965 -0.05890473951759655
v -0.0568848579517213 -0.05208885097218507 -0.05821577796341614
v -0.05629926151841006 -0.05253666402140012 -0.057527758678195436
v -0.05571151691046508 -0.05297924481371812 -0.05684066961823194
v -0.05512165258211731 -0.05341659749920625 -0.0561544987867053
v -0.05452969684446554 -0.05384872616813893 -0.055469234233083586
v -0.05393567786791584 -0.05427563485140465 -0.054784864052529005
v -0.053339623684593586 -0.054697327520904934 -0.054101376385306967
v -0.05274156219072182 -0.05511380808995296 -0.05341875941619547
v -0.05214152114897341 -0.05552508041366446 -0.05273700137389706
v -0.05153952819079056 -0.05593114828934753 -0.05205609053045012
v -0.05093561081867844 -0.056332015456886035 -0.051376015200643915
v -0.05032979640846985 -0.056727685599119726 -0.05069676374143389
v -0.049722112211562176 -0.05711816234221978 -0.05001832455135852
v -0.04911258535712886 -0.05750344925605935 -0.0493406860699587
v -0.04850124285430163 -0.05788354985458175 -0.048663836777196684
v -0.0478881115943306 -0.05825846759616107 -0.0479877651928784
v -0.047273218352715425 -0.05862820588396177 -0.0473124598760763
v -0.04665658979131515 -0.058992768066290516 -0.046637909424554785
v -0.0460382524604302 -0.059352157436946405 -0.04596410247419518
v -0.04541823280086305 -0.059706377235564705 -0.04529102769842437
v -0.044796557145954576 -0.0600554306479569 -0.04461867380764381
v -0.04417325172359727 -0.06039932080644608 -0.04394702954866023
v -0.043548342658227476 -0.060738050790197014 -0.043276083704118694
v -0.04292185597279257 -0.061071623625543484 -0.042605825091935424
v -0.04229381759070072 -0.06140004228630834 -0.04193624256473394
v -0.04166425333774544 -0.06172330969412164 -0.041267325009281625
v -0.041033188944013706 -0.06204142871873148 -0.04059906134592901
v -0.04040065004576969 -0.06235440217831261 -0.039931440528048534
v -0.03976666218732182 -0.06266223283976863 -0.039264451541476834
v -0.03913125082286916 -0.06296492341903016 -0.03859808340395752
v -0.03849444131832892 -0.06326247658134848 -0.03793232516458544
v -0.03785625895314665 -0.06355489494158337 -0.03726716590325333
v -0.03721672892208539 -0.06384218106448825 -0.03660259473009812
v -0.03657587633700126 -0.06412433746498804 -0.03593860078495054
v -0.03593372622859756 -0.06440136660845458 -0.03527517323678507
v -0.03529030354816552 -0.0646732709109754 -0.034612301283171616
v -0.034645633169306106 -0.06494005273961902 -0.033949974149729244
v -0.0339997398896368 -0.06520171441269473 -0.033288181089579566
v -0.033352648432481743 -0.06545825820000817 -0.032626911382803374
v -0.03270438344854715 -0.0657096863231116 -0.03196615433589746
v -0.032054969517583284 -0.06595600095554872 -0.031305899281233916
v -0.03140443115002693 -0.06619720422309705 -0.030646135576518935
v -0.030752792788635547 -0.0664332982040023 -0.02998685260425467
v -0.030100078810102335 -0.06666428492921081 -0.02932803977120159
v -0.029446313526661706 -0.06689016638259479 -0.028669686507841963
v -0.028791521187678665 -0.06711094450117448 -0.028011782267845613
v -0.028135725981226833 -0.06732662117533439 -0.027354316527534988
v -0.02747895203565263 -0.06753719824903542 -0.02669727878535333
v -0.026821223421128162 -0.0677426775200217 -0.026040658561332825
v -0.02616256415119368 -0.06794306074002203 -0.02538444539656519
v -0.025502998184283567 -0.06813834961494823 -0.024728628852671315
v -0.02484254942524715 -0.06832854580508647 -0.024073198511274076
v -0.02418124172685346 -0.06851365092528555 -0.023418143973471226
v -0.02351909889128923 -0.06869366654513889 -0.022763454859309338
v -0.022856144671643954 -0.06886859418916273 -0.022109120807259706
v -0.022192402773386376 -0.06903843533696875 -0.021455131473693503
v -0.021527896855830064 -0.06920319142343252 -0.020801476532359687
v -0.0208626505335906 -0.06936286383885636 -0.02014814567386277
v -0.02019668737803516 -0.0695174539291273 -0.01949512860514274
v -0.019530030918718404 -0.0696669629958714 -0.0188424150489539
v -0.01886270464481604 -0.06981139229660147 -0.01818999474334658
v -0.01819473200654498 -0.06995074304486133 -0.0175378574411487
v -0.017526136416579702 -0.07008501641036419 -0.01688599290944823
v -0.0168569412514581 -0.07021421351912686 -0.01623439092907734
v -0.01618716985298169 -0.07033833545359869 -0.015583041294095502
v -0.015516845529607469 -0.07045738325278597 -0.014931933811275234
v -0.01484599155783401 -0.07057135791237107 -0.014281058299587398
v -0.014174631183582725 -0.07068026038482669 -0.01363040458968834
v -0.013502787623567828 -0.07078409157952599 -0.012979962523405891
v -0.012830484066666769 -0.07088285236284678 -0.012329721953227802
v -0.012157743675279737 -0.07097654355827163 -0.011679672741789899
v -0.011484589586687913 -0.07106516594648273 -0.011029804761364854
v -0.010811044914403819 -0.071148720265452 -0.010380107893352378
v -0.010137132749518492 -0.07122720721052622 -0.00973057202776816
v -0.009462876162042808 -0.07130062743450757 -0.009081187062735134
v -0.008788298202245642 -0.07136898154772903 -0.008431942903974097
v -0.008113421901989541 -0.07143227011812467 -0.007782829464295894
v -0.007438270276057676 -0.07149049367129592 -0.007133836663092185
v -0.006762866323483653 -0.07154365269057202 -0.006484954425828424
v -0.006087233028872887 -0.07159174761706623 -0.005836172683536281
v -0.0054113933637251295 -0.07163477884972677 -0.005187481372306396
v -0.004735370287751544 -0.07167274674538324 -0.004538870432782338
v -0.004059186750190976 -0.07170565161878785 -0.0038903298096530153
v -0.003382865691122862 -0.0717334937426521 -0.0032418494511471446
v -0.002706430042779544 -0.07175627334767827 -0.002593419308527021
v -0.002029902730857024 -0.07177399062258631 -0.001945029335582459
v -0.001353306675823142 -0.07178664571413562 -0.0012966694881258098
v -0.0006766647942259912 -0.07179423872714222 -0.000648329723485258
v 1.6909135005341792e-17 -0.07179676972449081 -4.422764749636594e-17
v 0.0006766647942260251 -0.07179423872714222 0.0006483297234853528
v 0.0013533066758234294 -0.07178664571413562 0.0012966694881259044
v 0.0020299027308570577 -0.07177399062258631 0.001945029335582554
v 0.002706430042779324 -0.0717562733476783 0.0025934193085269323
v 0.0033828656911226484 -0.07173349374265212 0.003241849451147057
v 0.00405918675019101 -0.07170565161878785 0.0038903298096531103
v 0.004735370287751832 -0.07167274674538322 0.004538870432782433
v 0.005411393363725169 -0.07163477884972677 0.00518748137230649
v 0.006087233028872926 -0.07159174761706623 0.005836172683536193
v 0.006762866323483682 -0.07154365269057202 0.0064849544258285185
v 0.007438270276057962 -0.0714904936712959 0.007133836663092279
v 0.008113421901989581 -0.07143227011812467 0.007782829464295989
v 0.008788298202245677 -0.071368981547729 0.008431942903974192
v 0.009462876162042595 -0.0713006274345076 0.009081187062735047
v 0.010137132749518525 -0.07122720721052622 0.009730572027768256
v 0.010811044914404112 -0.07114872026545195 0.010380107893352473
v 0.011484589586687946 -0.07106516594648273 0.011029804761364947
v 0.012157743675279777 -0.07097654355827163 0.011679672741789814
v 0.012830484066666804 -0.07088285236284678 0.012329721953227898
v 0.013502787623568118 -0.07078409157952595 0.012979962523405985
v 0.014174631183582758 -0.07068026038482669 0.013630404589688436
v 0.014845991557834044 -0.07057135791237107 0.01428105829958749
v 0.015516845529607255 -0.07045738325278603 0.014931933811275151
v 0.01618716985298173 -0.07033833545359872 0.015583041294095603
v 0.016856941251458386 -0.0702142135191268 0.016234390929077434
v 0.017526136416579737 -0.07008501641036417 0.016885992909448328
v 0.01819473200654502 -0.06995074304486132 0.01753785744114861
v 0.018862704644816073 -0.06981139229660147 0.018189994743346673
v 0.019530030918718688 -0.06966696299587131 0.01884241504895399
v 0.020196687378035195 -0.06951745392912728 0.019495128605142836
v 0.02086265053359063 -0.06936286383885634 0.020148145673862868
v 0.021527896855829846 -0.06920319142343258 0.020801476532359593
v 0.022192402773386403 -0.06903843533696875 0.0214551314736936
v 0.022856144671644235 -0.06886859418916264 0.0221091208072598
v 0.023519098891289263 -0.06869366654513889 0.02276345485930943
v 0.024181241726853486 -0.06851365092528552 0.023418143973471136
v 0.024842549425247187 -0.06832854580508647 0.024073198511274173
v 0.02550299818428384 -0.06813834961494813 0.024728628852671408
v 0.026162564151193713 -0.06794306074002202 0.025384445396565283
v 0.0268212234211282 -0.0677426775200217 0.02604065856133293
v 0.02747895203565242 -0.0675371982490355 0.026697278785353235
v 0.028135725981226864 -0.06732662117533438 0.02735431652753508
v 0.028791521187678935 -0.06711094450117439 0.028011782267845706
v 0.02944631352666174 -0.06689016638259479 0.028669686507842056
v 0.030100078810102373 -0.06666428492921078 0.029328039771201502
v 0.03075279278863559 -0.06643329820400232 0.02998685260425478
v 0.031404431150027216 -0.06619720422309694 0.030646135576519032
v 0.03205496951758332 -0.06595600095554872 0.03130589928123402
v 0.03270438344854718 -0.06570968632311157 0.03196615433589755
v 0.033352648432481535 -0.06545825820000827 0.032626911382803284
v 0.03399973988963684 -0.06520171441269472 0.03328818108957966
v 0.03464563316930637 -0.06494005273961888 0.033949974149729334
v 0.03529030354816556 -0.06467327091097537 0.03461230128317171
v 0.03593372622859758 -0.06440136660845454 0.03527517323678499
v 0.03657587633700105 -0.06412433746498812 0.035938600784950446
v 0.037216728922085655 -0.06384218106448811 0.03660259473009823
v 0.03785625895314668 -0.06355489494158337 0.03726716590325342
v 0.038494441318328965 -0.06326247658134848 0.037932325164585536
v 0.03913125082286908 -0.06296492341903023 0.03859808340395743
v 0.03976666218732186 -0.06266223283976861 0.03926445154147693
v 0.040400650045769836 -0.06235440217831253 0.039931440528048624
v 0.04103318894401374 -0.06204142871873148 0.0405990613459291
v 0.0416642533377456 -0.06172330969412156 0.04126732500928173
v 0.04229381759070053 -0.06140004228630846 0.04193624256473384
v 0.04292185597279283 -0.06107162362554333 0.04260582509193553
v 0.04354834265822751 -0.06073805079019699 0.043276083704118784
v 0.044173251723597304 -0.06039932080644607 0.043947029548660324
v 0.04479655714595449 -0.060055430647956945 0.04461867380764372
v 0.045418232800863094 -0.059706377235564705 0.04529102769842447
v 0.04603825246043035 -0.059352157436946315 0.04596410247419528
v 0.046656589791315206 -0.058992768066290516 0.046637909424554896
v 0.04727321835271557 -0.05862820588396169 0.04731245987607642
v 0.047888111594330415 -0.05825846759616119 0.0479877651928783
v 0.048501242854301865 -0.057883549854581565 0.048663836777196774
v 0.04911258535712891 -0.05750344925605935 0.0493406860699588
v 0.04972211221156222 -0.05711816234221976 0.05001832455135862
v 0.05032979640846978 -0.05672768559911978 0.050696763741433795
v 0.050935610818678485 -0.05633201545688604 0.051376015200644026
v 0.05153952819079069 -0.05593114828934743 0.052056090530450225
v 0.05214152114897345 -0.055525080413664454 0.052737001373897155
v 0.052741562190721965 -0.05511380808995286 0.05341875941619559
v 0.05333962368459341 -0.05469732752090508 0.05410137638530686
v 0.05393567786791607 -0.05427563485140444 0.05478486405252908
v 0.05452969684446558 -0.05384872616813892 0.05546923423308369
v 0.055121652582117354 -0.05341659749920623 0.05615449878670542
v 0.05571151691046502 -0.05297924481371819 0.05684066961823185
v 0.05629926151841009 -0.05253666402140011 0.05752775867819553
v 0.056884857951721435 -0.05208885097218495 0.05821577796341623
v 0.057468277610562474 -0.05163580145580496 0.05890473951759665
v 0.058049491746987356 -0.05117751120137747 0.05959465543191741
v 0.05862847146240251 -0.05071397587698946 0.0602855378456344
v 0.05920518770499791 -0.050245191089274686 0.06097739894667746
v 0.05977961126714039 -0.04977115238299135 0.06167025097224938
v 0.060351712782737287 -0.049291855240590876 0.062364106209427825
v 0.0609214627245609 -0.04880729508178707 0.06305897699576687
v 0.06148883140153833 -0.04831746726312023 0.06375487571990057
v 0.06205378895600533 -0.04782236707751698 0.0644518148221467
v 0.06261630536092222 -0.04732198975384765 0.06514980679511329
v 0.06317635041705262 -0.04681633045647865 0.06584886418430445
v 0.06373389375010177 -0.04630538428482417 0.06654899958872802
v 0.06428890480781807 -0.04578914627289068 0.06725022566150413
v 0.06484135285705084 -0.04526761138882319 0.06795255511047371
v 0.0653912069807717 -0.04474077453444261 0.06865600069880982
v 0.06593843607505044 -0.04420863054478446 0.06936057524562762
v 0.06648300884598976 -0.04367117418763335 0.07006629162659607
v 0.06702489380661734 -0.04312840016305372 0.07077316277455041
v 0.06756405927373287 -0.04258030310291866 0.0714812016801038
v 0.06810047336471135 -0.04202687757043501 0.07219042139226194
v 0.06863410399425887 -0.04146811805966814 0.0729008350190355
v 0.06916491887112418 -0.040904018995060715 0.0736124557280547
v 0.06969288549475962 -0.04033457473095383 0.07432529674718223
v 0.0702179711519377 -0.03975977955110022 0.07503937136512888
v 0.07074014291331521 -0.03917962766817991 0.07575469293206687
v 0.07125936762994808 -0.038594113223312486 0.07647127486024415
v 0.07177561192975597 -0.03800323028556667 0.0771891306245986
v 0.07228884221393381 -0.037406972851469114 0.07790827376337099
v 0.07279902465331141 -0.036805334844510436 0.07862871787871938
v 0.0733061251846575 -0.03619831011465233 0.07935047663733104
v 0.07381010950693101 -0.035585892437829475 0.08007356377103517
v 0.07431094307747324 -0.034968075515455645 0.08079799307741319
v 0.07480859110814693 -0.0343448529739225 0.08152377842041056
v 0.07530301856141397 -0.03371621836410263 0.08225093373094534
v 0.07579419014635513 -0.03308216516085059 0.08297947300751654
v 0.07628207031462987 -0.03244268676250237 0.08370941031681112
v 0.07676662325637404 -0.031797776490376004 0.0844407597943086
v 0.07724781289603617 -0.031147427588270535 0.08517353564488574
v 0.07772560288814843 -0.030491633221968188 0.08590775214341771
v 0.07819995661303476 -0.02983038647873247 0.08664342363537818
v 0.07867083717245024 -0.029163680366812737 0.08738056453743583
v 0.07913820738515674 -0.028491507814942765 0.08811918933805091
v 0.07960202978242693 -0.027813861671845803 0.08885931259806677
v 0.08006226660347986 -0.027130734705739474 0.08960094895129976
v 0.08051887979084543 -0.026442119603841022 0.09034411310512594
v 0.08097183098565615 -0.025748008971875885 0.0910888198410636
v 0.08142108152286583 -0.02504839533358676 0.09183508401535428
v 0.08186659242639192 -0.02434327113024813 0.09258292055953787
v 0.08230832440418297 -0.023632628720179006 0.09333234448102508
v 0.08274623784320602 -0.02291646037826471 0.09408337086366428
v 0.08318029280435735 -0.02219475829547489 0.09483601486830584
v 0.08361044901729021 -0.02146751457839083 0.0955902917333596
v 0.08403666587516084 -0.020734721248735228 0.09634621677534827
v 0.08445890242929101 -0.01999637024290511 0.09710380538945505
v 0.08487711738374451 -0.019252453411510856 0.09786307305006504
v 0.08529126908981768 -0.01850296251891884 0.098624035311302
v 0.0857013155404398 -0.017747889242802586 0.099386707807557
v 0.08610721436448467 -0.016987225173695247 0.10015110625401133
v 0.08650892282098861 -0.016220961814554624 0.10091724644715094
v 0.08690639779327695 -0.01544909058032757 0.10168514426527567
v 0.08729959578299315 -0.014671602797527558 0.10245481566899804
v 0.08768847290403145 -0.013888489703818186 0.10322627670173518
v 0.08807298487637073 -0.013099742447603684 0.10399954349019143
v 0.08845308701980703 -0.012305352087629525 0.10477463224483125
v 0.08882873424758402 -0.011505309592590576 0.10555155926034403
v 0.08919988105991786 -0.010699605840752257 0.10633034091609704
v 0.08956648153741649 -0.00988823161957704 0.10711099367657864
v 0.08992848933438896 -0.009071177625368462 0.10789353409182935
v 0.09028585767204586 -0.008248434462918704 0.10867797879786321
v 0.09063853933158551 -0.007419992645174552 0.10946434451707471
v 0.09098648664716592 -0.0065858425929141776 0.1102526480586343
v 0.09132965149875992 -0.005745974634436066 0.11104290631887016
v 0.09166798530489069 -0.004900379005263553 0.11183513628163516
v 0.09200143901524634 -0.004049045847862232 0.11262935501866124
v 0.09232996310317045 -0.003191965211376333 0.11342557968989654
v 0.09265350755802672 -0.0023291270513765843 0.11422382754382746
v 0.09297202187743514 -0.0014605212296298793 0.11502411591778434
v 0.09328545505937723 -0.0005861375138835747 0.11582646223822858
v 0.0935937555941687 0.00029403442233163514 0.1166308840210239
v 0.09389687145629534 0.0011800049998762173 0.1174373988716867
v 0.09419475009611132 0.002071784734159391 0.11824602448561776
v 0.09448733843139591 0.0029693842352732035 0.1190567786483127
v 0.09477458283876737 0.0038728142081064596 0.11986967923555285
v 0.09505642914494987 0.004782085452431625 0.12068474421357206
v 0.09533282261789161 0.005697208862972497 0.12150199163920126
v 0.09560370795773095 0.00661819542944152 0.12232143965998923
v 0.09586902928760756 0.007545056236553936 0.12314310651429712
v 0.09612873014431658 0.00847780246401457 0.1239670105313692
v 0.09638275346880135 0.009416445386472625 0.12479317013137445
v 0.09663104159648267 0.010360996373450131 0.12562160382542115
v 0.0968735362474211 0.01131146688923706 0.126452330215541
v 0.09711017851630965 0.012267868492756127 0.1272853679946452
v 0.09734090886229307 0.013230212837389989 0.1281207359464466
v 0.09756566709861028 0.014198511670778468 0.12895845294535
v 0.09778439238205754 0.01517277683457399 0.12979853795630872
v 0.09799702320226775 0.016153020264162442 0.1306410100346443
v 0.09820349737080361 0.01713925398834457 0.131485888325832
v 0.09840375201006017 0.01813149012897288 0.13233319206524558
v 0.09859772354197358 0.0191297409005496 0.13318294057786406
v 0.09878534767653183 0.020134018609777673 0.1340351532779359
v 0.09896655940008481 0.021144335655068184 0.1348898496686025
v 0.0991412929634491 0.022160704525995542 0.13574704934147588
v 0.0993094818698029 0.023183137802708385 0.13660677197617055
v 0.09947105886236914 0.024211648155283337 0.13746903733978852
v 0.09962595591188028 0.025246248343028608 0.13833386528635339
v 0.09977410420382267 0.026286951213731917 0.1392012757561953
v 0.09991543412545548 0.027333769702847305 0.14007128877528072
v 0.1000498752525994 0.028386716832625444 0.14094392445448836
v 0.10017735633619138 0.02944580571117936 0.1418192029888263
v 0.10029780528860109 0.030511049531487998 0.14269714465659247
v 0.10041114916970446 0.03158246157032843 0.1435777698184712
v 0.10051731417270851 0.032660055187144085 0.14446109891656728
v 0.10061622560972522 0.03374384382283538 0.14534715247337396
v 0.1007078078970866 0.03483384099847907 0.14623595109067153
v 0.10079198454039895 0.03593006031397027 0.14712751544835717
v 0.10086867811932945 0.03703251544658062 0.1480218663031991
v 0.10093781027212088 0.03814122014943678 0.14891902448751612
v 0.10099930167982805 0.039256188249910215 0.14981901090777686
v 0.10105307205027289 0.040377433647919965 0.15072184654311965
v 0.10109904010171149 0.041504970314138336 0.15162755244378562
v 0.1011371235462062 0.04263881228810587 0.1525361497294652
v 0.10116723907270112 0.04377897367624158 0.15344765958755413
v 0.10118930232979059 0.044925468649753 0.15436210327131397
v 0.10120322790817898 0.04607831144244004 0.15527950209793825
v 0.10120892932282376 0.047237516348384335 0.15619987744651484
v 0.10120631899475596 0.04840309771952757 0.15712325075588598
v 0.10119530823257251 0.04957506996312877 0.1580496435223985
v 0.101175807213594 0.05075344753910103 0.158979077297545
v 0.10114772496468256 0.051938244957216446 0.15991157368548642
v 0.10111096934271069 0.053129476774184704 0.16084715434045654
v 0.1010654470146784 0.05432715759058952 0.1617858409640419
v 0.10101106343746839 0.05553130204768715 0.16272765530233232
v 0.1009477228372346 0.056741924824058806 0.16367261914294123
v 0.10087532818841785 0.05795904063210775 0.16462075431188566
v 0.10079378119237904 0.05918266421440281 0.16557208267032542
v 0.10070298225564432 0.060412810339859506 0.1665266261111543
v 0.10060283046775646 0.06164949379974934 0.16748440655543861
v 0.10049322357872274 0.06289272940353892 0.16844544594869953
v 0.10037405797605152 0.06414253197454822 0.1694097662570302
v 0.10024522866137414 0.06539891634541943 0.17037738946304523
v 0.10010662922663828 0.0666618973533956 0.17134833756165363
v 0.09995815182987006 0.06793148983540041 0.17232263255565397
v 0.09979968717049505 0.06920770862290702 0.17330029645113942
v 0.09963112446420923 0.07049056853659669 0.1742813512527103
v 0.09945235141739234 0.07178008438079611 0.17526581895848686
v 0.09926325420105703 0.07307627093768197 0.17625372155491298
v 0.09906371742432309 0.07437914296125248 0.17724508101134825
v 0.09885362410740738 0.075688715171053 0.17823991927443553
v 0.09863285565412583 0.07700500224564516 0.17923825826224074
v 0.09840129182389176 0.07832801881581597 0.18024011985815344
v 0.09815881070320652 0.07965777945751654 0.18124552590454457
v 0.09790528867663299 0.08099429868451542 0.18225449819616757
v 0.09764060039723985 0.08233759094076505 0.1832670584732978
v 0.09736461875650909 0.08368767059246736 0.18428322841460032
v 0.09707721485369948 0.0850445519198246 0.18530302962971498
v 0.09677825796465289 0.08640824910847261 0.18632648365155347
v 0.09646761551003406 0.08777877624057989 0.18735361192829264
v 0.09614515302299875 0.08915614728560009 0.18838443581505845
v 0.0958107341162735 0.09054037609067017 0.18941897656528614
v 0.09546422044864165 0.09193147637064188 0.19045725532175065
v 0.09510547169082578 0.09332946169772709 0.1914992931072494
v 0.09473434549075299 0.09473434549075299 0.19254511081493073
v 0.09435069743819446 0.09614614100400876 0.1935947291982534
v 0.09395438102877147 0.09756486131566844 0.19464816886056546
v 0.09354524762731281 0.09899051931577942 0.1957054502442887
v 0.09312314643055619 0.10042312769379909 0.19676659361969598
v 0.09268792442918217 0.10186269892566432 0.19783161907326677
v 0.09223942636916954 0.10330924526037856 0.1989005464956067
v 0.09177749471246208 0.10476277870609954 0.1999733955689172
v 0.09130196959693519 0.10622331101571046 0.2010501857539974
v 0.0908126887956522 0.10769085367185716 0.2021309362767656
v 0.09030948767539863 0.10916541787143276 0.20321566611428046
v 0.08979219915448453 0.11064701450949112 0.20430439398024797
v 0.08926065365980283 0.11213565416256949 0.20539713830999404
v 0.0887146790831336 0.11363134707139999 0.20649391724488636
v 0.08815410073668284 0.11513410312298923 0.20759474861618551
v 0.08757874130784475 0.11664393183204426 0.20869964992830628
v 0.08698842081317715 0.11816084232172304 0.20980863834146946
v 0.08638295655157824 0.11968484330368541 0.21092173065372255
v 0.08576216305665503 0.12121594305742171 0.2120389432823083
v 0.08512585204827144 0.1227541494088338 0.21316029224435903
v 0.08447383238326672 0.12429946970804286 0.21428579313689322
v 0.08380591000533244 0.1258519108063982 0.21541546111609108
v 0.08312188789403874 0.1274114790326593 0.2165493108758242
v 0.08242156601299885 0.12897818016832313 0.2176873566254144
v 0.08170474125716187 0.1305520194220674 0.21882961206659446
v 0.08097120739922468 0.1321330014032799 0.21997609036964483
v 0.08022075503515241 0.13372113009464306 0.22112680414867786
v 0.07945317152879881 0.13531640882374057 0.22228176543604003
v 0.07866824095561689 0.13691884023365394 0.22344098565580264
v 0.07786574404545178 0.138528426252514 0.22460447559631014
v 0.07704545812440676 0.14014516806197205 0.22577224538175397
v 0.0762071570557748 0.14176906606455378 0.22694430444273841
v 0.07535061118002813 0.1434001198498582 0.22812066148580495
v 0.07447558725385853 0.1450383281595622 0.22930132446187923
v 0.07358184838826189 0.14668368885119043 0.23048630053360422
v 0.07266915398566114 0.14833619886060873 0.23167559604152244
v 0.0717372596760621 0.1499958541631971 0.2328692164690671
v 0.07078591725223753 0.15166264973365862 0.23406716640632294
v 0.06981487460393528 0.15333657950441715 0.23526944951251455
v 0.06882387565110784 0.15501763632255702 0.23647606847717917
v 0.06781266027616031 0.15670581190525443 0.23768702497998032
v 0.06678096425521583 0.15840109679365036 0.2389023196491147
v 0.06572851918839781 0.16010348030511248 0.24012195201826728
v 0.06465505242912957 0.16181295048383054 0.2413459204820627
v 0.06356028701245357 0.16352949404969142 0.24257422224996575
v 0.062443941582372466 0.16525309634537305 0.24380685329857565
v 0.06130573031821688 0.1669837412815997 0.24504380832226214
v 0.06014536286004562 0.168721411280496 0.24628508068208682
v 0.058962544233085126 0.17046608721697545 0.2475306623529528
v 0.05775697477121728 0.17221774835809828 0.24878054386892248
v 0.05652835003952637 0.17397637230033042 0.25003471426664303
v 0.05527636075591683 0.17574193490463333 0.25129316102681615
v 0.054000692711817136 0.17751441022931275 0.2525558700136462
v 0.05270102669198549 0.1792937704605507 0.25382282541220014
v 0.051377038393436346 0.18107998584054466 0.2550940096636095
v 0.050028398343509035 0.182873024593174 0.2563694033980429
v 0.048654771817101566 0.18467285284711135 0.2576489853653741
v 0.047255818753096424 0.18647943455629495 0.258932732363471
v 0.04583119367000752 0.18829273141767391 0.260220619164026
v 0.04438054558087996 0.19011270278613734 0.2615126184358462
v 0.042903517907479094 0.1919393055865342 0.26280870066552153
v 0.041399748393806654 0.19377249422268714 0.26410883407538177
v 0.03986886901898761 0.19561222048330532 0.26541298453865714
v 0.03831050590957356 0.19745843344468966 0.2667211154917483
v 0.03672427925131326 0.19931107937013065 0.2680331878435127
v 0.035109803200445745 0.2011701016058887 0.2693491598814705
v 0.033466685794575034 0.20303544047364608 0.2706689871748288
v 0.031794528863191326 0.2049070331593177 0.2719926224742232
v 0.030092927937908017 0.20678481359810208 0.27332001560806896
v 0.02836147216249017 0.20866871235565243 0.2746511133754147
v 0.026599744202754926 0.21055865650524283 0.2759858594351847
v 0.024807320156431476 0.21245456950080288 0.2773241941916963
v 0.022983769463073858 0.2143563710456884 0.2786660546763327
v 0.021128654814127342 0.2162639769570531 0.2800113744252508
v 0.01924153206325639 0.21817729902568442 0.28136008335299734
v 0.01732195013704927 0.22009624487115778 0.2827121076219063
v 0.015369450946223405 0.2220207177921666 0.28406736950714556
v 0.013383569297463345 0.22395061661187554 0.2854257872572772
v 0.011363832806032708 0.22588583551814412 0.2867872749501925
v 0.00930976180931113 0.22782626389846258 0.28815174234428004
v 0.007220869281416777 0.22977178616943897 0.28951909472468124
v 0.0050966607490858335 0.23172228160067057 0.2908892327444824
v 0.0029366342089922897 0.23367762413283114 0.2922620522606931
v 0.0007402800467017678 0.2356376821898002 0.29363744416485155
v -0.001492919042533443 0.2376023184846564 0.2950152942080994
v -0.00376348813091746 0.23957138981935455 0.2963954828205608
v -0.006071960132959779 0.24154474687789965 0.29777788492485946
v -0.00841887587777975 0.24352223401283088 0.2991623697436039
v -0.010804784178605097 0.24550368902482061 0.3005488006006651
v -0.013230241899183395 0.24748894293519322 0.3019370347160719
v -0.015695814016810486 0.2494778197511636 0.3033269229943417
v -0.018202073681662156 0.25147013622359116 0.30471830980606424
v -0.020749602272095293 0.25346570159704307 0.3061110327625514
v -0.02333898944556705 0.25546431735195585 0.30750492248336336
v -0.02597083318479825 0.2574657769386843 0.308899802356521
v -0.02864573983878765 0.2594698655032188 0.31029548829120646
v -0.03136432415825858 0.26147635960435583 0.3116917884627586
v -0.034127209325098475 0.26348502692209913 0.31308850304976293
v -0.03693502697532493 0.2654956259570699 0.31448542396303514
v -0.03978841721508718 0.267507905720702 0.3158823345662971
v -0.04268802862918309 0.2695216054159963 0.3172790093883416
v -0.04563451828154601 0.2715364541086089 0.31867521382648295
v -0.04862855170712215 0.27355217038804647 0.32007070384108827
v -0.0516708028945321 0.27556846201874247 0.32146522564098634
v -0.05476195425887343 0.27758502558079 0.32285851535955135
v -0.05790269660399145 0.2796015461001066 0.32425029872125893
v -0.0610937290735053 0.28161769666780945 0.32564029069851586
v -0.06433575908984367 0.283633138048583 0.3270281951585651
v -0.06762950228050206 0.28564751827782425 0.32841370450027396
v -0.07097568239069603 0.2876604722473545 0.3297964992806141
v -0.0743750311815418 0.2896716212794954 0.3311762478306523
v -0.0778282883128506 0.2916805726893083 0.33255260586086977
v -0.08133620120958153 0.29368691933481295 0.3339252160556438
v -0.08489952491094523 0.2956902391549981 0.33529370765672456
v -0.08851902190110773 0.29769009469546226 0.3366576960355594
v -0.09219546192038666 0.2996860326215213 0.3380167822543181
v -0.09592962175578637 0.30167758321864313 0.33937055261549326
v -0.09972228500965687 0.30366425988007967 0.34071857819995904
v -0.10357424184521152 0.30564555858158726 0.3420604143933892
v -0.10748628870757584 0.30762095734314454 0.343395600400953
v -0.11145922801898245 0.3095899156775976 0.34472365875022637
v -0.11549386784666313 0.31155187402618933 0.34604409478227766
v -0.11959102154192838 0.31350625318095404 0.34735639613091335
v -0.12375150734885554 0.3154524536939875 0.34866003219009056
v -0.1279761479809431 0.31738985527363783 0.3499544535695389
v -0.13226577016401753 0.31931781616769384 0.35123909153866023
v -0.13662120414361115 0.3212356725336898 0.3525133574588128
v -0.14104328315495349 0.32314273779648434 0.35377664220412364
v -0.14553284285365256 0.3250383019933211 0.35502831557101466
v -0.15009072070506005 0.3269216311066249 0.35626772567667264
v -0.15471775533024576 0.3287919663848415 0.35749419834673946
v -0.15941478580642757 0.33064852365169334 0.35870703649255936
v -0.16418265091962714 0.33249049260427754 0.3599055194783677
l 0 1
l 1 2
l 2 3
l 3 4
l 4 5
l 5 6
l 6 7
l 7 8
l 8 9
l 9 10
l 10 11
l 11 12
l 12 13
l 13 14
l 14 15
l 15 16
l 16 17
l 17 18
l 18 19
l 19 20
l 20 21
l 21 22
l 22 23
l 23 24
l 24 25
l 25 26
l 26 27
l 27 28
l 28 29
l 29 30
l 30 31
l 31 32
l 32 33
l 33 34
l 34 35
l 35 36
l 36 37
l 37 38
l 38 39
l 39 40
l 40 41
l 41 42
l 42 43
l 43 44
l 44 45
l 45 46
l 46 47
l 47 48
l 48 49
l 49 50
l 50 51
l 51 52
l 52 53
l 53 54
l 54 55
l 55 56
l 56 57
l 57 58
l 58 59
l 59 60
l 60 61
l 61 62
l 62 63
l 63 64
l 64 65
l 65 66
l 66 67
l 67 68
l 68 69
l 69 70
l 70 71
l 71 72
l 72 73
l 73 74
l 74 75
l 75 76
l 76 77
l 77 78
l 78 79
l 79 80
l 80 81
l 81 82
l 82 83
l 83 84
l 84 85
l 85 86
l 86 87
l 87 88
l 88 89
l 89 90
l 90 91
l 91 92
l 92 93
l 93 94
l 94 95
l 95 96
l 96 97
l 97 98
l 98 99
l 99 100
l 100 101
l 101 102
l 102 103
l 103 104
l 104 105
l 105 106
l 106 107
l 107 108
l 108 109
l 109 110
l 110 111
l 111 112
l 112 113
l 113 114
l 114 115
l 115 116
l 116 117
l 117 118
l 118 119
l 119 120
l 120 121
l 121 122
l 122 123
l 123 124
l 124 125
l 125 126
l 126 127
l 127 128
l 128 129
l 129 130
l 130 131
l 131 132
l 132 133
l 133 134
l 134 135
l 135 136
l 136 137
l 137 138
l 138 139
l 139 140
l 140 141
l 141 142
l 142 143
l 143 144
l 144 145
l 145 146
l 146 147
l 147 148
l 148 149
l 149 150
l 150 151
l 151 152
l 152 153
l 153 154
l 154 155
l 155 156
l 156 157
l 157 158
l 158 159
l 159 160
l 160 161
l 161 162
l 162 163
l 163 164
l 164 165
l 165 166
l 166 167
l 167 168
l 168 169
l 169 170
l 170 171
l 171 172
l 172 173
l 173 174
l 174 175
l 175 176
l 176 177
l 177 178
l 178 179
l 179 180
l 180 181
l 181 182
l 182 183
l 183 184
l 184 185
l 185 186
l 186 187
l 187 188
l 188 189
l 189 190
l 190 191
l 191 192
l 192 193
l 193 194
l 194 195
l 195 196
l 196 197
l 197 198
l 198 199
l 199 200
l 200 201
l 201 202
l 202 203
l 203 204
l 204 205
l 205 206
l 206 207
l 207 208
l 208 209
l 209 210
l 210 211
l 211 212
l 212 213
l 213 214
l 214 215
l 215 216
l 216 217
l 217 218
l 218 219
l 219 220
l 220 221
l 221 222
l 222 223
l 223 224
l 224 225
l 225 226
l 226 227
l 227 228
l 228 229
l 229 230
l 230 231
l 231 232
l 232 233
l 233 234
l 234 235
l 235 236
l 236 237
l 237 238
l 238 239
l 239 240
l 240 241
l 241 242
l 242 243
l 243 244
l 244 245
l 245 246
l 246 247
l 247 248
l 248 249
l 249 250
l 250 251
l 251 252
l 252 253
l 253 254
l 254 255
l 255 256
l 256 257
l 257 258
l 258 259
l 259 260
l 260 261
l 261 262
l 262 263
l 263 264
l 264 265
l 265 266
l 266 267
l 267 268
l 268 269
l 269 270
l 270 271
l 271 272
l 272 273
l 273 274
l 274 275
l 275 276
l 276 277
l 277 278
l 278 279
l 279 280
l 280 281
l 281 282
l 282 283
l 283 284
l 284 285
l 285 286
l 286 287
l 287 288
l 288 289
l 289 290
l 290 291
l 291 292
l 292 293
l 293 294
l 294 295
l 295 296
l 296 297
l 297 298
l 298 299
l 299 300
l 300 301
l 301 302
l 302 303
l 303 304
l 304 305
l 305 306
l 306 307
l 307 308
l 308 309
l 309 310
l 310 311
l 311 312
l 312 313
l 313 314
l 314 315
l 315 316
l 316 317
l 317 318
l 318 319
l 319 320
l 320 321
l 321 322
l 322 323
l 323 324
l 324 325
l 325 326
l 326 327
l 327 328
l 328 329
l 329 330
l 330 331
l 331 332
l 332 333
l 333 334
l 334 335
l 335 336
l 336 337
l 337 338
l 338 339
l 339 340
l 340 341
l 341 342
l 342 343
l 343 344
l 344 345
l 345 346
l 346 347
l 347 348
l 348 349
l 349 350
l 350 351
l 351 352
l 352 353
l 353 354
l 354 355
l 355 356
l 356 357
l 357 358
l 358 359
l 359 360
l 360 361
l 361 362
l 362 363
l 363 364
l 364 365
l 365 366
l 366 367
l 367 368
l 368 369
l 369 370
l 370 371
l 371 372
l 372 373
l 373 374
l 374 375
l 375 376
l 376 377
l 377 378
l 378 379
l 379 380
l 380 381
l 381 382
l 382 383
l 383 384
l 384 385
l 385 386
l 386 387
l 387 388
l 388 389
l 389 390
l 390 391
l 391 392
l 392 393
l 393 394
l 394 395
l 395 396
l 396 397
l 397 398
l 398 399
l 399 400
l 400 401
l 401 402
l 402 403
l 403 404
l 404 405
l 405 406
l 406 407
l 407 408
l 408 409
l 409 410
l 410 411
l 411 412
l 412 413
l 413 414
l 414 415
l 415 416
l 416 417
l 417 418
l 418 419
l 419 420
l 420 421
l 421 422
l 422 423
l 423 424
l 424 425
l 425 426
l 426 427
l 427 428
l 428 429
l 429 430
l 430 431
l 431 432
l 432 433
l 433 434
l 434 435
l 435 436
l 436 437
l 437 438
l 438 439
l 439 440
l 440 441
l 441 442
l 442 443
l 443 444
l 444 445
l 445 446
l 446 447
l 447 448
l 448 449
l 449 450
l 450 451
l 451 452
l 452 453
l 453 454
l 454 455
l 455 456
l 456 457
l 457 458
l 458 459
l 459 460
l 460 461
l 461 462
l 462 463
l 463 464
l 464 465
l 465 466
l 466 467
l 467 468
l 468 469
l 469 470
l 470 471
l 471 472
l 472 473
l 473 474
l 474 475
l 475 476
l 476 477
l 477 478
l 478 479
l 479 480
l 480 481
l 481 482
l 482 483
l 483 484
l 484 485
l 485 486
l 486 487
l 487 488
l 488 489
l 489 490
l 490 491
l 491 492
l 492 493
l 493 494
l 494 495
l 495 496
l 496 497
l 497 498
l 498 499
l 499 500
l 500 501
l 501 502
l 502 503
l 503 504
l 504 505
l 505 506
l 506 507
l 507 508
l 508 509
l 509 510
l 510 511
l 511 512
l 512 513
l 513 514
l 514 515
l 515 516
l 516 517
l 517 518
l 518 519
l 519 520
l 520 521
l 521 522
l 522 523
l 523 524
l 524 525
l 525 526
l 526 527
l 527 528
l 528 529
l 529 530
l 530 531
l 531 532
l 532 533
l 533 534
l 534 535
l 535 536
l 536 537
l 537 538
l 538 539
l 539 540
l 540 541
l 541 542
l 542 543
l 543 544
l 544 545
l 545 546
l 546 547
l 547 548
l 548 549
l 549 550
l 550 551
l 551 552
l 552 553
l 553 554
l 554 555
l 555 556
l 556 557
l 557 558
l 558 559
l 559 560
l 560 561
l 561 562
l 562 563
l 563 564
l 564 565
l 565 566
l 566 567
l 567 568
l 568 569
l 569 570
l 570 571
l 571 572
l 572 573
l 573 574
l 574 575
l 575 576
l 576 577
l 577 578
l 578 579
l 579 580
l 580 581
l 581 582
l 582 583
l 583 584
l 584 585
l 585 586
l 586 587
l 587 588
l 588 589
l 589 590
l 590 591
l 591 592
l 592 593
l 593 594
l 594 595
l 595 596
l 596 597
l 597 598
l 598 599
l 599 600
l 600 601
l 601 602
l 602 603
l 603 604
l 604 605
l 605 606
l 606 607
l 607 608
l 608 609
l 609 610
l 610 611
l 611 612
l 612 613
l 613 614
l 614 615
l 615 616
l 616 617
l 617 618
l 618 619
l 619 620
l 620 621
l 621 622
l 622 623
l 623 624
l 624 625
l 625 626
l 626 627
l 627 628
l 628 629
l 629 630
l 630 631
l 631 632
l 632 633
l 633 634
l 634 635
l 635 636
l 636 637
l 637 638
l 638 639
l 639 640
l 640 641
l 641 642
l 642 643
l 643 644
l 644 645
l 645 646
l 646 647
l 647 648
l 648 649
l 649 650
l 650 651
l 651 652
l 652 653
l 653 654
l 654 655
l 655 656
l 656 657
l 657 658
l 658 659
l 659 660
l 660 661
l 661 662
l 662 663
l 663 664
l 664 665
l 665 666
l 666 667
l 667 668
l 668 669
l 669 670
l 670 671
l 671 672
l 672 673
l 673 674
l 674 675
l 675 676
l 676 677
l 677 678
l 678 679
l 679 680
l 680 681
l 681 682
l 682 683
l 683 684
l 684 685
l 685 686
l 686 687
l 687 688
l 688 689
l 689 690
l 690 691
l 691 692
l 692 693
l 693 694
l 694 695
l 695 696
l 696 697
l 697 698
l 698 699
l 699 700
l 700 701
l 701 702
l 702 703
l 703 704
l 704 705
l 705 706
l 706 707
l 707 708
l 708 709
l 709 710
l 710 711
l 711 712
l 712 713
l 713 714
l 714 715
l 715 716
l 716 717
l 717 718
l 718 719
l 719 720
l 720 721
l 721 722
l 722 723
l 723 724
l 724 725
l 725 726
l 726 727
l 727 728
l 728 729
l 729 730
l 730 731
l 731 732
l 732 733
l 733 734
l 734 735
l 735 736
l 736 737
l 737 738
l 738 739
l 739 740
l 740 741
l 741 742
l 742 743
l 743 744
l 744 745
l 745 746
l 746 747
l 747 748
l 748 749
l 749 750
l 750 751
l 751 752
l 752 753
l 753 754
l 754 755
l 755 756
l 756 757
l 757 758
l 758 759
l 759 760
l 760 761
l 761 762
l 762 763
l 763 764
l 764 765
l 765 766
l 766 767
l 767 768
l 768 769
l 769 770
l 770 771
l 771 772
l 772 773
l 773 774
l 774 775
l 775 776
l 776 777
l 777 778
l 778 779
l 779 780
l 780 781
l 781 782
l 782 783
l 783 784
l 784 785
l 785 786
l 786 787
l 787 788
l 788 789
l 789 790
l 790 791
l 791 792
l 792 793
l 793 794
l 794 795
l 795 796
l 796 797
l 797 798
l 798 799
l 799 800
l 800 801
l 801 802
l 802 803
l 803 804
l 804 805
l 805 806
l 806 807
l 807 808
l 808 809
l 809 810
l 810 811
l 811 812
l 812 813
l 813 814
l 814 815
l 815 816
l 816 817
l 817 818
l 818 819
l 819 820
l 820 821
l 821 822
l 822 823
l 823 824
l 824 825
l 825 826
l 826 827
l 827 828
l 828 829
l 829 830
l 830 831
l 831 832
l 832 833
l 833 834
l 834 835
l 835 836
l 836 837
l 837 838
l 838 839
l 839 840
l 840 841
l 841 842
l 842 843
l 843 844
l 844 845
l 845 846
l 846 847
l 847 848
l 848 849
l 849 850
l 850 851
l 851 852
l 852 853
l 853 854
l 854 855
l 855 856
l 856 857
l 857 858
l 858 859
l 859 860
l 860 861
l 861 862
l 862 863
l 863 864
l 864 865
l 865 866
l 866 867
l 867 868
l 868 869
l 869 870
l 870 871
l 871 872
l 872 873
l 873 874
l 874 875
l 875 876
l 876 877
l 877 878
l 878 879
l 879 880
l 880 881
l 881 882
l 882 883
l 883 884
l 884 885
l 885 886
l 886 887
l 887 888
l 888 889
l 889 890
l 890 891
l 891 892
l 892 893
l 893 894
l 894 895
l 895 896
l 896 897
l 897 898
l 898 899
l 899 900
l 900 901
l 901 902
l 902 903
l 903 904
l 904 905
l 905 906
l 906 907
l 907 908
l 908 909
l 909 910
l 910 911
l 911 912
l 912 913
l 913 914
l 914 915
l 915 916
l 916 917
l 917 918
l 918 919
l 919 920
l 920 921
l 921 922
l 922 923
l 923 924
l 924 925
l 925 926
l 926 927
l 927 928
l 928 929
l 929 930
l 930 931
l 931 932
l 932 933
l 933 934
l 934 935
l 935 936
l 936 937
l 937 938
l 938 939
l 939 940
l 940 941
l 941 942
l 942 943
l 943 944
l 944 945
l 945 946
l 946 947
l 947 948
l 948 949
l 949 950
l 950 951
l 951 952
l 952 953
l 953 954
l 954 955
l 955 956
l 956 957
l 957 958
l 958 959
l 959 960
l 960 961
l 961 962
l 962 963
l 963 964
l 964 965
l 965 966
l 966 967
l 967 968
l 968 969
l 969 970
l 970 971
l 971 972
l 972 973
l 973 974
l 974 975
l 975 976
l 976 977
l 977 978
l 978 979
l 979 980
l 980 981
l 981 982
l 982 983
l 983 984
l 984 985
l 985 986
l 986 987
l 987 988
l 988 989
l 989 990
l 990 991
l 991 992
l 992 993
l 993 994
l 994 995
l 995 996
l 996 997
l 997 998
l 998 999
l 999 1000
l 1000 1001
l 1001 1002
l 1002 1003
l 1003 1004
l 1004 1005
l 1005 1006
l 1006 1007
l 1007 1008
l 1008 1009
l 1009 1010
l 1010 1011
l 1011 1012
l 1012 1013
l 1013 1014
l 1014 1015
l 1015 1016
l 1016 1017
l 1017 1018
l 1018 1019
l 1019 1020
l 1020 1021
l 1021 1022
l 1022 1023
l 1023 1024
l 1024 1025
l 1025 1026
l 1026 1027
l 1027 1028
l 1028 1029
l 1029 1030
l 1030 1031
l 1031 1032
l 1032 1033
l 1033 1034
l 1034 1035
l 1035 1036
l 1036 1037
l 1037 1038
l 1038 1039
l 1039 1040
l 1040 1041
l 1041 1042
l 1042 1043
l 1043 1044
l 1044 1045
l 1045 1046
l 1046 1047
l 1047 1048
l 1048 1049
l 1049 1050
l 1050 1051
l 1051 1052
l 1052 1053
l 1053 1054
l 1054 1055
l 1055 1056
l 1056 1057
l 1057 1058
l 1058 1059
l 1059 1060
l 1060 1061
l 1061 1062
l 1062 1063
l 1063 1064
l 1064 1065
l 1065 1066
l 1066 1067
l 1067 1068
l 1068 1069
l 1069 1070
l 1070 1071
l 1071 1072
l 1072 1073
l 1073 1074
l 1074 1075
l 1075 1076
l 1076 1077
l 1077 1078
l 1078 1079
l 1079 1080
l 1080 1081
l 1081 1082
l 1082 1083
l 1083 1084
l 1084 1085
l 1085 1086
l 1086 1087
l 1087 1088
l 1088 1089
l 1089 1090
l 1090 1091
l 1091 1092
l 1092 1093
l 1093 1094
l 1094 1095
l 1095 1096
l 1096 1097
l 1097 1098
l 1098 1099
l 1099 1100
l 1100 1101
l 1101 1102
l 1102 1103
l 1103 1104
l 1104 1105
l 1105 1106
l 1106 1107
l 1107 1108
l 1108 1109
l 1109 1110
l 1110 1111
l 1111 1112
l 1112 1113
l 1113 1114
l 1114 1115
l 1115 1116
l 1116 1117
l 1117 1118
l 1118 1119
l 1119 1120
l 1120 1121
l 1121 1122
l 1122 1123
l 1123 1124
l 1124 1125
l 1125 1126
l 1126 1127
l 1127 1128
l 1128 1129
l 1129 1130
l 1130 1131
l 1131 1132
l 1132 1133
l 1133 1134
l 1134 1135
l 1135 1136
l 1136 1137
l 1137 1138
l 1138 1139
l 1139 1140
l 1140 1141
l 1141 1142
l 1142 1143
l 1143 1144
l 1144 1145
l 1145 1146
l 1146 1147
l 1147 1148
l 1148 1149
l 1149 1150
l 1150 1151
l 1151 1152
l 1152 1153
l 1153 1154
l 1154 1155
l 1155 1156
l 1156 1157
l 1157 1158
l 1158 1159
l 1159 1160
l 1160 1161
l 1161 1162
l 1162 1163
l 1163 1164
l 1164 1165
l 1165 1166
l 1166 1167
l 1167 1168
l 1168 1169
l 1169 1170
l 1170 1171
l 1171 1172
l 1172 1173
l 1173 1174
l 1174 1175
l 1175 1176
l 1176 1177
l 1177 1178
l 1178 1179
l 1179 1180
l 1180 1181
l 1181 1182
l 1182 1183
l 1183 1184
l 1184 1185
l 1185 1186
l 1186 1187
l 1187 1188
l 1188 1189
l 1189 1190
l 1190 1191
l 1191 1192
l 1192 1193
l 1193 1194
l 1194 1195
l 1195 1196
l 1196 1197
l 1197 1198
l 1198 1199
l 1199 1200
l 1200 1201
l 1201 1202
l 1202 1203
l 1203 1204
l 1204 1205
l 1205 1206
l 1206 1207
l 1207 1208
l 1208 1209
l 1209 1210
l 1210 1211
l 1211 1212
l 1212 1213
l 1213 1214
l 1214 1215
l 1215 1216
l 1216 1217
l 1217 1218
l 1218 1219
l 1219 1220
l 1220 1221
l 1221 1222
l 1222 1223
l 1223 1224
l 1224 1225
l 1225 1226
l 1226 1227
l 1227 1228
l 1228 1229
l 1229 1230
l 1230 1231
l 1231 1232
l 1232 1233
l 1233 1234
l 1234 1235
l 1235 1236
l 1236 1237
l 1237 1238
l 1238 1239
l 1239 1240
l 1240 1241
l 1241 1242
l 1242 1243
l 1243 1244
l 1244 1245
l 1245 1246
l 1246 1247
l 1247 1248
l 1248 1249
l 1249 1250
l 1250 1251
l 1251 1252
l 1252 1253
l 1253 1254
l 1254 1255
l 1255 1256
l 1256 1257
l 1257 1258
l 1258 1259
l 1259 1260
l 1260 1261
l 1261 1262
l 1262 1263
l 1263 1264
l 1264 1265
l 1265 1266
l 1266 1267
l 1267 1268
l 1268 1269
l 1269 1270
l 1270 1271
l 1271 1272
l 1272 1273
l 1273 1274
l 1274 1275
l 1275 1276
l 1276 1277
l 1277 1278
l 1278 1279
l 1279 1280
l 1280 1281
l 1281 1282
l 1282 1283
l 1283 1284
l 1284 1285
l 1285 1286
l 1286 1287
l 1287 1288
l 1288 1289
l 1289 1290
l 1290 1291
l 1291 1292
l 1292 1293
l 1293 1294
l 1294 1295
l 1295 1296
l 1296 1297
l 1297 1298
l 1298 1299
l 1299 1300
l 1300 1301
l 1301 1302
l 1302 1303
l 1303 1304
l 1304 1305
l 1305 1306
l 1306 1307
l 1307 1308
l 1308 1309
l 1309 1310
l 1310 1311
l 1311 1312
l 1312 1313
l 1313 1314
l 1314 1315
l 1315 1316
l 1316 1317
l 1317 1318
l 1318 1319
l 1319 1320
l 1320 1321
l 1321 1322
l 1322 1323
l 1323 1324
l 1324 1325
l 1325 1326
l 1326 1327
l 1327 1328
l 1328 1329
l 1329 1330
l 1330 1331
l 1331 1332
l 1332 1333
l 1333 1334
l 1334 1335
l 1335 1336
l 1336 1337
l 1337 1338
l 1338 1339
l 1339 1340
l 1340 1341
l 1341 1342
l 1342 1343
l 1343 1344
l 1344 1345
l 1345 1346
l 1346 1347
l 1347 1348
l 1348 1349
l 1349 1350
l 1350 1351
l 1351 1352
l 1352 1353
l 1353 1354
l 1354 1355
l 1355 1356
l 1356 1357
l 1357 1358
l 1358 1359
l 1359 1360
l 1360 1361
l 1361 1362
l 1362 1363
l 1363 1364
l 1364 1365
l 1365 1366
l 1366 1367
l 1367 1368
l 1368 1369
l 1369 1370
l 1370 1371
l 1371 1372
l 1372 1373
l 1373 1374
l 1374 1375
l 1375 1376
l 1376 1377
l 1377 1378
l 1378 1379
l 1379 1380
l 1380 1381
l 1381 1382
l 1382 1383
l 1383 1384
l 1384 1385
l 1385 1386
l 1386 1387
l 1387 1388
l 1388 1389
l 1389 1390
l 1390 1391
l 1391 1392
l 1392 1393
l 1393 1394
l 1394 1395
l 1395 1396
l 1396 1397
l 1397 1398
l 1398 1399
l 1399 1400
l 1400 1401
l 1401 1402
l 1402 1403
l 1403 1404
l 1404 1405
l 1405 1406
l 1406 1407
l 1407 1408
l 1408 1409
l 1409 1410
l 1410 1411
l 1411 1412
l 1412 1413
l 1413 1414
l 1414 1415
l 1415 1416
l 1416 1417
l 1417 1418
l 1418 1419
l 1419 1420
l 1420 1421
l 1421 1422
l 1422 1423
l 1423 1424
l 1424 1425
l 1425 1426
l 1426 1427
l 1427 1428
l 1428 1429
l 1429 1430
l 1430 1431
l 1431 1432
l 1432 1433
l 1433 1434
l 1434 1435
l 1435 1436
l 1436 1437
l 1437 1438
l 1438 1439
l 1439 1440
l 1440 1441
l 1441 1442
l 1442 1443
l 1443 1444
l 1444 1445
l 1445 1446
l 1446 1447
l 1447 1448
l 1448 1449
l 1449 1450
l 1450 1451
l 1451 1452
l 1452 1453
l 1453 1454
l 1454 1455
l 1455 1456
l 1456 1457
l 1457 1458
l 1458 1459
l 1459 1460
l 1460 1461
l 1461 1462
l 1462 1463
l 1463 1464
l 1464 1465
l 1465 1466
l 1466 1467
l 1467 1468
l 1468 1469
l 1469 1470
l 1470 1471
l 1471 1472
l 1472 1473
l 1473 1474
l 1474 1475
l 1475 1476
l 1476 1477
l 1477 1478
l 1478 1479
l 1479 1480
l 1480 1481
l 1481 1482
l 1482 1483
l 1483 1484
l 1484 1485
l 1485 1486
l 1486 1487
l 1487 1488
l 1488 1489
l 1489 1490
l 1490 1491
l 1491 1492
l 1492 1493
l 1493 1494
l 1494 1495
l 1495 1496
l 1496 1497
l 1497 1498
l 1498 1499
l 1499 1500
l 1500 1501
l 1501 1502
l 1502 1503
l 1503 1504
l 1504 1505
l 1505 1506
l 1506 1507
l 1507 1508
l 1508 1509
l 1509 1510
l 1510 1511
l 1511 1512
l 1512 1513
l 1513 1514
l 1514 1515
l 1515 1516
l 1516 1517
l 1517 1518
l 1518 1519
l 1519 1520
l 1520 1521
l 1521 1522
l 1522 1523
l 1523 1524
l 1524 1525
l 1525 1526
l 1526 1527
l 1527 1528
l 1528 1529
l 1529 1530
l 1530 1531
l 1531 1532
l 1532 1533
l 1533 1534
l 1534 1535
l 1535 1536
l 1536 1537
l 1537 1538
l 1538 1539
l 1539 1540
l 1540 1541
l 1541 1542
l 1542 1543
l 1543 1544
l 1544 1545
l 1545 1546
l 1546 1547
l 1547 1548
l 1548 1549
l 1549 1550
l 1550 1551
l 1551 1552
l 1552 1553
l 1553 1554
l 1554 1555
l 1555 1556
l 1556 1557
l 1557 1558
l 1558 1559
l 1559 1560
l 1560 1561
l 1561 1562
l 1562 1563
l 1563 1564
l 1564 1565
l 1565 1566
l 1566 1567
l 1567 1568
l 1568 1569
l 1569 1570
l 1570 1571
l 1571 1572
l 1572 1573
l 1573 1574
l 1574 1575
l 1575 1576
l 1576 1577
l 1577 1578
l 1578 1579
l 1579 1580
l 1580 1581
l 1581 1582
l 1582 1583
l 1583 1584
l 1584 1585
l 1585 1586
l 1586 1587
l 1587 1588
l 1588 1589
l 1589 1590
l 1590 1591
l 1591 1592
l 1592 1593
l 1593 1594
l 1594 1595
l 1595 1596
l 1596 1597
l 1597 1598
l 1598 1599
l 1599 1600
l 1600 1601
l 1601 1602
l 1602 1603
l 1603 1604
l 1604 1605
l 1605 1606
l 1606 1607
l 1607 1608
l 1608 1609
l 1609 1610
l 1610 1611
l 1611 1612
l 1612 1613
l 1613 1614
l 1614 1615
l 1615 1616
l 1616 1617
l 1617 1618
l 1618 1619
l 1619 1620
l 1620 1621
l 1621 1622
l 1622 1623
l 1623 1624
l 1624 1625
l 1625 1626
l 1626 1627
l 1627 1628
l 1628 1629
l 1629 1630
l 1630 1631
l 1631 1632
l 1632 1633
l 1633 1634
l 1634 1635
l 1635 1636
l 1636 1637
l 1637 1638
l 1638 1639
l 1639 1640
l 1640 1641
l 1641 1642
l 1642 1643
l 1643 1644
l 1644 1645
l 1645 1646
l 1646 1647
l 1647 1648
l 1648 1649
l 1649 1650
l 1650 1651
l 1651 1652
l 1652 1653
l 1653 1654
l 1654 1655
l 1655 1656
l 1656 1657
l 1657 1658
l 1658 1659
l 1659 1660
l 1660 1661
l 1661 1662
l 1662 1663
l 1663 1664
l 1664 1665
l 1665 1666
l 1666 1667
l 1667 1668
l 1668 1669
l 1669 1670
l 1670 1671
l 1671 1672
l 1672 1673
l 1673 1674
l 1674 1675
l 1675 1676
l 1676 1677
l 1677 1678
l 1678 1679
l 1679 1680
l 1680 1681
l 1681 1682
l 1682 1683
l 1683 1684
l 1684 1685
l 1685 1686
l 1686 1687
l 1687 1688
l 1688 1689
l 1689 1690
l 1690 1691
l 1691 1692
l 1692 1693
l 1693 1694
l 1694 1695
l 1695 1696
l 1696 1697
l 1697 1698
l 1698 1699
l 1699 1700
l 1700 1701
l 1701 1702
l 1702 1703
l 1703 1704
l 1704 1705
l 1705 1706
l 1706 1707
l 1707 1708
l 1708 1709
l 1709 1710
l 1710 1711
l 1711 1712
l 1712 1713
l 1713 1714
l 1714 1715
l 1715 1716
l 1716 1717
l 1717 1718
l 1718 1719
l 1719 1720
l 1720 1721
l 1721 1722
l 1722 1723
l 1723 1724
l 1724 1725
l 1725 1726
l 1726 1727
l 1727 1728
l 1728 1729
l 1729 1730
l 1730 1731
l 1731 1732
l 1732 1733
l 1733 1734
l 1734 1735
l 1735 1736
l 1736 1737
l 1737 1738
l 1738 1739
l 1739 1740
l 1740 1741
l 1741 1742
l 1742 1743
l 1743 1744
l 1744 1745
l 1745 1746
l 1746 1747
l 1747 1748
l 1748 1749
l 1749 1750
l 1750 1751
l 1751 1752
l 1752 1753
l 1753 1754
l 1754 1755
l 1755 1756
l 1756 1757
l 1757 1758
l 1758 1759
l 1759 1760
l 1760 1761
l 1761 1762
l 1762 1763
l 1763 1764
l 1764 1765
l 1765 1766
l 1766 1767
l 1767 1768
l 1768 1769
l 1769 1770
l 1770 1771
l 1771 1772
l 1772 1773
l 1773 1774
l 1774 1775
l 1775 1776
l 1776 1777
l 1777 1778
l 1778 1779
l 1779 1780
l 1780 1781
l 1781 1782
l 1782 1783
l 1783 1784
l 1784 1785
l 1785 1786
l 1786 1787
l 1787 1788
l 1788 1789
l 1789 1790
l 1790 1791
l 1791 1792
l 1792 1793
l 1793 1794
l 1794 1795
l 1795 1796
l 1796 1797
l 1797 1798
l 1798 1799
l 1799 1800
l 1800 1801
l 1801 1802
l 1802 1803
l 1803 1804
l 1804 1805
l 1805 1806
l 1806 1807
l 1807 1808
l 1808 1809
l 1809 1810
l 1810 1811
l 1811 1812
l 1812 1813
l 1813 1814
l 1814 1815
l 1815 1816
l 1816 1817
l 1817 1818
l 1818 1819
l 1819 1820
l 1820 1821
l 1821 1822
l 1822 1823
l 1823 1824
l 1824 1825
l 1825 1826
l 1826 1827
l 1827 1828
l 1828 1829
l 1829 1830
l 1830 1831
l 1831 1832
l 1832 1833
l 1833 1834
l 1834 1835
l 1835 1836
l 1836 1837
l 1837 1838
l 1838 1839
l 1839 1840
l 1840 1841
l 1841 1842
l 1842 1843
l 1843 1844
l 1844 1845
l 1845 1846
l 1846 1847
l 1847 1848
l 1848 1849
l 1849 1850
l 1850 1851
l 1851 1852
l 1852 1853
l 1853 1854
l 1854 1855
l 1855 1856
l 1856 1857
l 1857 1858
l 1858 1859
l 1859 1860
l 1860 1861
l 1861 1862
l 1862 1863
l 1863 1864
l 1864 1865
l 1865 1866
l 1866 1867
l 1867 1868
l 1868 1869
l 1869 1870
l 1870 1871
l 1871 1872
l 1872 1873
l 1873 1874
l 1874 1875
l 1875 1876
l 1876 1877
l 1877 1878
l 1878 1879
l 1879 1880
l 1880 1881
l 1881 1882
l 1882 1883
l 1883 1884
l 1884 1885
l 1885 1886
l 1886 1887
l 1887 1888
l 1888 1889
l 1889 1890
l 1890 1891
l 1891 1892
l 1892 1893
l 1893 1894
l 1894 1895
l 1895 1896
l 1896 1897
l 1897 1898
l 1898 1899
l 1899 1900
l 1900 1901
l 1901 1902
l 1902 1903
l 1903 1904
l 1904 1905
l 1905 1906
l 1906 1907
l 1907 1908
l 1908 1909
l 1909 1910
l 1910 1911
l 1911 1912
l 1912 1913
l 1913 1914
l 1914 1915
l 1915 1916
l 1916 1917
l 1917 1918
l 1918 1919
l 1919 1920
l 1920 1921
l 1921 1922
l 1922 1923
l 1923 1924
l 1924 1925
l 1925 1926
l 1926 1927
l 1927 1928
l 1928 1929
l 1929 1930
l 1930 1931
l 1931 1932
l 1932 1933
l 1933 1934
l 1934 1935
l 1935 1936
l 1936 1937
l 1937 1938
l 1938 1939
l 1939 1940
l 1940 1941
l 1941 1942
l 1942 1943
l 1943 1944
l 1944 1945
l 1945 1946
l 1946 1947
l 1947 1948
l 1948 1949
l 1949 1950
l 1950 1951
l 1951 1952
l 1952 1953
l 1953 1954
l 1954 1955
l 1955 1956
l 1956 1957
l 1957 1958
l 1958 1959
l 1959 1960
l 1960 1961
l 1961 1962
l 1962 1963
l 1963 1964
l 1964 1965
l 1965 1966
l 1966 1967
l 1967 1968
l 1968 1969
l 1969 1970
l 1970 1971
l 1971 1972
l 1972 1973
l 1973 1974
l 1974 1975
l 1975 1976
l 1976 1977
l 1977 1978
l 1978 1979
l 1979 1980
l 1980 1981
l 1981 1982
l 1982 1983
l 1983 1984
l 1984 1985
l 1985 1986
l 1986 1987
l 1987 1988
l 1988 1989
l 1989 1990
l 1990 1991
l 1991 1992
l 1992 1993
l 1993 1994
l 1994 1995
l 1995 1996
l 1996 1997
l 1997 1998
l 1998 1999
