v -0.19552996327391847 0.34960126487752774 0.3496012648775278
v -0.19717646828250274 0.3500830333544003 0.35008303335440033
v -0.198825232566386 0.3505613466530679 0.35056134665306793
v -0.20047623985293042 0.3510362000527713 0.35103620005277136
v -0.20212947384736057 0.3515075888668993 0.35150758886689937
v -0.20378491823292438 0.35197550844303455 0.3519755084430346
v -0.2054425566710541 0.35243995416299967 0.3524399541629997
v -0.20710237280152755 0.35290092144290297 0.352900921442903
v -0.2087643502426296 0.3533584057331835 0.35335840573318356
v -0.21042847259131398 0.3538124025186561 0.35381240251865614
v -0.21209472342336474 0.35426290731855553 0.3542629073185556
v -0.21376308629355906 0.3547099156865816 0.35470991568658167
v -0.21543354473582887 0.35515342321094195 0.355153423210942
v -0.2171060822634237 0.35559342551439643 0.3555934255143965
v -0.21878068236907347 0.35602991825429997 0.3560299182543
v -0.22045732852515115 0.35646289712264545 0.3564628971226455
v -0.22213600418383603 0.35689235784610623 0.3568923578461063
v -0.22381669277727717 0.3573182961860783 0.35731829618607835
v -0.22549937771775658 0.35774070793872226 0.3577407079387223
v -0.2271840423978533 0.3581595889350047 0.35815958893500477
v -0.22887067019060697 0.3585749350407391 0.3585749350407392
v -0.23055924444968232 0.3589867421566273 0.35898674215662735
v -0.232249748509533 0.3593950062182992 0.35939500621829923
v -0.23394216568556647 0.35979972319635345 0.3597997231963535
v -0.23563647927430847 0.36020088909639664 0.3602008890963967
v -0.2373326725535679 0.3605984999590835 0.36059849995908355
v -0.2390307287826019 0.3609925518601552 0.3609925518601553
v -0.240730631202281 0.3613830409104787 0.36138304091047874
v -0.2424323630352545 0.3617699632560847 0.36176996325608474
v -0.2441359074861163 0.36215331507820564 0.3621533150782057
v -0.24584124774157054 0.36253309259331407 0.3625330925933141
v -0.24754836697059718 0.3629092920531591 0.36290929205315914
v -0.24925724832461876 0.36328190974480395 0.363281909744804
v -0.2509678749376661 0.3636509419906625 0.36365094199066256
v -0.25268022992654526 0.3640163851485355 0.36401638514853557
v -0.2543942963910037 0.36437823561164634 0.3643782356116464
v -0.2561100574138975 0.3647364898086772 0.36473648980867723
v -0.2578274960613579 0.3650911442038037 0.36509114420380373
v -0.25954659538295904 0.3654421952967301 0.36544219529673017
v -0.26126733841188443 0.365789639622724 0.36578963962272404
v -0.2629897081650952 0.36613347375265004 0.3661334737526501
v -0.2647136876434971 0.36647369429300425 0.3664736942930043
v -0.26643925983210887 0.3668102978859471 0.36681029788594716
v -0.2681664077002295 0.3671432812093372 0.36714328120933726
v -0.2698951142016069 0.3674726409767635 0.3674726409767636
v -0.27162536227460565 0.3677983739375781 0.36779837393757814
v -0.273357134842376 0.36812047687692806 0.3681204768769281
v -0.27509041481302177 0.3684389466157875 0.3684389466157876
v -0.2768251850797693 0.3687537800109887 0.36875378001098874
v -0.2785614285211366 0.3690649739552532 0.36906497395525323
v -0.2802991280011017 0.3693725253772221 0.36937252537722215
v -0.2820382663692724 0.3696764312414874 0.36967643124148747
v -0.28377882646105496 0.36997668854862076 0.3699766885486208
v -0.28552079109782413 0.3702732943352038 0.37027329433520384
v -0.2872641430870921 0.370566245673857 0.37056624567385704
v -0.28900886522267855 0.3708555396732691 0.3708555396732692
v -0.29075494028488047 0.3711411734782252 0.37114117347822523
v -0.2925023510406419 0.37142314426963463 0.3714231442696347
v -0.29425108024372404 0.37170144926455984 0.3717014492645599
v -0.2960011106348757 0.3719760857162427 0.3719760857162428
v -0.2977524249420035 0.3722470509141324 0.37224705091413246
v -0.2995050058803422 0.3725143421839117 0.3725143421839118
v -0.30125883615262544 0.37277795688752385 0.3727779568875239
v -0.3030138984492565 0.37303789242319807 0.3730378924231981
v -0.3047701754484792 0.3732941462254755 0.3732941462254756
v -0.3065276498165484 0.3735467157652347 0.37354671576523474
v -0.3082863042079017 0.3737955985497161 0.37379559854971617
v -0.31004612126533027 0.3740407921225473 0.37404079212254737
v -0.3118070836201502 0.3742822940637667 0.37428229406376673
v -0.31356917389237393 0.3745201019898474 0.3745201019898475
v -0.31533237469088193 0.37475421355372146 0.3747542135537215
v -0.3170966686135942 0.37498462644480207 0.3749846264448021
v -0.3188620382476418 0.3752113383890071 0.37521133838900717
v -0.3206284661695394 0.37543434714878116 0.37543434714878127
v -0.32239593494535634 0.37565365052311794 0.375653650523118
v -0.32416442713088944 0.37586924634758145 0.3758692463475815
v -0.3259339252718348 0.3760811324943281 0.3760811324943282
v -0.32770441190396016 0.3762893068721272 0.37628930687212725
v -0.3294758695532772 0.3764937674263815 0.3764937674263816
v -0.3312482807362141 0.37669451213914806 0.3766945121391481
v -0.33302162795978807 0.37689153902915745 0.3768915390291575
v -0.33479589372177787 0.37708484615183396 0.377084846151834
v -0.3365710605108968 0.3772744315993143 0.37727443159931434
v -0.3383471108069653 0.3774602935004665 0.37746029350046656
v -0.3401240270810839 0.3776424300209088 0.37764243002090886
v -0.34190179179580643 0.37782083936302724 0.3778208393630273
v -0.3436803874053128 0.37799551976599355 0.3779955197659936
v -0.3454597963555825 0.37816646950578275 0.3781664695057828
v -0.34724000108456743 0.3783336868951899 0.37833368689519
v -0.3490209840223657 0.3784971702838469 0.37849717028384694
v -0.35080272759139475 0.37865691805823876 0.3786569180582388
v -0.3525852142065648 0.3788129286417193 0.37881292864171934
v -0.3543684262754525 0.37896520049452703 0.37896520049452714
v -0.3561523461984749 0.37911373211380045 0.3791137321138005
v -0.3579369563690624 0.3792585220335922 0.3792585220335923
v -0.35972223917383306 0.37939956882488435 0.37939956882488446
v -0.3615081769927664 0.37953687109560214 0.3795368710956022
v -0.3632947521993771 0.37967042749062735 0.3796704274906274
v -0.36508194716088915 0.37980023669181234 0.3798002366918124
v -0.3668697442384099 0.37992629741799283 0.3799262974179929
v -0.36865812578710383 0.38004860842500016 0.3800486084250002
v -0.37044707415636713 0.3801671685056742 0.38016716850567434
v -0.3722365716900016 0.38028197648987483 0.3802819764898749
v -0.3740266007263891 0.3803930312444935 0.3803930312444936
v -0.3758171435986656 0.38050033167346475 0.3805003316734648
v -0.3776081826348959 0.3806038767177765 0.38060387671777657
v -0.37939970015824775 0.380703665355481 0.38070366535548106
v -0.38119167848716634 0.3807996966017048 0.3807996966017049
v -0.3829840999355492 0.3808919695086582 0.3808919695086583
v -0.38477694681292024 0.3809804831656449 0.380980483165645
v -0.3865702014246045 0.3810652366990707 0.3810652366990708
v -0.388363846071903 0.3811462292724526 0.3811462292724527
v -0.39015786305226713 0.3812234600864266 0.38122346008642666
v -0.3919522346594736 0.38129692837875556 0.3812969283787556
v -0.3937469431837991 0.38136663342433724 0.3813666334243373
v -0.39554197091219495 0.38143257453521107 0.3814325745352111
v -0.3973373001284623 0.38149475106056463 0.3814947510605647
v -0.3991329131134264 0.38155316238674103 0.3815531623867411
v -0.4009287921451121 0.3816078079372438 0.38160780793724386
v -0.40272491949891853 0.3816586871727436 0.38165868717274365
v -0.40452127744779365 0.3817057995910828 0.38170579959108286
v -0.40631784826240974 0.381749144727281 0.38174914472728105
v -0.4081146142113382 0.38178872215353904 0.3817887221535391
v -0.40991155756122455 0.38182453147924383 0.3818245314792439
v -0.41170866057696326 0.3818565723509716 0.38185657235097165
v -0.41350590552187316 0.3818848444524921 0.38188484445249216
v -0.4153032746578722 0.38190934750477096 0.381909347504771
v -0.4171007502456527 0.38193008126597294 0.381930081265973
v -0.41889831454485615 0.3819470455314643 0.3819470455314644
v -0.42069594981424874 0.3819602401338146 0.38196024013381463
v -0.42249363831189607 0.38196966494279827 0.3819696649427983
v -0.42429136229533837 0.3819753198653964 0.38197531986539646
v -0.4260891040217659 0.38197720484579706 0.3819772048457971
v -0.42788684574819313 0.3819753198653964 0.38197531986539646
v -0.4296845697316354 0.38196966494279827 0.3819696649427983
v -0.431482258229283 0.3819602401338146 0.38196024013381463
v -0.4332798934986756 0.3819470455314643 0.3819470455314644
v -0.4350774577978789 0.38193008126597294 0.381930081265973
v -0.4368749333856592 0.38190934750477096 0.381909347504771
v -0.43867230252165873 0.3818848444524921 0.38188484445249216
v -0.4404695474665685 0.3818565723509716 0.38185657235097165
v -0.44226665048230707 0.38182453147924383 0.3818245314792439
v -0.4440635938321933 0.38178872215353904 0.3817887221535391
v -0.4458603597811216 0.381749144727281 0.38174914472728105
v -0.4476569305957382 0.3817057995910828 0.38170579959108286
v -0.4494532885446131 0.3816586871727436 0.38165868717274365
v -0.4512494158984194 0.3816078079372438 0.38160780793724386
v -0.45304529493010504 0.38155316238674103 0.3815531623867411
v -0.4548409079150696 0.38149475106056463 0.3814947510605647
v -0.4566362371313368 0.38143257453521096 0.381432574535211
v -0.4584312648597326 0.38136663342433724 0.3813666334243373
v -0.4602259733840579 0.38129692837875556 0.3812969283787556
v -0.4620203449912643 0.3812234600864266 0.38122346008642666
v -0.46381436197162884 0.3811462292724526 0.3811462292724527
v -0.4656080066189272 0.3810652366990707 0.3810652366990708
v -0.4674012612306114 0.3809804831656449 0.380980483165645
v -0.4691941081079823 0.3808919695086582 0.3808919695086583
v -0.47098652955636555 0.3807996966017048 0.3807996966017049
v -0.4727785078852841 0.380703665355481 0.38070366535548106
v -0.4745700254086358 0.3806038767177765 0.38060387671777657
v -0.4763610644448659 0.38050033167346475 0.3805003316734648
v -0.47815160731714235 0.3803930312444935 0.3803930312444936
v -0.4799416363535302 0.38028197648987483 0.3802819764898749
v -0.4817311338871646 0.3801671685056742 0.38016716850567434
v -0.48352008225642773 0.38004860842500016 0.3800486084250002
v -0.4853084638051216 0.37992629741799283 0.3799262974179929
v -0.48709626088264224 0.37980023669181234 0.3798002366918124
v -0.4888834558441547 0.3796704274906273 0.37967042749062735
v -0.49067003105076534 0.37953687109560214 0.3795368710956022
v -0.49245596886969856 0.37939956882488435 0.37939956882488446
v -0.4942412516744691 0.3792585220335922 0.3792585220335923
v -0.4960258618450569 0.37911373211380034 0.3791137321138004
v -0.4978097817680791 0.37896520049452703 0.37896520049452714
v -0.49959299383696676 0.37881292864171917 0.3788129286417193
v -0.5013754804521368 0.37865691805823876 0.3786569180582388
v -0.5031572240211657 0.3784971702838469 0.37849717028384694
v -0.5049382069589643 0.3783336868951899 0.37833368689519
v -0.5067184116879492 0.37816646950578275 0.3781664695057828
v -0.5084978206382188 0.37799551976599355 0.3779955197659936
v -0.510276416247725 0.37782083936302724 0.3778208393630273
v -0.5120541809624479 0.3776424300209088 0.37764243002090886
v -0.5138310972365665 0.3774602935004665 0.37746029350046656
v -0.5156071475326349 0.3772744315993143 0.37727443159931434
v -0.5173823143217536 0.37708484615183396 0.377084846151834
v -0.5191565800837433 0.37689153902915756 0.3768915390291576
v -0.5209299273073177 0.37669451213914806 0.3766945121391481
v -0.5227023384902545 0.3764937674263815 0.3764937674263816
v -0.5244737961395715 0.3762893068721272 0.37628930687212725
v -0.5262442827716967 0.3760811324943281 0.3760811324943282
v -0.5280137809126424 0.3758692463475814 0.37586924634758145
v -0.5297822730981754 0.37565365052311783 0.3756536505231179
v -0.5315497418739923 0.37543434714878116 0.37543434714878127
v -0.5333161697958897 0.3752113383890071 0.37521133838900717
v -0.5350815394299373 0.37498462644480207 0.3749846264448021
v -0.5368458333526498 0.3747542135537214 0.37475421355372146
v -0.5386090341511578 0.37452010198984736 0.3745201019898474
v -0.5403711244233814 0.3742822940637667 0.37428229406376673
v -0.5421320867782012 0.3740407921225473 0.37404079212254737
v -0.5438919038356301 0.3737955985497161 0.37379559854971617
v -0.5456505582269834 0.3735467157652347 0.37354671576523474
v -0.5474080325950526 0.37329414622547546 0.3732941462254755
v -0.549164309594275 0.37303789242319807 0.3730378924231981
v -0.550919371890906 0.37277795688752385 0.3727779568875239
v -0.5526732021631897 0.3725143421839117 0.3725143421839118
v -0.5544257831015282 0.3722470509141323 0.37224705091413235
v -0.556177097408656 0.3719760857162427 0.3719760857162428
v -0.5579271277998075 0.37170144926455984 0.3717014492645599
v -0.55967585700289 0.37142314426963463 0.3714231442696347
v -0.5614232677586513 0.3711411734782252 0.37114117347822523
v -0.5631693428208531 0.3708555396732691 0.3708555396732692
v -0.5649140649564395 0.370566245673857 0.37056624567385704
v -0.5666574169457074 0.3702732943352038 0.37027329433520384
v -0.5683993815824768 0.36997668854862076 0.3699766885486208
v -0.5701399416742594 0.36967643124148736 0.3696764312414874
v -0.5718790800424299 0.3693725253772221 0.36937252537722215
v -0.573616779522395 0.36906497395525306 0.3690649739552531
v -0.5753530229637621 0.3687537800109887 0.36875378001098874
v -0.5770877932305101 0.3684389466157874 0.36843894661578747
v -0.5788210732011556 0.368120476876928 0.36812047687692806
v -0.5805528457689259 0.367798373937578 0.3677983739375781
v -0.5822830938419246 0.3674726409767635 0.3674726409767636
v -0.5840118003433024 0.36714328120933715 0.3671432812093372
v -0.5857389482114228 0.3668102978859471 0.36681029788594716
v -0.5874645204000345 0.36647369429300414 0.3664736942930042
v -0.5891884998784364 0.36613347375265004 0.3661334737526501
v -0.590910869631647 0.36578963962272404 0.3657896396227241
v -0.5926316126605727 0.3654421952967301 0.36544219529673017
v -0.5943507119821738 0.3650911442038036 0.3650911442038037
v -0.5960681506296341 0.3647364898086772 0.36473648980867723
v -0.5977839116525278 0.36437823561164634 0.3643782356116464
v -0.5994979781169866 0.3640163851485354 0.36401638514853546
v -0.6012103331058656 0.3636509419906625 0.36365094199066256
v -0.6029209597189129 0.36328190974480395 0.363281909744804
v -0.6046298410729343 0.3629092920531591 0.36290929205315914
v -0.6063369603019609 0.36253309259331407 0.3625330925933141
v -0.6080423005574155 0.3621533150782056 0.36215331507820564
v -0.6097458450082772 0.36176996325608457 0.3617699632560846
v -0.6114475768412506 0.3613830409104787 0.36138304091047874
v -0.6131474792609296 0.3609925518601552 0.3609925518601553
v -0.6148455354899639 0.3605984999590834 0.36059849995908344
v -0.6165417287692232 0.3602008890963966 0.36020088909639664
v -0.6182360423579651 0.35979972319635334 0.3597997231963534
v -0.6199284595339986 0.3593950062182992 0.35939500621829923
v -0.6216189635938492 0.35898674215662735 0.3589867421566274
v -0.6233075378529248 0.35857493504073906 0.3585749350407391
v -0.6249941656456783 0.3581595889350046 0.35815958893500466
v -0.626678830325775 0.35774070793872226 0.3577407079387223
v -0.6283615152662543 0.35731829618607835 0.3573182961860784
v -0.6300422038596958 0.3568923578461061 0.3568923578461062
v -0.6317208795183806 0.35646289712264534 0.3564628971226454
v -0.6333975256744582 0.35602991825429997 0.3560299182543
v -0.6350721257801079 0.35559342551439643 0.3555934255143965
v -0.6367446633077026 0.35515342321094195 0.355153423210942
v -0.6384151217499727 0.3547099156865815 0.35470991568658156
v -0.640083484620167 0.35426290731855553 0.3542629073185556
v -0.6417497354522177 0.3538124025186561 0.35381240251865614
v -0.6434138578009019 0.3533584057331835 0.35335840573318356
v -0.6450758352420043 0.3529009214429029 0.35290092144290297
v -0.6467356513724777 0.3524399541629996 0.35243995416299967
v -0.6483932898106073 0.3519755084430345 0.35197550844303455
v -0.6500487341961709 0.35150758886689926 0.3515075888668993
v -0.651701968190601 0.35103620005277136 0.3510362000527714
v -0.6533529754771458 0.35056134665306776 0.3505613466530678
v -0.6550017397610289 0.3500830333544002 0.3500830333544003
v -0.6566482447696131 0.34960126487752774 0.3496012648775278
v -0.6582924742525587 0.34911604597731055 0.3491160459773106
v -0.6599344119819848 0.34862738144266336 0.3486273814426634
v -0.6615740417526279 0.348135276096508 0.3481352760965081
v -0.6632113473820049 0.3476397347957255 0.3476397347957256
v -0.6648463127105699 0.3471407624311084 0.3471407624311085
v -0.6664789216018755 0.3466383639273125 0.34663836392731256
v -0.6681091579427312 0.34613254424280804 0.3461325442428081
v -0.6697370056433618 0.3456233083698314 0.34562330836983146
v -0.671362448637568 0.34511066133433493 0.345110661334335
v -0.6729854708828836 0.34459460819593796 0.344594608195938
v -0.6746060563607349 0.34407515404787636 0.3440751540478764
v -0.6762241890765965 0.34355230401695325 0.3435523040169533
v -0.6778398530601523 0.34302606326348717 0.3430260632634872
v -0.6794530323654508 0.3424964369812618 0.34249643698126186
v -0.6810637110710639 0.34196343039747495 0.341963430397475
v -0.6826718732802433 0.34142704877268615 0.3414270487726862
v -0.6842775031210762 0.34088729740076573 0.3408872974007658
v -0.6858805847466449 0.3403441816088418 0.34034418160884183
v -0.6874811023351809 0.3397977067572478 0.33979770675724785
v -0.6890790400902223 0.3392478782394699 0.33924787823946995
v -0.6906743822407675 0.3386947014820938 0.33869470148209385
v -0.692267113041434 0.3381381819447507 0.33813818194475076
v -0.693857216772612 0.3375783251200637 0.33757832512006375
v -0.6954446777406195 0.33701513653359366 0.3370151365335937
v -0.697029480277858 0.33644862174378437 0.3364486217437844
v -0.6986116087429656 0.33587878634190843 0.3358787863419085
v -0.7001910475209733 0.33530563595201107 0.3353056359520111
v -0.7017677810234582 0.3347291762308552 0.33472917623085524
v -0.7033417936886974 0.3341494128678654 0.3341494128678655
v -0.7049130699818206 0.33356635158507236 0.3335663515850724
v -0.7064815943949656 0.3329799981370553 0.33297999813705537
v -0.7080473514474296 0.33239035831088615 0.3323903583108862
v -0.7096103256858226 0.3317974379260719 0.33179743792607197
v -0.71117050168422 0.3312012428344973 0.33120124283449737
v -0.712727864044315 0.3306017789203672 0.33060177892036724
v -0.7142823973955688 0.32999905210014857 0.3299990521001486
v -0.7158340863953654 0.32939306832251175 0.3293930683225118
v -0.7173829157291607 0.32878383356827195 0.328783833568272
v -0.718928870110635 0.3281713538503301 0.32817135385033014
v -0.7204719342818418 0.327555635213614 0.3275556352136141
v -0.7220120930133609 0.3269366837350179 0.32693668373501794
v -0.7235493311044477 0.32631450552334307 0.3263145055233431
v -0.7250836333831828 0.3256891067192372 0.32568910671923723
v -0.7266149847066226 0.32506049349513383 0.3250604934951339
v -0.7281433699609465 0.32442867205519205 0.3244286720551921
v -0.7296687740616101 0.32379364863523424 0.3237936486352343
v -0.7311911819534904 0.3231554295026852 0.3231554295026853
v -0.7327105786110366 0.32251402095650994 0.32251402095651
v -0.7342269490384163 0.32186942932715223 0.3218694293271523
v -0.735740278269666 0.32122166097647087 0.3212216609764709
v -0.737250551368837 0.32057072229767825 0.3205707222976783
v -0.7387577534301437 0.31991661971527613 0.3199166197152762
v -0.7402618695781107 0.3192593596849928 0.31925935968499286
v -0.7417628849677178 0.31859894869371974 0.3185989486937198
v -0.7432607847845496 0.3179353932594467 0.31793539325944675
v -0.7447555542449398 0.31726869993119794 0.317268699931198
v -0.7462471785961174 0.3165988752889672 0.31659887528896724
v -0.7477356431163518 0.31592592594365365 0.3159259259436537
v -0.7492209331150991 0.31524985853699555 0.31524985853699555
v -0.7507030339331469 0.3145706797415052 0.31457067974150527
v -0.7521819309427584 0.31388839626040305 0.3138883962604031
v -0.7536576095478176 0.31320301482755153 0.3132030148275516
v -0.7551300551839717 0.31251454220738906 0.3125145422073891
v -0.7565992533187769 0.31182298519486223 0.3118229851948623
v -0.7580651894518409 0.31112835061535954 0.3111283506153596
v -0.7595278491149664 0.31043064532464365 0.3104306453246437
v -0.7609872178722921 0.3097298762087845 0.30972987620878456
v -0.7624432813204378 0.3090260501840903 0.30902605018409035
v -0.7638960250886453 0.3083191741970395 0.3083191741970396
v -0.7653454348389199 0.307609255224213 0.30760925522421306
v -0.7667914962661733 0.30689630027222403 0.3068963002722241
v -0.7682341950983618 0.30618031637765064 0.3061803163776507
v -0.7696735170966309 0.3054613106069646 0.30546131060696463
v -0.7711094480554539 0.3047392900564626 0.30473929005646266
v -0.7725419738027717 0.30401426185219577 0.3040142618521958
v -0.7739710802001332 0.3032862331499001 0.30328623314990016
v -0.7753967531428354 0.30255521113492495 0.302555211134925
v -0.7768189785600619 0.30182120302216237 0.30182120302216237
v -0.7782377424150222 0.3010842160559761 0.30108421605597613
v -0.7796530307050902 0.3003442575101297 0.3003442575101298
v -0.7810648294619409 0.2996013346877159 0.29960133468771594
v -0.7824731247516907 0.2988554549210825 0.29885545492108256
v -0.7838779026750344 0.298106625571762 0.29810662557176204
v -0.7852791493673807 0.29735485403039735 0.2973548540303974
v -0.7866768509989901 0.2966001477166707 0.2966001477166707
v -0.7880709937751118 0.2958425140792284 0.29584251407922846
v -0.7894615639361198 0.29508196059560854 0.2950819605956086
v -0.7908485477576478 0.294318494772167 0.29431849477216704
v -0.7922319315507258 0.2935521241440031 0.2935521241440031
v -0.7936117016619135 0.29278285627488587 0.29278285627488587
v -0.7949878444734375 0.2920106987571784 0.29201069875717844
v -0.7963603464033238 0.2912356592117637 0.29123565921176375
v -0.7977291939055324 0.2904577452879689 0.29045774528796897
v -0.7990943734700908 0.28967696466349097 0.289676964663491
v -0.8004558716232282 0.2888933250443191 0.28889332504431914
v -0.8018136749275071 0.28810683416465993 0.28810683416466
v -0.8031677699819575 0.28731749978686105 0.2873174997868611
v -0.804518143422208 0.2865253297013338 0.2865253297013339
v -0.8058647819206173 0.2857303317264776 0.28573033172647766
v -0.8072076721864072 0.28493251370860123 0.2849325137086013
v -0.8085468009657932 0.28413188352184654 0.28413188352184654
v -0.8098821550421151 0.28332844906810983 0.2833284490681099
v -0.8112137212359667 0.28252221827696544 0.2825222182769655
v -0.8125414864053274 0.28171319910558545 0.2817131991055855
v -0.8138654374456912 0.28090139953866256 0.2809013995386626
v -0.8151855612901957 0.28008682758833064 0.2800868275883307
v -0.8165018449097519 0.2792694912940859 0.27926949129408596
v -0.8178142753131712 0.2784493987227079 0.27844939872270796
v -0.8191228395472956 0.2776265579681791 0.27762655796817914
v -0.8204275246971247 0.27680097715160557 0.2768009771516056
v -0.8217283178859427 0.2759726644211363 0.2759726644211364
v -0.8230252062754457 0.2751416279518842 0.27514162795188424
v -0.824318177065869 0.2743078759458433 0.2743078759458434
v -0.8256072174961129 0.27347141663180946 0.2734714166318095
v -0.8268923148438689 0.2726322582652983 0.27263225826529836
v -0.8281734564257452 0.271790409128464 0.271790409128464
v -0.8294506295973909 0.2709458775300179 0.270945877530018
v -0.8307238217536228 0.270098671805146 0.270098671805146
v -0.8319930203285484 0.2692488003154266 0.26924880031542664
v -0.8332582127956905 0.2683962714487479 0.26839627144874795
v -0.8345193866681092 0.2675410936192263 0.26754109361922634
v -0.8357765294985284 0.2666832752671214 0.26668327526712143
v -0.8370296288794554 0.26582282485875386 0.2658228248587539
v -0.8382786724433058 0.2649597508864221 0.26495975088642215
v -0.8395236478625236 0.26409406186831746 0.26409406186831746
v -0.8407645428497037 0.2632257663484414 0.26322576634844147
v -0.842001345157714 0.2623548728965201 0.26235487289652015
v -0.8432340425798146 0.2614813901079202 0.26148139010792026
v -0.8444626229497804 0.26060532660356406 0.2606053266035641
v -0.8456870741420182 0.2597266910298452 0.25972669102984525
v -0.8469073840716894 0.25884549205854174 0.2588454920585418
v -0.8481235406948278 0.25796173838673186 0.2579617383867319
v -0.8493355320084582 0.25707543873670746 0.2570754387367075
v -0.8505433460507165 0.25618660185588804 0.2561866018558881
v -0.8517469709009646 0.2552952365167352 0.25529523651673525
v -0.8529463946799116 0.25440135151666493 0.25440135151666493
v -0.8541416055497291 0.25350495567796105 0.25350495567796105
v -0.8553325917141688 0.2526060578476885 0.2526060578476886
v -0.8565193414186771 0.25170466689760645 0.2517046668976065
v -0.857701842950514 0.25080079172407943 0.25080079172407943
v -0.8588800846388668 0.24989444124799043 0.24989444124799046
v -0.8600540548549658 0.24898562441465277 0.24898562441465283
v -0.8612237420121986 0.24807435019372173 0.24807435019372176
v -0.8623891345662259 0.24716062757910567 0.24716062757910573
v -0.8635502210150927 0.2462444655888785 0.24624446558887852
v -0.8647069898993451 0.2453258732651888 0.24532587326518882
v -0.8658594298021414 0.2444048596741718 0.24440485967417183
v -0.8670075293493644 0.24348143390586033 0.24348143390586038
v -0.8681512772097354 0.2425556050740936 0.24255560507409363
v -0.8692906620949248 0.2416273823164285 0.24162738231642852
v -0.8704256727596635 0.24069677479404883 0.24069677479404886
v -0.8715562980018547 0.23976379169167517 0.2397637916916752
v -0.8726825266626843 0.2388284422174738 0.23882844221747385
v -0.873804347626729 0.23789073560296697 0.237890735602967
v -0.8749217498220694 0.2369506811029401 0.23695068110294012
v -0.8760347222203966 0.23600828799535156 0.23600828799535162
v -0.8771432538371231 0.23506356558124072 0.23506356558124075
v -0.8782473337314884 0.2341165231846368 0.23411652318463685
v -0.87934695100667 0.2331671701524657 0.23316717015246574
v -0.8804420948098899 0.23221551585445865 0.23221551585445868
v -0.88153275433252 0.2312615696830593 0.23126156968305933
v -0.882618918810192 0.23030534105333098 0.230305341053331
v -0.8837005775229003 0.22934683940286474 0.22934683940286477
v -0.8847777197951104 0.22838607419168466 0.2283860741916847
v -0.8858503349958629 0.22742305490215556 0.22742305490215559
v -0.8869184125388792 0.2264577910388886 0.22645779103888863
v -0.8879819418826643 0.2254902921286491 0.22549029212864913
v -0.8890409125306135 0.2245205677202604 0.22452056772026047
v -0.8900953140311139 0.223548627384511 0.22354862738451106
v -0.8911451359776483 0.2225744807140595 0.22257448071405952
v -0.8921903680088983 0.22159813732334 0.22159813732334002
v -0.8932309998088452 0.22061960684846818 0.2206196068484682
v -0.8942670211068735 0.21963889894714456 0.21963889894714458
v -0.8952984216778713 0.21865602329856013 0.21865602329856015
v -0.8963251913423316 0.2176709896033004 0.21767098960330042
v -0.8973473199664517 0.21668380758325098 0.216683807583251
v -0.898364797462235 0.21569448698149946 0.21569448698149948
v -0.8993776137875895 0.21470303756224082 0.21470303756224085
v -0.9003857589464269 0.2137094691106806 0.21370946911068062
v -0.9013892229887618 0.21271379143293795 0.212713791432938
v -0.9023879960108085 0.21171601435595017 0.2117160143559502
v -0.903382068155081 0.21071614772737393 0.21071614772737396
v -0.9043714296104887 0.20971420141548913 0.2097142014154892
v -0.9053560706124333 0.20871018530910115 0.20871018530910118
v -0.9063359814429053 0.20770410931744415 0.20770410931744418
v -0.9073111524305808 0.20669598337008177 0.20669598337008183
v -0.9082815739509154 0.20568581741681002 0.20568581741681008
v -0.909247236426241 0.20467362142755915 0.20467362142755918
v -0.9102081303258587 0.20365940539229455 0.20365940539229457
v -0.9111642461661333 0.20264317932091963 0.20264317932091966
v -0.9121155745105878 0.2016249532431752 0.20162495324317523
v -0.9130621059699955 0.20060473720854152 0.20060473720854155
v -0.914003831202473 0.19958254128613875 0.19958254128613878
v -0.9149407409135721 0.19855837556462846 0.1985583755646285
v -0.9158728258563724 0.19753225015211265 0.19753225015211268
v -0.9168000768315722 0.1965041751760348 0.19650417517603483
v -0.9177224846875782 0.19547416078307991 0.19547416078307994
v -0.9186400403205977 0.19444221713907395 0.19444221713907398
v -0.9195527346747265 0.19340835442888457 0.1934083544288846
v -0.92046055874204 0.19237258285631909 0.1923725828563191
v -0.9213635035626815 0.19133491264402483 0.19133491264402486
v -0.92226156022495 0.19029535403338746 0.1902953540333875
v -0.9231547198653884 0.18925391728443142 0.18925391728443144
v -0.9240429736688721 0.18821061267571668 0.1882106126757167
v -0.9249263128686944 0.18716545050423852 0.18716545050423855
v -0.9258047287466542 0.18611844108532566 0.1861184410853257
v -0.9266782126331414 0.18506959475253804 0.18506959475253806
v -0.9275467559072224 0.1840189218575661 0.18401892185756613
v -0.928410349996726 0.18296643277012692 0.18296643277012695
v -0.929268986378327 0.18191213787786278 0.1819121378778628
v -0.9301226565776315 0.18085604758623844 0.18085604758623847
v -0.9309713521692584 0.17979817231843923 0.17979817231843925
v -0.9318150647769254 0.1787385225152667 0.17873852251526673
v -0.9326537860735296 0.17767710863503663 0.17767710863503666
v -0.9334875077812304 0.17661394115347545 0.17661394115347548
v -0.9343162216715313 0.17554903056361673 0.17554903056361676
v -0.9351399195653605 0.17448238737569863 0.17448238737569866
v -0.9359585933331522 0.17341402211705859 0.1734140221170586
v -0.936772234894927 0.17234394533203026 0.1723439453320303
v -0.9375808362203717 0.17127216758183927 0.1712721675818393
v -0.9383843893289168 0.17019869944449997 0.1701986994445
v -0.9391828862898177 0.16912355151470912 0.16912355151470915
v -0.9399763192222321 0.16804673440374274 0.16804673440374276
v -0.9407646802952974 0.16696825873935106 0.1669682587393511
v -0.9415479617282074 0.1658881351656534 0.16588813516565343
v -0.9423261557902916 0.16480637434303308 0.1648063743430331
v -0.9430992548010877 0.16372298694803336 0.1637229869480334
v -0.9438672511304211 0.16263798367325008 0.1626379836732501
v -0.9446301371984782 0.16155137522722726 0.1615513752272273
v -0.9453879054758811 0.1604631723343522 0.16046317233435223
v -0.9461405484837633 0.1593733857347478 0.15937338573474782
v -0.9468880587938417 0.1582820261841678 0.15828202618416784
v -0.9476304290284916 0.15718910445389045 0.15718910445389048
v -0.9483676518608184 0.1560946313306119 0.15609463133061194
v -0.9490997200147306 0.1549986176163398 0.15499861761633982
v -0.9498266262650108 0.1539010741282876 0.15390107412828763
v -0.9505483634373877 0.15280201169876612 0.15280201169876614
v -0.9512649244086073 0.15170144117507753 0.15170144117507756
v -0.9519763021065013 0.1505993734194092 0.15059937341940924
v -0.9526824895100596 0.14949581930872466 0.1494958193087247
v -0.9533834796494975 0.14839078973465744 0.14839078973465747
v -0.9540792656063253 0.14728429560340334 0.14728429560340336
v -0.9547698405134164 0.1461763478356127 0.14617634783561273
v -0.9554551975550758 0.14506695736628236 0.1450669573662824
v -0.9561353299671054 0.14395613514464906 0.14395613514464908
v -0.9568102310368733 0.14284389213407933 0.14284389213407936
v -0.9574798941033784 0.14173023931196232 0.14173023931196235
v -0.9581443125573164 0.14061518766960243 0.14061518766960246
v -0.9588034798411458 0.13949874821210892 0.13949874821210895
v -0.9594573894491509 0.13838093195828843 0.13838093195828846
v -0.9601060349275086 0.13726174994053617 0.1372617499405362
v -0.9607494098743496 0.13614121320472683 0.13614121320472686
v -0.9613875079398231 0.13501933281010522 0.13501933281010525
v -0.9620203228261586 0.13389611982917865 0.13389611982917868
v -0.9626478482877283 0.13277158534760541 0.13277158534760541
v -0.9632700781311101 0.13164574046408653 0.13164574046408656
v -0.9638870062151459 0.1305185962902571 0.13051859629025714
v -0.9644986264510049 0.1293901639505748 0.12939016395057482
v -0.9651049328022423 0.12826045458221122 0.12826045458221122
v -0.9657059192848589 0.12712947933494176 0.1271294793349418
v -0.9663015799673613 0.12599724937103549 0.1259972493710355
v -0.9668919089708188 0.12486377586514476 0.12486377586514479
v -0.9674769004689221 0.12372907000419611 0.12372907000419614
v -0.9680565486880415 0.12259314298727798 0.12259314298727801
v -0.9686308479072834 0.12145600602553108 0.1214560060255311
v -0.969199792458546 0.1203176703420388 0.12031767034203883
v -0.9697633767265763 0.11917814717171449 0.1191781471717145
v -0.9703215951490252 0.11803744776119172 0.11803744776119175
v -0.9708744422165023 0.11689558336871322 0.11689558336871324
v -0.97142191247263 0.11575256526401952 0.11575256526401954
v -0.9719640005140984 0.11460840472823751 0.11460840472823754
v -0.9725007009907167 0.11346311305377049 0.11346311305377052
v -0.9730320086054682 0.1123167015441845 0.11231670154418452
v -0.9735579181145617 0.11116918151409808 0.11116918151409809
v -0.9740784243274818 0.1100205642890712 0.11002056428907121
v -0.9745935221070428 0.1088708612054919 0.10887086120549191
v -0.9751032063694374 0.10772008361046548 0.10772008361046549
v -0.9756074720842878 0.10656824286170215 0.10656824286170218
v -0.9761063142746951 0.10541535032740514 0.10541535032740515
v -0.976599728017288 0.10426141738615793 0.10426141738615795
v -0.9770877084422722 0.10310645542681353 0.10310645542681354
v -0.977570250733478 0.1019504758483798 0.10195047584837981
v -0.9780473501284077 0.10079349005990816 0.10079349005990819
v -0.9785190019182828 0.09963550948038198 0.099635509480382
v -0.9789852014480906 0.09847654553860172 0.09847654553860173
v -0.9794459441166301 0.09731660967307354 0.09731660967307355
v -0.9799012253765571 0.09615571333189624 0.09615571333189625
v -0.9803510407344291 0.09499386797264794 0.09499386797264796
v -0.9807953857507508 0.09383108506227303 0.09383108506227304
v -0.9812342560400154 0.09266737607697001 0.09266737607697002
v -0.9816676472707508 0.09150275250207644 0.09150275250207646
v -0.9820955551655606 0.09033722583195684 0.09033722583195686
v -0.9825179755011664 0.08917080756988856 0.08917080756988857
v -0.9829349041084501 0.08800350922794961 0.08800350922794963
v -0.9833463368724948 0.08683534232690304 0.08683534232690306
v -0.9837522697326249 0.08566631839608453 0.08566631839608455
v -0.9841526986824474 0.08449644897328835 0.08449644897328837
v -0.9845476197698899 0.08332574560465308 0.0833257456046531
v -0.9849370290972408 0.08215421984454899 0.082154219844549
v -0.9853209228211872 0.08098188325546202 0.08098188325546203
v -0.9856992971528531 0.07980874740788103 0.07980874740788105
v -0.9860721483578365 0.07863482388018289 0.0786348238801829
v -0.9864394727562467 0.07746012425851954 0.07746012425851956
v -0.9868012667227402 0.07628466013670168 0.0762846601367017
v -0.9871575266865562 0.07510844311608564 0.07510844311608565
v -0.9875082491315532 0.07393148480545855 0.07393148480545857
v -0.9878534305962421 0.07275379682092344 0.07275379682092345
v -0.9881930676738209 0.07157539078578594 0.07157539078578595
v -0.9885271570122092 0.07039627833043755 0.07039627833043756
v -0.9888556953140797 0.06921647109224215 0.06921647109224215
v -0.9891786793368924 0.06803598071542054 0.06803598071542055
v -0.989496105892925 0.06685481885093686 0.06685481885093687
v -0.989807971849306 0.0656729971563815 0.06567299715638152
v -0.990114274128044 0.06449052729585747 0.06449052729585747
v -0.9904150097060591 0.0633074209398649 0.06330742093986491
v -0.9907101756152128 0.062123689765185564 0.06212368976518558
v -0.9909997689423364 0.060939345454768944 0.06093934545476895
v -0.9912837868292612 0.05975439969761486 0.059754399697614875
v -0.9915622264728448 0.058568864188659614 0.05856886418865962
v -0.9918350851250006 0.05738275062865969 0.057382750628659704
v -0.9921023600927239 0.056196070724077764 0.05619607072407777
v -0.9923640487381185 0.055008836186965046 0.05500883618696505
v -0.9926201484784232 0.05382105873484713 0.05382105873484714
v -0.9928706567860368 0.05263275009060795 0.052632750090607965
v -0.9931155711885438 0.051443921982373735 0.05144392198237374
v -0.9933548892687376 0.050254586143398644 0.05025458614339865
v -0.9935886086646455 0.049064754311946915 0.04906475431194692
v -0.9938167270695515 0.047874438231178366 0.04787443823117837
v -0.9940392422320188 0.04668364964903183 0.046683649649031836
v -0.9942561519559128 0.04549240031811055 0.045492400318110554
v -0.9944674541004219 0.04430070199556416 0.044300701995564164
v -0.9946731465800793 0.04310856644297398 0.043108566442973985
v -0.9948732273647836 0.04191600542623665 0.041916005426236656
v -0.9950676944798176 0.04072303071544793 0.04072303071544794
v -0.99525654600587 0.03952965408478627 0.03952965408478627
v -0.995439780079052 0.0383358873123979 0.038335887312397905
v -0.9956173948909175 0.03714174218027857 0.037141742180278575
v -0.9957893886884801 0.03594723047415832 0.03594723047415833
v -0.9959557597742303 0.03475236398338611 0.03475236398338612
v -0.9961165065061528 0.03355715450081148 0.03355715450081148
v -0.9962716272977421 0.0323616138226695 0.032361613822669506
v -0.9964211206180187 0.031165753748463997 0.031165753748464
v -0.9965649849915437 0.029969586080851127 0.02996958608085113
v -0.996703218998434 0.02877312262552251 0.028773122625522514
v -0.9968358212743758 0.027576375191090092 0.0275763751910901
v -0.996962790510638 0.02637935558896758 0.026379355588967583
v -0.9970841254540856 0.025182075633254836 0.02518207563325484
v -0.9971998249071918 0.023984547140622346 0.02398454714062235
v -0.9973098877280495 0.022786781930192537 0.02278678193019254
v -0.9974143128303832 0.021588791823424467 0.02158879182342447
v -0.997513099183559 0.020390588643996854 0.020390588643996857
v -0.997606245812596 0.019192184217691335 0.019192184217691338
v -0.9976937517981745 0.017993590372275443 0.017993590372275447
v -0.9977756162766453 0.016794818937387223 0.016794818937387226
v -0.9978518384400394 0.01559588174441644 0.015595881744416442
v -0.997922417536075 0.014396790626388807 0.014396790626388808
v -0.9979873528681644 0.013197557417850251 0.013197557417850253
v -0.9980466437954223 0.011998193954748052 0.011998193954748054
v -0.9981002897326714 0.010798712074315386 0.010798712074315387
v -0.9981482901504477 0.009599123614954162 0.009599123614954163
v -0.9981906445750066 0.008399440416118183 0.008399440416118184
v -0.998227352588327 0.007199674318195946 0.007199674318195947
v -0.9982584138281154 0.0059998371623951555 0.005999837162395156
v -0.9982838279878103 0.004799940790623806 0.004799940790623806
v -0.9983035948165839 0.003599997045374326 0.0035999970453743264
v -0.9983177141193458 0.0024000177696077256 0.002400017769607726
v -0.998326185756744 0.0012000148066346656 0.0012000148066346659
v -0.9983290096451669 -7.016807418924873e-17 -7.016807418924874e-17
v -0.998326185756744 -0.001200014806634806 -0.0012000148066348062
v -0.9983177141193458 -0.0024000177696078657 -0.002400017769607866
v -0.9983035948165839 -0.003599997045374805 -0.0035999970453748052
v -0.9982838279878103 -0.004799940790623946 -0.0047999407906239465
v -0.9982584138281154 -0.005999837162395296 -0.005999837162395297
v -0.998227352588327 -0.007199674318196426 -0.007199674318196427
v -0.9981906445750066 -0.008399440416118321 -0.008399440416118323
v -0.9981482901504477 -0.009599123614954302 -0.009599123614954304
v -0.9981002897326714 -0.010798712074315526 -0.010798712074315528
v -0.9980466437954223 -0.011998193954748193 -0.011998193954748194
v -0.9979873528681644 -0.013197557417850394 -0.013197557417850395
v -0.9979224175360748 -0.014396790626389287 -0.014396790626389289
v -0.9978518384400394 -0.015595881744416578 -0.015595881744416581
v -0.9977756162766453 -0.016794818937387365 -0.01679481893738737
v -0.9976937517981745 -0.017993590372275922 -0.017993590372275926
v -0.997606245812596 -0.019192184217691474 -0.019192184217691477
v -0.997513099183559 -0.020390588643996992 -0.020390588643996996
v -0.9974143128303832 -0.02158879182342461 -0.021588791823424613
v -0.9973098877280495 -0.022786781930192675 -0.02278678193019268
v -0.9971998249071918 -0.02398454714062249 -0.023984547140622498
v -0.9970841254540856 -0.02518207563325532 -0.025182075633255325
v -0.996962790510638 -0.026379355588967722 -0.026379355588967725
v -0.9968358212743758 -0.027576375191090234 -0.02757637519109024
v -0.996703218998434 -0.028773122625522986 -0.028773122625522993
v -0.9965649849915437 -0.029969586080851263 -0.02996958608085127
v -0.9964211206180187 -0.03116575374846414 -0.031165753748464142
v -0.9962716272977421 -0.03236161382266964 -0.03236161382266964
v -0.9961165065061528 -0.03355715450081161 -0.03355715450081162
v -0.9959557597742303 -0.03475236398338625 -0.034752363983386256
v -0.9957893886884801 -0.0359472304741588 -0.035947230474158806
v -0.9956173948909175 -0.037141742180278714 -0.03714174218027872
v -0.995439780079052 -0.03833588731239804 -0.038335887312398044
v -0.99525654600587 -0.039529654084786404 -0.03952965408478641
v -0.9950676944798176 -0.04072303071544807 -0.040723030715448076
v -0.9948732273647833 -0.04191600542623679 -0.041916005426236795
v -0.9946731465800793 -0.04310856644297412 -0.043108566442974124
v -0.9944674541004219 -0.044300701995564296 -0.0443007019955643
v -0.9942561519559128 -0.04549240031811069 -0.0454924003181107
v -0.9940392422320188 -0.04668364964903231 -0.046683649649032315
v -0.9938167270695515 -0.0478744382311785 -0.04787443823117851
v -0.9935886086646455 -0.049064754311947054 -0.04906475431194706
v -0.9933548892687376 -0.05025458614339878 -0.05025458614339879
v -0.9931155711885438 -0.05144392198237421 -0.05144392198237422
v -0.9928706567860368 -0.05263275009060809 -0.052632750090608096
v -0.9926201484784232 -0.05382105873484727 -0.05382105873484728
v -0.9923640487381185 -0.05500883618696519 -0.0550088361869652
v -0.9921023600927239 -0.0561960707240779 -0.05619607072407791
v -0.9918350851250006 -0.057382750628660176 -0.05738275062866018
v -0.9915622264728448 -0.05856886418865975 -0.05856886418865976
v -0.991283786829261 -0.059754399697615014 -0.05975439969761502
v -0.9909997689423364 -0.06093934545476908 -0.06093934545476909
v -0.9907101756152126 -0.06212368976518604 -0.062123689765186056
v -0.9904150097060589 -0.06330742093986504 -0.06330742093986505
v -0.9901142741280438 -0.0644905272958576 -0.06449052729585761
v -0.989807971849306 -0.06567299715638164 -0.06567299715638165
v -0.989496105892925 -0.066854818850937 -0.06685481885093701
v -0.9891786793368922 -0.06803598071542102 -0.06803598071542104
v -0.9888556953140797 -0.06921647109224227 -0.06921647109224228
v -0.988527157012209 -0.07039627833043768 -0.07039627833043768
v -0.9881930676738209 -0.07157539078578608 -0.07157539078578609
v -0.9878534305962419 -0.07275379682092391 -0.07275379682092392
v -0.987508249131553 -0.07393148480545869 -0.0739314848054587
v -0.9871575266865562 -0.07510844311608578 -0.07510844311608579
v -0.9868012667227399 -0.07628466013670182 -0.07628466013670183
v -0.9864394727562467 -0.07746012425851967 -0.07746012425851968
v -0.9860721483578365 -0.07863482388018336 -0.07863482388018338
v -0.9856992971528531 -0.07980874740788117 -0.07980874740788117
v -0.9853209228211872 -0.08098188325546216 -0.08098188325546217
v -0.9849370290972408 -0.08215421984454911 -0.08215421984454913
v -0.9845476197698897 -0.08332574560465354 -0.08332574560465356
v -0.9841526986824474 -0.08449644897328851 -0.08449644897328852
v -0.9837522697326249 -0.08566631839608467 -0.08566631839608468
v -0.9833463368724946 -0.08683534232690318 -0.0868353423269032
v -0.9829349041084501 -0.08800350922794975 -0.08800350922794976
v -0.9825179755011664 -0.0891708075698887 -0.08917080756988871
v -0.9820955551655606 -0.09033722583195698 -0.090337225831957
v -0.9816676472707508 -0.09150275250207658 -0.0915027525020766
v -0.9812342560400154 -0.09266737607697015 -0.09266737607697016
v -0.9807953857507505 -0.09383108506227349 -0.0938310850622735
v -0.9803510407344291 -0.09499386797264808 -0.0949938679726481
v -0.9799012253765571 -0.09615571333189635 -0.09615571333189638
v -0.9794459441166301 -0.09731660967307369 -0.09731660967307372
v -0.9789852014480906 -0.09847654553860184 -0.09847654553860186
v -0.9785190019182828 -0.09963550948038212 -0.09963550948038213
v -0.9780473501284075 -0.10079349005990863 -0.10079349005990865
v -0.9775702507334778 -0.1019504758483799 -0.10195047584837992
v -0.9770877084422722 -0.10310645542681364 -0.10310645542681365
v -0.9765997280172878 -0.1042614173861584 -0.10426141738615842
v -0.9761063142746949 -0.10541535032740526 -0.10541535032740527
v -0.9756074720842878 -0.10656824286170229 -0.1065682428617023
v -0.9751032063694374 -0.10772008361046559 -0.1077200836104656
v -0.9745935221070428 -0.10887086120549205 -0.10887086120549208
v -0.9740784243274816 -0.11002056428907135 -0.11002056428907137
v -0.9735579181145613 -0.1111691815140985 -0.11116918151409853
v -0.9730320086054682 -0.11231670154418466 -0.11231670154418467
v -0.9725007009907167 -0.11346311305377062 -0.11346311305377063
v -0.9719640005140981 -0.11460840472823798 -0.11460840472823801
v -0.97142191247263 -0.11575256526401964 -0.11575256526401966
v -0.9708744422165021 -0.11689558336871336 -0.11689558336871338
v -0.9703215951490252 -0.11803744776119186 -0.11803744776119188
v -0.9697633767265761 -0.11917814717171463 -0.11917814717171464
v -0.9691997924585458 -0.12031767034203897 -0.12031767034203898
v -0.9686308479072832 -0.12145600602553155 -0.12145600602553157
v -0.9680565486880415 -0.12259314298727812 -0.12259314298727815
v -0.9674769004689219 -0.12372907000419625 -0.12372907000419628
v -0.9668919089708186 -0.12486377586514523 -0.12486377586514526
v -0.9663015799673611 -0.12599724937103562 -0.12599724937103565
v -0.9657059192848589 -0.12712947933494187 -0.1271294793349419
v -0.9651049328022423 -0.12826045458221133 -0.12826045458221136
v -0.9644986264510049 -0.12939016395057493 -0.12939016395057495
v -0.9638870062151459 -0.13051859629025722 -0.13051859629025725
v -0.9632700781311099 -0.13164574046408695 -0.13164574046408697
v -0.9626478482877283 -0.13277158534760555 -0.13277158534760555
v -0.9620203228261583 -0.13389611982917882 -0.13389611982917882
v -0.9613875079398229 -0.1350193328101057 -0.1350193328101057
v -0.9607494098743496 -0.13614121320472694 -0.13614121320472697
v -0.9601060349275086 -0.1372617499405363 -0.1372617499405363
v -0.9594573894491509 -0.13838093195828854 -0.13838093195828857
v -0.9588034798411456 -0.13949874821210903 -0.13949874821210906
v -0.9581443125573164 -0.14061518766960257 -0.1406151876696026
v -0.9574798941033782 -0.14173023931196277 -0.14173023931196277
v -0.9568102310368731 -0.14284389213407947 -0.1428438921340795
v -0.9561353299671054 -0.1439561351446492 -0.14395613514464922
v -0.9554551975550754 -0.14506695736628283 -0.14506695736628283
v -0.9547698405134164 -0.14617634783561284 -0.14617634783561287
v -0.9540792656063253 -0.14728429560340348 -0.1472842956034035
v -0.9533834796494973 -0.14839078973465758 -0.14839078973465758
v -0.9526824895100596 -0.1494958193087248 -0.1494958193087248
v -0.9519763021065013 -0.15059937341940935 -0.15059937341940935
v -0.9512649244086069 -0.15170144117507797 -0.151701441175078
v -0.9505483634373877 -0.15280201169876625 -0.15280201169876628
v -0.9498266262650106 -0.15390107412828774 -0.15390107412828777
v -0.9490997200147304 -0.15499861761634023 -0.15499861761634026
v -0.9483676518608182 -0.15609463133061205 -0.15609463133061208
v -0.9476304290284914 -0.15718910445389056 -0.1571891044538906
v -0.9468880587938415 -0.15828202618416795 -0.15828202618416798
v -0.946140548483763 -0.15937338573474794 -0.15937338573474796
v -0.9453879054758811 -0.16046317233435234 -0.16046317233435237
v -0.9446301371984782 -0.1615513752272274 -0.16155137522722743
v -0.9438672511304209 -0.16263798367325022 -0.16263798367325025
v -0.9430992548010875 -0.1637229869480335 -0.1637229869480335
v -0.9423261557902913 -0.16480637434303352 -0.16480637434303355
v -0.9415479617282074 -0.16588813516565354 -0.16588813516565357
v -0.9407646802952971 -0.16696825873935117 -0.1669682587393512
v -0.9399763192222321 -0.16804673440374288 -0.1680467344037429
v -0.9391828862898177 -0.16912355151470926 -0.16912355151470929
v -0.9383843893289165 -0.17019869944450008 -0.1701986994445001
v -0.9375808362203715 -0.1712721675818394 -0.17127216758183944
v -0.936772234894927 -0.17234394533203037 -0.1723439453320304
v -0.935958593333152 -0.1734140221170587 -0.17341402211705872
v -0.93513991956536 -0.17448238737569907 -0.1744823873756991
v -0.934316221671531 -0.17554903056361715 -0.17554903056361718
v -0.9334875077812304 -0.17661394115347556 -0.1766139411534756
v -0.9326537860735296 -0.17767710863503675 -0.17767710863503677
v -0.9318150647769254 -0.17873852251526684 -0.17873852251526687
v -0.9309713521692584 -0.17979817231843934 -0.17979817231843936
v -0.9301226565776313 -0.18085604758623855 -0.18085604758623858
v -0.929268986378327 -0.18191213787786295 -0.18191213787786298
v -0.9284103499967258 -0.18296643277012703 -0.18296643277012706
v -0.9275467559072221 -0.18401892185756655 -0.18401892185756658
v -0.926678212633141 -0.18506959475253845 -0.18506959475253848
v -0.925804728746654 -0.18611844108532577 -0.18611844108532583
v -0.9249263128686943 -0.18716545050423866 -0.1871654505042387
v -0.924042973668872 -0.18821061267571684 -0.18821061267571687
v -0.9231547198653884 -0.18925391728443153 -0.18925391728443156
v -0.92226156022495 -0.19029535403338757 -0.1902953540333876
v -0.9213635035626815 -0.19133491264402494 -0.19133491264402497
v -0.92046055874204 -0.19237258285631925 -0.19237258285631928
v -0.9195527346747261 -0.193408354428885 -0.19340835442888502
v -0.9186400403205973 -0.19444221713907434 -0.19444221713907436
v -0.917722484687578 -0.19547416078308003 -0.19547416078308005
v -0.916800076831572 -0.1965041751760349 -0.19650417517603497
v -0.9158728258563724 -0.19753225015211276 -0.19753225015211281
v -0.9149407409135719 -0.19855837556462858 -0.1985583755646286
v -0.9140038312024729 -0.19958254128613884 -0.19958254128613886
v -0.9130621059699953 -0.20060473720854163 -0.20060473720854166
v -0.9121155745105878 -0.2016249532431753 -0.20162495324317534
v -0.9111642461661331 -0.20264317932092005 -0.20264317932092007
v -0.9102081303258583 -0.20365940539229496 -0.20365940539229502
v -0.9092472364262407 -0.20467362142755927 -0.2046736214275593
v -0.9082815739509154 -0.20568581741681016 -0.2056858174168102
v -0.9073111524305806 -0.20669598337008185 -0.20669598337008188
v -0.9063359814429053 -0.2077041093174443 -0.20770410931744432
v -0.9053560706124333 -0.20871018530910126 -0.2087101853091013
v -0.9043714296104886 -0.20971420141548927 -0.2097142014154893
v -0.903382068155081 -0.210716147727374 -0.21071614772737404
v -0.9023879960108083 -0.21171601435595055 -0.21171601435595058
v -0.9013892229887615 -0.21271379143293837 -0.2127137914329384
v -0.9003857589464268 -0.2137094691106807 -0.21370946911068073
v -0.8993776137875893 -0.21470303756224093 -0.21470303756224096
v -0.8983647974622349 -0.21569448698149954 -0.21569448698149957
v -0.8973473199664515 -0.21668380758325106 -0.2166838075832511
v -0.8963251913423314 -0.2176709896033005 -0.21767098960330053
v -0.8952984216778712 -0.2186560232985602 -0.21865602329856024
v -0.8942670211068735 -0.21963889894714467 -0.2196388989471447
v -0.8932309998088448 -0.2206196068484686 -0.22061960684846865
v -0.8921903680088978 -0.22159813732334038 -0.2215981373233404
v -0.8911451359776481 -0.22257448071405955 -0.2225744807140596
v -0.8900953140311136 -0.2235486273845111 -0.22354862738451114
v -0.8890409125306133 -0.22452056772026055 -0.22452056772026058
v -0.8879819418826642 -0.2254902921286492 -0.22549029212864927
v -0.886918412538879 -0.2264577910388887 -0.22645779103888872
v -0.8858503349958629 -0.2274230549021556 -0.22742305490215567
v -0.8847777197951103 -0.22838607419168477 -0.2283860741916848
v -0.8837005775229001 -0.22934683940286513 -0.22934683940286515
v -0.8826189188101916 -0.23030534105333136 -0.2303053410533314
v -0.8815327543325199 -0.23126156968305941 -0.23126156968305947
v -0.8804420948098897 -0.2322155158544588 -0.23221551585445885
v -0.87934695100667 -0.23316717015246585 -0.2331671701524659
v -0.8782473337314882 -0.23411652318463694 -0.23411652318463697
v -0.8771432538371229 -0.2350635655812408 -0.23506356558124084
v -0.8760347222203965 -0.23600828799535173 -0.23600828799535176
v -0.8749217498220692 -0.23695068110294018 -0.2369506811029402
v -0.873804347626729 -0.23789073560296706 -0.23789073560296708
v -0.8726825266626839 -0.23882844221747415 -0.2388284422174742
v -0.8715562980018547 -0.23976379169167528 -0.2397637916916753
v -0.8704256727596633 -0.24069677479404894 -0.24069677479404897
v -0.8692906620949246 -0.24162738231642855 -0.2416273823164286
v -0.8681512772097353 -0.24255560507409377 -0.2425556050740938
v -0.8670075293493642 -0.2434814339058604 -0.24348143390586044
v -0.8658594298021409 -0.2444048596741722 -0.24440485967417222
v -0.864706989899345 -0.2453258732651889 -0.24532587326518895
v -0.8635502210150927 -0.24624446558887858 -0.2462444655888786
v -0.8623891345662253 -0.24716062757910603 -0.24716062757910606
v -0.8612237420121985 -0.24807435019372182 -0.24807435019372184
v -0.8600540548549656 -0.24898562441465286 -0.24898562441465288
v -0.8588800846388667 -0.2498944412479905 -0.24989444124799054
v -0.8577018429505137 -0.25080079172407965 -0.25080079172407965
v -0.8565193414186767 -0.2517046668976067 -0.2517046668976067
v -0.8553325917141683 -0.25260605784768886 -0.2526060578476889
v -0.8541416055497291 -0.25350495567796116 -0.2535049556779612
v -0.8529463946799114 -0.254401351516665 -0.25440135151666504
v -0.8517469709009642 -0.25529523651673547 -0.25529523651673547
v -0.8505433460507161 -0.2561866018558882 -0.25618660185588826
v -0.8493355320084581 -0.2570754387367076 -0.25707543873670763
v -0.8481235406948275 -0.2579617383867319 -0.257961738386732
v -0.846907384071689 -0.25884549205854196 -0.258845492058542
v -0.8456870741420177 -0.2597266910298454 -0.25972669102984547
v -0.84446262294978 -0.2606053266035643 -0.26060532660356434
v -0.8432340425798145 -0.2614813901079204 -0.2614813901079204
v -0.8420013451577137 -0.2623548728965202 -0.26235487289652026
v -0.8407645428497035 -0.26322576634844164 -0.2632257663484417
v -0.8395236478625233 -0.26409406186831763 -0.2640940618683177
v -0.8382786724433056 -0.2649597508864222 -0.26495975088642226
v -0.8370296288794553 -0.265822824858754 -0.2658228248587541
v -0.835776529498528 -0.26668327526712154 -0.2666832752671216
v -0.8345193866681089 -0.2675410936192265 -0.26754109361922657
v -0.83325821279569 -0.26839627144874817 -0.2683962714487482
v -0.8319930203285482 -0.2692488003154267 -0.26924880031542675
v -0.8307238217536227 -0.27009867180514613 -0.2700986718051462
v -0.8294506295973906 -0.27094587753001814 -0.2709458775300182
v -0.8281734564257448 -0.27179040912846414 -0.2717904091284642
v -0.8268923148438687 -0.2726322582652984 -0.27263225826529847
v -0.8256072174961129 -0.27347141663180957 -0.2734714166318096
v -0.8243181770658687 -0.27430787594584355 -0.27430787594584355
v -0.8230252062754454 -0.2751416279518844 -0.27514162795188446
v -0.8217283178859425 -0.27597266442113655 -0.2759726644211366
v -0.8204275246971244 -0.2768009771516056 -0.2768009771516057
v -0.8191228395472956 -0.27762655796817926 -0.2776265579681793
v -0.8178142753131709 -0.27844939872270813 -0.2784493987227082
v -0.8165018449097515 -0.2792694912940861 -0.2792694912940862
v -0.8151855612901955 -0.28008682758833076 -0.28008682758833076
v -0.8138654374456911 -0.28090139953866267 -0.28090139953866267
v -0.8125414864053273 -0.28171319910558557 -0.28171319910558557
v -0.8112137212359664 -0.2825222182769656 -0.28252221827696566
v -0.8098821550421148 -0.28332844906811006 -0.2833284490681101
v -0.808546800965793 -0.2841318835218466 -0.28413188352184665
v -0.807207672186407 -0.28493251370860134 -0.28493251370860134
v -0.8058647819206168 -0.2857303317264778 -0.2857303317264779
v -0.8045181434222076 -0.28652532970133404 -0.28652532970133404
v -0.8031677699819573 -0.28731749978686116 -0.2873174997868612
v -0.8018136749275069 -0.28810683416466004 -0.2881068341646601
v -0.800455871623228 -0.2888933250443192 -0.28889332504431925
v -0.7990943734700906 -0.2896769646634912 -0.28967696466349124
v -0.7977291939055321 -0.29045774528796914 -0.2904577452879692
v -0.7963603464033235 -0.2912356592117638 -0.2912356592117638
v -0.7949878444734375 -0.2920106987571785 -0.29201069875717856
v -0.7936117016619132 -0.29278285627488604 -0.2927828562748861
v -0.7922319315507255 -0.2935521241440032 -0.2935521241440033
v -0.7908485477576476 -0.2943184947721671 -0.29431849477216715
v -0.7894615639361195 -0.2950819605956086 -0.29508196059560865
v -0.7880709937751116 -0.29584251407922846 -0.2958425140792285
v -0.7866768509989897 -0.29660014771667087 -0.2966001477166709
v -0.7852791493673803 -0.29735485403039763 -0.29735485403039763
v -0.7838779026750342 -0.29810662557176215 -0.29810662557176215
v -0.7824731247516907 -0.2988554549210826 -0.2988554549210827
v -0.7810648294619404 -0.29960133468771605 -0.2996013346877161
v -0.7796530307050897 -0.30034425751012994 -0.30034425751013
v -0.7782377424150222 -0.3010842160559761 -0.3010842160559761
v -0.7768189785600618 -0.3018212030221624 -0.3018212030221625
v -0.7753967531428352 -0.30255521113492506 -0.30255521113492506
v -0.7739710802001327 -0.3032862331499004 -0.3032862331499004
v -0.7725419738027713 -0.30401426185219593 -0.304014261852196
v -0.7711094480554537 -0.30473929005646266 -0.3047392900564627
v -0.7696735170966309 -0.3054613106069647 -0.30546131060696474
v -0.7682341950983614 -0.3061803163776508 -0.30618031637765086
v -0.7667914962661728 -0.30689630027222425 -0.3068963002722243
v -0.7653454348389199 -0.30760925522421295 -0.307609255224213
v -0.7638960250886451 -0.3083191741970396 -0.30831917419703964
v -0.7624432813204376 -0.30902605018409035 -0.30902605018409035
v -0.7609872178722916 -0.3097298762087847 -0.3097298762087848
v -0.759527849114966 -0.3104306453246439 -0.31043064532464393
v -0.7580651894518408 -0.3111283506153596 -0.31112835061535965
v -0.7565992533187768 -0.3118229851948623 -0.31182298519486235
v -0.7551300551839712 -0.3125145422073892 -0.3125145422073893
v -0.7536576095478171 -0.31320301482755175 -0.3132030148275518
v -0.7521819309427584 -0.31388839626040305 -0.31388839626040305
v -0.7507030339331466 -0.31457067974150527 -0.3145706797415053
v -0.749220933115099 -0.31524985853699566 -0.3152498585369957
v -0.7477356431163513 -0.3159259259436538 -0.3159259259436539
v -0.7462471785961171 -0.31659887528896735 -0.3165988752889674
v -0.7447555542449396 -0.317268699931198 -0.31726869993119805
v -0.7432607847845494 -0.3179353932594468 -0.31793539325944686
v -0.7417628849677174 -0.31859894869371996 -0.31859894869372
v -0.7402618695781102 -0.31925935968499297 -0.319259359684993
v -0.7387577534301438 -0.31991661971527613 -0.31991661971527613
v -0.7372505513688369 -0.3205707222976783 -0.32057072229767836
v -0.7357402782696658 -0.321221660976471 -0.32122166097647104
v -0.7342269490384159 -0.3218694293271524 -0.32186942932715246
v -0.7327105786110362 -0.3225140209565101 -0.32251402095651016
v -0.7311911819534902 -0.32315542950268533 -0.3231554295026854
v -0.7296687740616099 -0.32379364863523435 -0.3237936486352344
v -0.7281433699609463 -0.32442867205519216 -0.32442867205519216
v -0.7266149847066221 -0.325060493495134 -0.32506049349513405
v -0.7250836333831829 -0.3256891067192372 -0.32568910671923723
v -0.7235493311044475 -0.3263145055233431 -0.3263145055233432
v -0.7220120930133607 -0.326936683735018 -0.32693668373501805
v -0.7204719342818413 -0.32755563521361414 -0.3275556352136142
v -0.7189288701106346 -0.32817135385033025 -0.3281713538503303
v -0.7173829157291605 -0.32878383356827207 -0.3287838335682721
v -0.7158340863953652 -0.3293930683225118 -0.32939306832251186
v -0.7142823973955686 -0.3299990521001486 -0.3299990521001487
v -0.7127278640443147 -0.3306017789203673 -0.33060177892036735
v -0.71117050168422 -0.3312012428344973 -0.33120124283449737
v -0.7096103256858224 -0.33179743792607197 -0.331797437926072
v -0.7080473514474295 -0.33239035831088626 -0.3323903583108863
v -0.7064815943949652 -0.3329799981370555 -0.33297999813705553
v -0.7049130699818202 -0.3335663515850725 -0.33356635158507253
v -0.7033417936886968 -0.33414941286786565 -0.3341494128678657
v -0.7017677810234579 -0.33472917623085524 -0.3347291762308553
v -0.7001910475209732 -0.3353056359520111 -0.3353056359520112
v -0.6986116087429652 -0.3358787863419086 -0.33587878634190865
v -0.6970294802778576 -0.33644862174378454 -0.3364486217437846
v -0.6954446777406194 -0.3370151365335937 -0.3370151365335938
v -0.6938572167726118 -0.3375783251200638 -0.33757832512006386
v -0.6922671130414336 -0.33813818194475087 -0.3381381819447509
v -0.690674382240767 -0.338694701482094 -0.3386947014820941
v -0.6890790400902218 -0.33924787823947006 -0.3392478782394701
v -0.6874811023351808 -0.33979770675724785 -0.3397977067572479
v -0.6858805847466447 -0.34034418160884183 -0.3403441816088419
v -0.6842775031210757 -0.3408872974007659 -0.34088729740076595
v -0.6826718732802428 -0.34142704877268626 -0.3414270487726863
v -0.6810637110710638 -0.34196343039747507 -0.3419634303974751
v -0.6794530323654507 -0.3424964369812619 -0.342496436981262
v -0.6778398530601519 -0.34302606326348734 -0.34302606326348734
v -0.6762241890765961 -0.34355230401695336 -0.3435523040169534
v -0.6746060563607346 -0.34407515404787653 -0.3440751540478766
v -0.6729854708828834 -0.344594608195938 -0.34459460819593807
v -0.6713624486375678 -0.34511066133433504 -0.3451106613343351
v -0.6697370056433614 -0.34562330836983157 -0.3456233083698316
v -0.6681091579427307 -0.34613254424280815 -0.3461325442428082
v -0.6664789216018753 -0.3466383639273125 -0.34663836392731256
v -0.6648463127105697 -0.3471407624311085 -0.34714076243110853
v -0.6632113473820045 -0.34763973479572563 -0.3476397347957257
v -0.6615740417526275 -0.34813527609650813 -0.3481352760965082
v -0.6599344119819843 -0.3486273814426635 -0.34862738144266353
v -0.6582924742525584 -0.3491160459773106 -0.34911604597731066
v -0.6566482447696129 -0.34960126487752774 -0.3496012648775278
v -0.6550017397610285 -0.35008303335440033 -0.3500830333544004
v -0.6533529754771453 -0.35056134665306793 -0.350561346653068
v -0.6517019681906009 -0.35103620005277136 -0.3510362000527714
v -0.6500487341961708 -0.35150758886689937 -0.3515075888668994
v -0.6483932898106071 -0.35197550844303455 -0.3519755084430346
v -0.6467356513724772 -0.3524399541629997 -0.3524399541629998
v -0.6450758352420038 -0.352900921442903 -0.3529009214429031
v -0.6434138578009017 -0.3533584057331836 -0.35335840573318367
v -0.6417497354522175 -0.3538124025186561 -0.35381240251865614
v -0.6400834846201665 -0.3542629073185556 -0.35426290731855564
v -0.6384151217499723 -0.3547099156865816 -0.35470991568658167
v -0.6367446633077024 -0.355153423210942 -0.35515342321094207
v -0.6350721257801076 -0.3555934255143965 -0.35559342551439654
v -0.633397525674458 -0.35602991825429997 -0.3560299182543
v -0.6317208795183802 -0.3564628971226455 -0.35646289712264556
v -0.6300422038596953 -0.35689235784610623 -0.3568923578461063
v -0.6283615152662541 -0.35731829618607835 -0.3573182961860784
v -0.6266788303257748 -0.3577407079387223 -0.35774070793872237
v -0.6249941656456779 -0.3581595889350047 -0.35815958893500477
v -0.6233075378529244 -0.35857493504073923 -0.3585749350407393
v -0.6216189635938489 -0.35898674215662735 -0.3589867421566274
v -0.6199284595339983 -0.35939500621829923 -0.3593950062182993
v -0.6182360423579649 -0.35979972319635345 -0.3597997231963535
v -0.6165417287692228 -0.3602008890963967 -0.36020088909639675
v -0.6148455354899635 -0.3605984999590835 -0.36059849995908355
v -0.6131474792609294 -0.3609925518601552 -0.3609925518601553
v -0.6114475768412504 -0.36138304091047874 -0.3613830409104788
v -0.6097458450082768 -0.3617699632560847 -0.36176996325608474
v -0.608042300557415 -0.36215331507820564 -0.3621533150782057
v -0.6063369603019607 -0.36253309259331407 -0.3625330925933141
v -0.6046298410729342 -0.36290929205315914 -0.3629092920531592
v -0.6029209597189127 -0.363281909744804 -0.36328190974480407
v -0.6012103331058651 -0.3636509419906626 -0.36365094199066267
v -0.5994979781169861 -0.3640163851485355 -0.36401638514853557
v -0.5977839116525275 -0.36437823561164634 -0.3643782356116464
v -0.5960681506296339 -0.3647364898086772 -0.36473648980867723
v -0.5943507119821734 -0.3650911442038037 -0.36509114420380373
v -0.5926316126605723 -0.36544219529673017 -0.3654421952967302
v -0.590910869631647 -0.365789639622724 -0.36578963962272404
v -0.5891884998784361 -0.36613347375265004 -0.3661334737526501
v -0.5874645204000343 -0.36647369429300425 -0.3664736942930043
v -0.5857389482114224 -0.3668102978859472 -0.36681029788594727
v -0.5840118003433019 -0.3671432812093372 -0.36714328120933726
v -0.5822830938419243 -0.3674726409767636 -0.36747264097676363
v -0.5805528457689257 -0.3677983739375781 -0.36779837393757814
v -0.5788210732011552 -0.36812047687692806 -0.3681204768769281
v -0.5770877932305096 -0.3684389466157876 -0.36843894661578763
v -0.5753530229637621 -0.3687537800109887 -0.36875378001098874
v -0.5736167795223948 -0.3690649739552532 -0.36906497395525323
v -0.5718790800424297 -0.3693725253772222 -0.36937252537722226
v -0.570139941674259 -0.3696764312414875 -0.3696764312414876
v -0.5683993815824764 -0.3699766885486208 -0.36997668854862087
v -0.5666574169457071 -0.3702732943352038 -0.37027329433520384
v -0.5649140649564393 -0.3705662456738571 -0.37056624567385715
v -0.5631693428208526 -0.37085553967326923 -0.3708555396732693
v -0.5614232677586508 -0.3711411734782252 -0.37114117347822523
v -0.5596758570028896 -0.3714231442696347 -0.3714231442696348
v -0.5579271277998072 -0.3717014492645599 -0.37170144926455995
v -0.5561770974086557 -0.3719760857162427 -0.3719760857162428
v -0.5544257831015278 -0.3722470509141324 -0.37224705091413246
v -0.5526732021631893 -0.3725143421839118 -0.37251434218391183
v -0.5509193718909058 -0.37277795688752396 -0.372777956887524
v -0.5491643095942749 -0.3730378924231981 -0.3730378924231982
v -0.5474080325950523 -0.3732941462254755 -0.3732941462254756
v -0.5456505582269829 -0.37354671576523474 -0.3735467157652348
v -0.5438919038356297 -0.3737955985497162 -0.3737955985497163
v -0.542132086778201 -0.37404079212254737 -0.3740407921225474
v -0.5403711244233812 -0.3742822940637667 -0.37428229406376673
v -0.5386090341511574 -0.3745201019898474 -0.3745201019898475
v -0.5368458333526493 -0.37475421355372146 -0.3747542135537215
v -0.5350815394299371 -0.37498462644480207 -0.3749846264448021
v -0.5333161697958895 -0.3752113383890071 -0.37521133838900717
v -0.5315497418739921 -0.37543434714878127 -0.3754343471487813
v -0.5297822730981749 -0.37565365052311794 -0.375653650523118
v -0.528013780912642 -0.3758692463475815 -0.37586924634758156
v -0.5262442827716964 -0.3760811324943281 -0.3760811324943282
v -0.5244737961395712 -0.3762893068721272 -0.37628930687212725
v -0.522702338490254 -0.3764937674263816 -0.37649376742638163
v -0.5209299273073172 -0.37669451213914806 -0.3766945121391481
v -0.5191565800837432 -0.37689153902915756 -0.3768915390291576
v -0.5173823143217535 -0.3770848461518341 -0.37708484615183413
v -0.5156071475326347 -0.3772744315993143 -0.37727443159931434
v -0.5138310972365661 -0.3774602935004665 -0.37746029350046656
v -0.5120541809624475 -0.3776424300209088 -0.37764243002090886
v -0.5102764162477249 -0.37782083936302724 -0.3778208393630273
v -0.5084978206382186 -0.3779955197659936 -0.37799551976599366
v -0.5067184116879487 -0.37816646950578275 -0.3781664695057828
v -0.5049382069589639 -0.37833368689519 -0.37833368689519004
v -0.5031572240211657 -0.3784971702838469 -0.37849717028384694
v -0.5013754804521365 -0.37865691805823876 -0.3786569180582388
v -0.49959299383696665 -0.3788129286417193 -0.37881292864171934
v -0.49780978176807866 -0.37896520049452703 -0.37896520049452714
v -0.4960258618450565 -0.37911373211380045 -0.3791137321138005
v -0.49424125167446886 -0.3792585220335922 -0.3792585220335923
v -0.49245596886969834 -0.37939956882488446 -0.3793995688248845
v -0.4906700310507649 -0.37953687109560214 -0.3795368710956022
v -0.48888345584415427 -0.37967042749062735 -0.3796704274906274
v -0.48709626088264224 -0.37980023669181234 -0.3798002366918124
v -0.4853084638051215 -0.37992629741799283 -0.3799262974179929
v -0.4835200822564276 -0.38004860842500016 -0.3800486084250002
v -0.4817311338871641 -0.3801671685056742 -0.38016716850567434
v -0.4799416363535297 -0.38028197648987483 -0.3802819764898749
v -0.4781516073171421 -0.3803930312444936 -0.38039303124449364
v -0.4763610644448658 -0.38050033167346475 -0.3805003316734648
v -0.47457002540863535 -0.3806038767177765 -0.38060387671777657
v -0.47277850788528364 -0.380703665355481 -0.38070366535548106
v -0.4709865295563651 -0.3807996966017048 -0.3807996966017049
v -0.46919410810798207 -0.3808919695086582 -0.3808919695086583
v -0.4674012612306111 -0.3809804831656449 -0.380980483165645
v -0.46560800661892676 -0.3810652366990707 -0.3810652366990708
v -0.4638143619716284 -0.3811462292724526 -0.3811462292724527
v -0.4620203449912641 -0.3812234600864266 -0.38122346008642666
v -0.4602259733840578 -0.38129692837875556 -0.3812969283787556
v -0.4584312648597321 -0.38136663342433724 -0.3813666334243373
v -0.4566362371313363 -0.38143257453521107 -0.3814325745352111
v -0.45484090791506915 -0.38149475106056463 -0.3814947510605647
v -0.45304529493010487 -0.38155316238674103 -0.3815531623867411
v -0.4512494158984192 -0.3816078079372438 -0.38160780793724386
v -0.44945328854461275 -0.3816586871727436 -0.38165868717274365
v -0.4476569305957377 -0.3817057995910828 -0.38170579959108286
v -0.4458603597811215 -0.381749144727281 -0.38174914472728105
v -0.44406359383219307 -0.38178872215353904 -0.3817887221535391
v -0.44226665048230684 -0.38182453147924383 -0.3818245314792439
v -0.4404695474665681 -0.3818565723509716 -0.38185657235097165
v -0.4386723025216583 -0.3818848444524921 -0.38188484445249216
v -0.4368749333856591 -0.38190934750477096 -0.381909347504771
v -0.43507745779787876 -0.38193008126597294 -0.381930081265973
v -0.43327989349867513 -0.3819470455314643 -0.3819470455314644
v -0.43148225822928266 -0.3819602401338146 -0.38196024013381463
v -0.42968456973163516 -0.38196966494279827 -0.3819696649427983
v -0.427886845748193 -0.3819753198653964 -0.38197531986539646
v -0.4260891040217657 -0.38197720484579706 -0.3819772048457971
v -0.4242913622953384 -0.3819753198653964 -0.38197531986539646
v -0.42249363831189624 -0.38196966494279827 -0.3819696649427983
v -0.42069594981424874 -0.3819602401338146 -0.38196024013381463
v -0.41889831454485627 -0.3819470455314643 -0.3819470455314644
v -0.41710075024565263 -0.38193008126597294 -0.381930081265973
v -0.4153032746578723 -0.38190934750477096 -0.381909347504771
v -0.4135059055218731 -0.3818848444524921 -0.38188484445249216
v -0.4117086605769633 -0.3818565723509716 -0.38185657235097165
v -0.40991155756122444 -0.38182453147924383 -0.3818245314792439
v -0.40811461421133827 -0.38178872215353904 -0.3817887221535391
v -0.4063178482624099 -0.381749144727281 -0.38174914472728105
v -0.40452127744779365 -0.3817057995910828 -0.38170579959108286
v -0.4027249194989187 -0.3816586871727436 -0.38165868717274365
v -0.4009287921451121 -0.3816078079372438 -0.38160780793724386
v -0.39913291311342647 -0.38155316238674103 -0.3815531623867411
v -0.39733730012846225 -0.38149475106056463 -0.3814947510605647
v -0.395541970912195 -0.38143257453521107 -0.3814325745352111
v -0.3937469431837993 -0.38136663342433724 -0.3813666334243373
v -0.39195223465947365 -0.38129692837875556 -0.3812969283787556
v -0.3901578630522673 -0.3812234600864266 -0.38122346008642666
v -0.388363846071903 -0.3811462292724526 -0.3811462292724527
v -0.38657020142460463 -0.3810652366990707 -0.3810652366990708
v -0.3847769468129202 -0.3809804831656449 -0.380980483165645
v -0.38298409993554927 -0.3808919695086582 -0.3808919695086583
v -0.3811916784871663 -0.3807996966017048 -0.3807996966017049
v -0.37939970015824775 -0.380703665355481 -0.38070366535548106
v -0.37760818263489604 -0.3806038767177765 -0.38060387671777657
v -0.37581714359866564 -0.38050033167346475 -0.3805003316734648
v -0.37402660072638916 -0.3803930312444935 -0.3803930312444936
v -0.3722365716900016 -0.38028197648987483 -0.3802819764898749
v -0.37044707415636724 -0.3801671685056742 -0.38016716850567434
v -0.3686581257871038 -0.38004860842500016 -0.3800486084250002
v -0.36686974423840996 -0.37992629741799283 -0.3799262974179929
v -0.3650819471608891 -0.37980023669181234 -0.3798002366918124
v -0.3632947521993771 -0.37967042749062735 -0.3796704274906274
v -0.3615081769927665 -0.37953687109560214 -0.3795368710956022
v -0.35972223917383306 -0.37939956882488435 -0.37939956882488446
v -0.35793695636906253 -0.3792585220335922 -0.3792585220335923
v -0.3561523461984749 -0.37911373211380045 -0.3791137321138005
v -0.3543684262754527 -0.37896520049452703 -0.37896520049452714
v -0.35258521420656475 -0.37881292864171917 -0.3788129286417193
v -0.3508027275913948 -0.37865691805823876 -0.3786569180582388
v -0.34902098402236564 -0.3784971702838469 -0.37849717028384694
v -0.3472400010845675 -0.3783336868951899 -0.37833368689519
v -0.34545979635558266 -0.37816646950578275 -0.3781664695057828
v -0.3436803874053128 -0.37799551976599355 -0.3779955197659936
v -0.3419017917958065 -0.37782083936302724 -0.3778208393630273
v -0.34012402708108386 -0.3776424300209088 -0.37764243002090886
v -0.33834711080696533 -0.3774602935004665 -0.37746029350046656
v -0.3365710605108967 -0.3772744315993143 -0.37727443159931434
v -0.3347958937217779 -0.37708484615183396 -0.377084846151834
v -0.3330216279597882 -0.37689153902915756 -0.3768915390291576
v -0.33124828073621415 -0.37669451213914806 -0.3766945121391481
v -0.32947586955327735 -0.3764937674263815 -0.3764937674263816
v -0.32770441190396016 -0.3762893068721272 -0.37628930687212725
v -0.3259339252718349 -0.3760811324943281 -0.3760811324943282
v -0.3241644271308894 -0.37586924634758145 -0.3758692463475815
v -0.3223959349453564 -0.37565365052311794 -0.375653650523118
v -0.32062846616953933 -0.37543434714878116 -0.37543434714878127
v -0.31886203824764187 -0.3752113383890071 -0.37521133838900717
v -0.3170966686135943 -0.37498462644480207 -0.3749846264448021
v -0.31533237469088193 -0.37475421355372146 -0.3747542135537215
v -0.31356917389237404 -0.3745201019898474 -0.3745201019898475
v -0.3118070836201502 -0.3742822940637667 -0.37428229406376673
v -0.3100461212653304 -0.37404079212254737 -0.3740407921225474
v -0.30828630420790165 -0.3737955985497161 -0.37379559854971617
v -0.30652764981654845 -0.3735467157652347 -0.37354671576523474
v -0.30477017544847906 -0.3732941462254755 -0.3732941462254756
v -0.3030138984492565 -0.37303789242319807 -0.3730378924231981
v -0.30125883615262555 -0.37277795688752385 -0.3727779568875239
v -0.2995050058803421 -0.3725143421839117 -0.3725143421839118
v -0.2977524249420036 -0.3722470509141324 -0.37224705091413246
v -0.29600111063487566 -0.3719760857162427 -0.3719760857162428
v -0.29425108024372415 -0.3717014492645599 -0.37170144926455995
v -0.2925023510406418 -0.37142314426963463 -0.3714231442696347
v -0.2907549402848806 -0.3711411734782252 -0.37114117347822523
v -0.28900886522267877 -0.37085553967326923 -0.3708555396732693
v -0.2872641430870921 -0.370566245673857 -0.37056624567385704
v -0.28552079109782424 -0.3702732943352038 -0.37027329433520384
v -0.2837788264610549 -0.36997668854862076 -0.3699766885486208
v -0.28203826636927243 -0.3696764312414874 -0.36967643124148747
v -0.2802991280011017 -0.3693725253772221 -0.36937252537722215
v -0.27856142852113663 -0.3690649739552532 -0.36906497395525323
v -0.2768251850797693 -0.3687537800109887 -0.36875378001098874
v -0.27509041481302177 -0.3684389466157875 -0.3684389466157876
v -0.27335713484237617 -0.36812047687692806 -0.3681204768769281
v -0.27162536227460565 -0.3677983739375781 -0.36779837393757814
v -0.26989511420160694 -0.3674726409767635 -0.3674726409767636
v -0.2681664077002295 -0.3671432812093372 -0.36714328120933726
v -0.266439259832109 -0.3668102978859471 -0.36681029788594716
v -0.2647136876434971 -0.36647369429300414 -0.3664736942930042
v -0.26298970816509526 -0.36613347375265004 -0.3661334737526501
v -0.2612673384118844 -0.365789639622724 -0.36578963962272404
v -0.2595465953829591 -0.36544219529673017 -0.3654421952967302
v -0.2578274960613581 -0.3650911442038037 -0.36509114420380373
v -0.2561100574138975 -0.3647364898086772 -0.36473648980867723
v -0.25439429639100375 -0.36437823561164634 -0.3643782356116464
v -0.25268022992654515 -0.3640163851485354 -0.36401638514853546
v -0.25096787493766615 -0.3636509419906625 -0.36365094199066256
v -0.24925724832461868 -0.36328190974480395 -0.363281909744804
v -0.24754836697059723 -0.36290929205315914 -0.3629092920531592
v -0.24584124774157065 -0.36253309259331407 -0.3625330925933141
v -0.24413590748611635 -0.36215331507820564 -0.3621533150782057
v -0.24243236303525462 -0.3617699632560847 -0.36176996325608474
v -0.24073063120228091 -0.3613830409104787 -0.36138304091047874
v -0.239030728782602 -0.3609925518601552 -0.3609925518601553
v -0.23733267255356788 -0.3605984999590835 -0.36059849995908355
v -0.23563647927430859 -0.36020088909639664 -0.3602008890963967
v -0.23394216568556642 -0.35979972319635334 -0.3597997231963534
v -0.23224974850953303 -0.3593950062182992 -0.35939500621829923
v -0.23055924444968245 -0.35898674215662735 -0.3589867421566274
v -0.22887067019060697 -0.3585749350407391 -0.3585749350407392
v -0.2271840423978534 -0.3581595889350047 -0.35815958893500477
v -0.22549937771775658 -0.35774070793872226 -0.3577407079387223
v -0.22381669277727725 -0.35731829618607835 -0.3573182961860784
v -0.222136004183836 -0.35689235784610623 -0.3568923578461063
v -0.2204573285251512 -0.3564628971226455 -0.35646289712264556
v -0.2187806823690734 -0.35602991825429997 -0.3560299182543
v -0.21710608226342373 -0.35559342551439643 -0.3555934255143965
v -0.21543354473582893 -0.35515342321094195 -0.355153423210942
v -0.21376308629355906 -0.3547099156865816 -0.35470991568658167
v -0.21209472342336483 -0.3542629073185556 -0.35426290731855564
v -0.21042847259131392 -0.3538124025186561 -0.35381240251865614
v -0.20876435024262968 -0.3533584057331836 -0.35335840573318367
v -0.2071023728015275 -0.35290092144290297 -0.352900921442903
v -0.20544255667105413 -0.35243995416299967 -0.3524399541629997
v -0.2037849182329243 -0.3519755084430345 -0.35197550844303455
v -0.2021294738473606 -0.3515075888668993 -0.35150758886689937
v -0.20047623985293053 -0.35103620005277136 -0.3510362000527714
v -0.198825232566386 -0.3505613466530679 -0.35056134665306793
v -0.19717646828250285 -0.3500830333544003 -0.35008303335440033
v -0.19552996327391842 -0.34960126487752774 -0.3496012648775278
v -0.1953563230660402 -0.3495516847235763 -0.34955083361050665
v -0.19522075547558781 -0.34951306303128793 -0.34951129283595717
v -0.19511655193347224 -0.3494834200519483 -0.34948069363419354
v -0.1950370038706045 -0.3494607760368432 -0.34945708708553014
v -0.19497540271789554 -0.3494431512372582 -0.34943852427028127
v -0.19492503990625637 -0.3494285659044791 -0.34942305626876125
v -0.194879206866598 -0.3494150402897915 -0.34940873416128443
v -0.19483119502983134 -0.3494005946444811 -0.349393609028165
v -0.19477429582686748 -0.3493832492198336 -0.34937573194971744
v -0.1947018006886173 -0.3493610242671347 -0.349353154006256
v -0.19460700104599188 -0.34933194003767004 -0.34932392627809494
v -0.19448318832990213 -0.34929401678272537 -0.3492860998455486
v -0.19432365397125909 -0.3492452747535863 -0.3492377257889313
v -0.1941216894009737 -0.34918373420153864 -0.3491768551885574
v -0.19387058604995702 -0.34910741537786794 -0.3491015391247412
v -0.19356363534911997 -0.34901433853385994 -0.34900982867779695
v -0.19319412872937355 -0.34890252392080034 -0.348899774928039
v -0.19275535762162876 -0.3487699917899748 -0.34876942895578167
v -0.19224061345679658 -0.34861476239266903 -0.3486168418413393
v -0.191643187665788 -0.3484348559801687 -0.34844006466502614
v -0.19095637167951401 -0.34822829280375955 -0.3482371485071566
v -0.1901734569288856 -0.3479930931147272 -0.34800614444804484
v -0.1892877348448137 -0.34772727716435736 -0.34774510356800536
v -0.1882924968582094 -0.3474288652039357 -0.3474520769473523
v -0.1871810343999836 -0.3470958774847479 -0.34712511566640014
v -0.18594663890104732 -0.3467263342580797 -0.34676227080546307
v -0.18458260179231153 -0.34631825577521674 -0.34636159344485545
v -0.18308221450468726 -0.34586966228744476 -0.3459211346648916
v -0.18143947370690208 -0.345378191953126 -0.34543850685121974
v -0.17965119701895021 -0.3448399545589296 -0.3449095676108237
v -0.1777149072986424 -0.3442506777986009 -0.34432973585602134
v -0.17562812740378947 -0.3436060893658857 -0.3436944304991304
v -0.17338838019220215 -0.3429019169545296 -0.34299907045246864
v -0.17099318852169137 -0.3421338882582781 -0.34223907462835385
v -0.16844007525006785 -0.34129773097087696 -0.34140986193910383
v -0.1657265632351424 -0.3403891727860717 -0.3405068512970364
v -0.16285017533472584 -0.33940394139760793 -0.3395254616144692
v -0.1598084344066289 -0.33833776449923125 -0.3384611118037202
v -0.15659886330866246 -0.3371863697846873 -0.33730922077710707
v -0.1532189848986373 -0.3359454849477217 -0.33606520744694757
v -0.14966632203436422 -0.33461083768208005 -0.33472449072555954
v -0.145938397573654 -0.33317815568150794 -0.3332824895252608
v -0.14203273437431738 -0.3316431666397509 -0.33173462275836896
v -0.13794685529416528 -0.3300015982505547 -0.330076309337202
v -0.1336782831910085 -0.32824917820766486 -0.3283029681740776
v -0.12922454092265773 -0.326381634204827 -0.3264100181813136
v -0.12458315134692385 -0.3243946939357868 -0.3243928782712277
v -0.11975163732161756 -0.3222840850942897 -0.32224696735613767
v -0.1147275217045498 -0.3200455353740815 -0.3199677043483614
v -0.10950832735353132 -0.31767477246890763 -0.3175505081602167
v -0.1040915771263729 -0.31516752407251386 -0.31499079770402116
v -0.09847479388088534 -0.3125195178786457 -0.3122839918920927
v -0.09265550047487944 -0.3097264815810488 -0.3094255096367491
v -0.08663121976616589 -0.3067841428734687 -0.306410769850308
v -0.08039947461255573 -0.3036882294496511 -0.30323519144508737
v -0.07395778787185962 -0.30043446900334164 -0.29989419333340495
v -0.06730863596439332 -0.29701876403721156 -0.29638499253749495
v -0.060474309560492635 -0.29343771628963505 -0.29271199851925783
v -0.0534820528929981 -0.289688102307912 -0.28888141885051033
v -0.0463591101947507 -0.2857666986393424 -0.28489946110306946
v -0.039132725698591025 -0.28167028183122617 -0.280772332848752
v -0.03183014363735979 -0.2773956284308632 -0.27650624165937493
v -0.024478608243897693 -0.2729395149855534 -0.272107395106755
v -0.017105363751045474 -0.26829871804259664 -0.26758200076270916
v -0.009737654391643702 -0.2634700141492928 -0.26293626619905414
v -0.002402724398533354 -0.25845017985294194 -0.258176398987607
v 0.004872181995444966 -0.2532359917008439 -0.25330860670018457
v 0.01205982055745057 -0.24782422624029857 -0.24833909690860367
v 0.019132947054642704 -0.2422116600186059 -0.2432740771846812
v 0.026064317254180847 -0.23639506958306566 -0.2381197551002339
v 0.03282668692322396 -0.230371231480978 -0.23288233822707888
v 0.03939281182893148 -0.22413692225964268 -0.2275680341370329
v 0.045735447738462706 -0.21768891846635968 -0.2221830504019128
v 0.05182735041897692 -0.21102399664842889 -0.2167335945935355
v 0.05764127563763345 -0.20413893335315006 -0.21122587428371775
v 0.06314997916159147 -0.1970305051278234 -0.20566609704427663
v 0.0683262167580103 -0.18969548851974868 -0.2000604704470289
v 0.07314274419404924 -0.1821306600762258 -0.19441520206379143
v 0.07757231723686762 -0.1743327963445547 -0.1887364994663811
v 0.08158769165362474 -0.16629867387203517 -0.18303057022661468
v 0.08516162321147976 -0.15802506920596732 -0.17730362191630925
v 0.088266867677592 -0.149508758893651 -0.17156186210728155
v 0.09087618081912084 -0.1407465194823861 -0.1658114983713485
v 0.09296231840322546 -0.1317351275194725 -0.16005873828032693
v 0.09450585537941256 -0.12247878622092603 -0.15430873204100362
v 0.09551864342657826 -0.11301140547762531 -0.1485624004000444
v 0.09602035340596601 -0.10337432184916548 -0.14281960673908534
v 0.09603065617881931 -0.0936088718951411 -0.1370802144397622
v 0.09556922260638162 -0.08375639217514691 -0.13134408688371085
v 0.09465572354989643 -0.07385821924877767 -0.1256110874525671
v 0.09330982987060718 -0.0639556896756279 -0.11988107952796677
v 0.09155121242975739 -0.05409014001529272 -0.11415392649154586
v 0.08939954208859054 -0.04430290682736668 -0.10842949172494015
v 0.08687448970835009 -0.03463532667144452 -0.10270763860978546
v 0.0839957261502795 -0.025128736107120977 -0.09698823052771767
v 0.0807829222756223 -0.015824471693990788 -0.09127113086037261
v 0.07725574894562183 -0.006763869991648519 -0.08555620298938604
v 0.07343387702152175 0.0020117324403107206 -0.07984331029639403
v 0.06933697736456546 0.010460999042292446 -0.07413231616303233
v 0.0649847208359964 0.01854259325470184 -0.06842308397093677
v 0.060396778297058126 0.026215178517944193 -0.0627154771017432
v 0.055592820608993954 0.03343741827242494 -0.057009358937087404
v 0.05059251863304756 0.040167975958548985 -0.051304592858605405
v 0.045415543230462325 0.04636551501672179 -0.045601042247932974
v 0.040081565262481765 0.05198869888734861 -0.03989857048670595
v 0.03461025559034931 0.056996191010834696 -0.034197040956560176
v 0.02902128507530835 0.06134665482758542 -0.02849631703913144
v 0.023334324578602586 0.06499875377800585 -0.022796262116055732
v 0.01756904496147535 0.06791115130250133 -0.0170967395689689
v 0.011745117085170162 0.07004251084147714 -0.01139761277950671
v 0.005882211810930488 0.07135149583533856 -0.005698745129305044
v -3.3306690738754696e-16 0.07179676972449078 3.608224830031759e-16
v -0.005881857219573776 0.07135077570594082 0.005698758296930472
v -0.01174373765252209 0.07004107600310215 0.011397661730634771
v -0.017566028836772718 0.06790901259599 0.017096841340419687
v -0.023329118310253045 0.06499592746461956 0.02279642816559163
v -0.029013393610890455 0.06134316258900606 0.02849655324545703
v -0.034599242276612534 0.05699205994916451 0.03419734761932253
v -0.040067051845346265 0.05198396152511044 0.039898942326494095
v -0.04539720985501923 0.04636020929685891 0.04560146840627838
v -0.05057010384355883 0.04016214524442513 0.05130505689798181
v -0.05556612134889244 0.03343111134782429 0.057009838840910786
v -0.06036564990894762 0.02620844958707131 0.06271594527437194
v -0.06494907706165141 0.01853550194218194 0.0684235072376713
v -0.06929679034493136 0.01045361039317113 0.07413265577011546
v -0.07338917729671486 0.002004116920054075 0.07984352191101088
v -0.07720662545492932 -0.00677163649715401 0.08555623669966395
v -0.0807295223575021 -0.015832307878437937 0.0912709311753811
v -0.08393825554236059 -0.0251365552437825 0.09698773637746874
v -0.08681321254743218 -0.0346430366131725 0.10270678334523331
v -0.08933478091064426 -0.04431041000659272 0.10842820311798122
v -0.0914833481699242 -0.05409733344402795 0.11415212673501889
v -0.09323930186319941 -0.06396246494546301 0.11987868523565275
v -0.09458302952839726 -0.07386446253088269 0.1256080096591892
v -0.09549491870344513 -0.08376198422027181 0.1313402310449347
v -0.09595535692627043 -0.09361368803361514 0.1370754804321956
v -0.09594473173480052 -0.10337823199089743 0.14281388886027838
v -0.09544343066696281 -0.11301427411210357 0.14855558736848945
v -0.09443184126068462 -0.12248047241721863 0.15430070699613543
v -0.09289035105389341 -0.13173548492622672 0.16004937878252234
v -0.09080714628275073 -0.14074539958852267 0.16580067951545752
v -0.08820160797635497 -0.14950602407113964 0.1715494689767511
v -0.08510091586203866 -0.15802059597052037 0.1772895526967139
v -0.08153224966713436 -0.16629235288310767 0.18301473620565678
v -0.07752278911897448 -0.17432453240534465 0.1887188250338908
v -0.07309971394489184 -0.1821203721336735 0.1943956247117264
v -0.0682902038722189 -0.18968310966453727 0.2000389407694746
v -0.0631214386282882 -0.1970159825943788 0.20564257873744624
v -0.057620597940432276 -0.20412222851964085 0.21120034414595218
v -0.0518148615359837 -0.21100508503676624 0.2167060425253033
v -0.04573140914227502 -0.21766778974219775 0.22215347940581037
v -0.039397420486638794 -0.22411358023237815 0.2275364603177843
v -0.032840075296407596 -0.23034569410375028 0.23284879079153592
v -0.02608655329891396 -0.23636736895275695 0.23808427635737606
v -0.019164034221490434 -0.24218184237584084 0.24323672254561557
v -0.01209969779146959 -0.24779235196944485 0.2482999348865653
v -0.004920723736183991 -0.25320213533001174 0.25326771891053607
v 0.0023457082170338095 -0.25841443005398435 0.2581338801478388
v 0.009672418340851294 -0.2634324737378053 0.2628922241287842
v 0.017032226907936127 -0.26825950397791776 0.2675365563836834
v 0.02439795419095525 -0.27289875837076405 0.27206068244284687
v 0.031742420462576346 -0.27735347451278725 0.2764584078365856
v 0.03903844599546688 -0.28162689000043006 0.28072353809521045
v 0.0462588510622943 -0.2857222424301352 0.28484987874903234
v 0.053376455935726014 -0.2896427693983457 0.28883123532836197
v 0.06036408088842976 -0.2933917085015043 0.2926614133635104
v 0.06719454619307247 -0.29697229733605357 0.29633421838478824
v 0.07384067212232182 -0.3003877734984364 0.29984345592250644
v 0.0802802138399113 -0.3036415447436442 0.3031847251141776
v 0.08651066607383817 -0.30673769946086255 0.30636079952612144
v 0.09253445844316585 -0.30968049619782567 0.30937624633185945
v 0.09835402056695766 -0.31247419350226774 0.3122356327049132
v 0.10397178206427697 -0.31512304992192297 0.3149435258188042
v 0.10939017255418712 -0.31763132400452543 0.31750449284705384
v 0.11461162165575144 -0.32000327429780945 0.31992310096318377
v 0.1196385589880333 -0.32224315934950915 0.3222039173407154
v 0.12447341417009604 -0.3243552377073587 0.32435150915317024
v 0.129118616821003 -0.3263437679190923 0.32637044357406986
v 0.13357659655981757 -0.3282130085324441 0.32826528777693564
v 0.13784978300560302 -0.32996721809514834 0.3300406089352892
v 0.1419406057774228 -0.3316106551549392 0.331700974222652
v 0.1458514944943403 -0.3331475782595509 0.33325095081254563
v 0.14958487877541862 -0.3345822459567175 0.33469510587849144
v 0.15314318823972126 -0.33591891679417324 0.336038006594011
v 0.15652885250631157 -0.3371618493196523 0.3372842201326258
v 0.1597443011942529 -0.33831530208088895 0.33843831366785737
v 0.1627919639226087 -0.3393835336256173 0.3395048543732273
v 0.16567427031044207 -0.3403708025015715 0.3404884094222569
v 0.1683936499768165 -0.3412813672564857 0.34139354598846783
v 0.17095253254079534 -0.3421194864380943 0.3422248312453815
v 0.17335334762144194 -0.34288941859413125 0.3429868323665195
v 0.17559852483781963 -0.34359542227233086 0.3436841165254032
v 0.1776904938089918 -0.3442417560204273 0.3443212508955543
v 0.17963168415402175 -0.3448326783861547 0.34490280265049417
v 0.1814245254919728 -0.3453724479172473 0.3454333389637443
v 0.1830714474419084 -0.34586532316143925 0.3459174270088263
v 0.18457559590019548 -0.3463151838769039 0.34635919867523207
v 0.185942981872416 -0.34672439466357097 0.346761044716336
v 0.18718033264145553 -0.3470949413318094 0.34712492060148276
v 0.18829437549019962 -0.34742880969198814 0.3474527818000171
v 0.18929183770153382 -0.3477279855544761 0.34774658378128387
v 0.1901794465583438 -0.34799445472964213 0.3480082820146278
v 0.19096392934351497 -0.3482302030278552 0.3482398319693936
v 0.19165201333993304 -0.3484372162594841 0.34844318911492617
v 0.19225042583048355 -0.3486174802348979 0.34862030892057017
v 0.19276589409805203 -0.3487729807644654 0.3487731468556704
v 0.1932051454255241 -0.34890570365855555 0.34890365838957166
v 0.19357490709578534 -0.34901763472753733 0.34901379899161866
v 0.19388190639172131 -0.3491107597817795 0.3491055241311562
v 0.1941328705962176 -0.3491870646316511 0.3491807892775291
v 0.19433452699215972 -0.34924853508752096 0.34924154990008205
v 0.1944936028624333 -0.34929715695975805 0.3492897614681598
v 0.19461682548992393 -0.34933491605873124 0.34932737945110726
v 0.19471092215751715 -0.3493637981948094 0.349356359318269
v 0.19478262014809852 -0.34938578917836155 0.34937865653899003
v 0.19483864674455367 -0.3494028748197565 0.3493962265826149
v 0.19488572922976813 -0.34941704092936327 0.34941102491848847
v 0.19493059488662748 -0.3494302733175506 0.3494250070159555
v 0.19497997099801728 -0.3494445577946876 0.34944012834436083
v 0.19504058484682316 -0.34946188017114305 0.3494583443730491
v 0.19511916371593063 -0.34948422625728587 0.3494816105713652
v 0.1952224348882253 -0.34951358186348497 0.34951188240865383
v 0.19535712564659274 -0.3495519328001093 0.34955111535425976
v 0.19552996327391853 -0.3496012648775278 0.34960126487752774
v 0.197176468282503 -0.3500830333544004 0.35008303335440033
v 0.19882523256638615 -0.350561346653068 0.35056134665306793
v 0.20047623985293067 -0.3510362000527714 0.35103620005277136
v 0.2021294738473607 -0.3515075888668994 0.35150758886689937
v 0.20378491823292444 -0.3519755084430346 0.35197550844303455
v 0.20544255667105427 -0.3524399541629998 0.3524399541629997
v 0.2071023728015276 -0.3529009214429031 0.352900921442903
v 0.20876435024262982 -0.35335840573318367 0.3533584057331836
v 0.21042847259131403 -0.35381240251865614 0.3538124025186561
v 0.212094723423365 -0.35426290731855564 0.3542629073185556
v 0.21376308629355917 -0.35470991568658167 0.3547099156865816
v 0.21543354473582915 -0.35515342321094207 0.355153423210942
v 0.21710608226342384 -0.35559342551439654 0.3555934255143965
v 0.21878068236907355 -0.3560299182543 0.35602991825429997
v 0.22045732852515135 -0.35646289712264556 0.3564628971226455
v 0.2221360041838361 -0.3568923578461063 0.35689235784610623
v 0.2238166927772774 -0.3573182961860784 0.35731829618607835
v 0.22549937771775672 -0.35774070793872237 0.3577407079387223
v 0.22718404239785356 -0.35815958893500477 0.3581595889350047
v 0.2288706701906071 -0.3585749350407393 0.35857493504073923
v 0.23055924444968257 -0.3589867421566274 0.35898674215662735
v 0.23224974850953317 -0.3593950062182993 0.35939500621829923
v 0.23394216568556658 -0.3597997231963535 0.35979972319635345
v 0.2356364792743087 -0.36020088909639675 0.3602008890963967
v 0.23733267255356802 -0.36059849995908355 0.3605984999590835
v 0.23903072878260212 -0.3609925518601553 0.3609925518601552
v 0.24073063120228105 -0.3613830409104788 0.36138304091047874
v 0.24243236303525478 -0.36176996325608474 0.3617699632560847
v 0.24413590748611652 -0.3621533150782057 0.36215331507820564
v 0.24584124774157082 -0.3625330925933141 0.36253309259331407
v 0.24754836697059737 -0.3629092920531592 0.36290929205315914
v 0.24925724832461882 -0.36328190974480407 0.363281909744804
v 0.2509678749376663 -0.36365094199066267 0.3636509419906626
v 0.2526802299265454 -0.36401638514853557 0.3640163851485355
v 0.25439429639100397 -0.3643782356116464 0.36437823561164634
v 0.2561100574138976 -0.36473648980867723 0.3647364898086772
v 0.2578274960613582 -0.36509114420380373 0.3650911442038037
v 0.2595465953829592 -0.3654421952967302 0.36544219529673017
v 0.2612673384118845 -0.36578963962272404 0.365789639622724
v 0.26298970816509537 -0.3661334737526501 0.36613347375265004
v 0.26471368764349723 -0.3664736942930043 0.36647369429300425
v 0.2664392598321091 -0.36681029788594727 0.3668102978859472
v 0.2681664077002296 -0.36714328120933726 0.3671432812093372
v 0.26989511420160717 -0.36747264097676363 0.3674726409767636
v 0.2716253622746058 -0.36779837393757814 0.3677983739375781
v 0.2733571348423763 -0.3681204768769281 0.36812047687692806
v 0.2750904148130219 -0.36843894661578763 0.3684389466157876
v 0.2768251850797694 -0.36875378001098874 0.3687537800109887
v 0.27856142852113674 -0.36906497395525323 0.3690649739552532
v 0.2802991280011018 -0.36937252537722226 0.3693725253772222
v 0.2820382663692726 -0.3696764312414876 0.3696764312414875
v 0.28377882646105507 -0.36997668854862087 0.3699766885486208
v 0.28552079109782436 -0.37027329433520384 0.3702732943352038
v 0.28726414308709225 -0.37056624567385715 0.3705662456738571
v 0.2890088652226789 -0.3708555396732693 0.37085553967326923
v 0.2907549402848807 -0.37114117347822523 0.3711411734782252
v 0.29250235104064193 -0.3714231442696348 0.3714231442696347
v 0.29425108024372426 -0.37170144926455995 0.3717014492645599
v 0.29600111063487583 -0.3719760857162428 0.3719760857162427
v 0.2977524249420037 -0.37224705091413246 0.3722470509141324
v 0.2995050058803423 -0.37251434218391183 0.3725143421839118
v 0.3012588361526257 -0.372777956887524 0.37277795688752396
v 0.3030138984492567 -0.3730378924231982 0.3730378924231981
v 0.30477017544847923 -0.3732941462254756 0.3732941462254755
v 0.30652764981654856 -0.3735467157652348 0.37354671576523474
v 0.30828630420790176 -0.3737955985497163 0.3737955985497162
v 0.3100461212653305 -0.3740407921225474 0.37404079212254737
v 0.3118070836201503 -0.37428229406376673 0.3742822940637667
v 0.3135691738923742 -0.3745201019898475 0.3745201019898474
v 0.3153323746908821 -0.3747542135537215 0.37475421355372146
v 0.3170966686135945 -0.3749846264448021 0.37498462644480207
v 0.31886203824764203 -0.37521133838900717 0.3752113383890071
v 0.32062846616953944 -0.3754343471487813 0.37543434714878127
v 0.3223959349453565 -0.375653650523118 0.37565365052311794
v 0.32416442713088955 -0.37586924634758156 0.3758692463475815
v 0.325933925271835 -0.3760811324943282 0.3760811324943281
v 0.32770441190396027 -0.37628930687212725 0.3762893068721272
v 0.32947586955327746 -0.37649376742638163 0.3764937674263816
v 0.33124828073621426 -0.3766945121391481 0.37669451213914806
v 0.33302162795978835 -0.3768915390291576 0.37689153902915756
v 0.33479589372177804 -0.37708484615183413 0.3770848461518341
v 0.33657106051089686 -0.37727443159931434 0.3772744315993143
v 0.33834711080696545 -0.37746029350046656 0.3774602935004665
v 0.340124027081084 -0.37764243002090886 0.3776424300209088
v 0.34190179179580665 -0.3778208393630273 0.37782083936302724
v 0.3436803874053129 -0.37799551976599366 0.3779955197659936
v 0.34545979635558277 -0.3781664695057828 0.37816646950578275
v 0.3472400010845676 -0.37833368689519004 0.37833368689519
v 0.3490209840223658 -0.37849717028384694 0.3784971702838469
v 0.3508027275913949 -0.3786569180582388 0.37865691805823876
v 0.35258521420656486 -0.37881292864171934 0.3788129286417193
v 0.35436842627545284 -0.37896520049452714 0.37896520049452703
v 0.356152346198475 -0.3791137321138005 0.37911373211380045
v 0.35793695636906264 -0.3792585220335923 0.3792585220335922
v 0.35972223917383317 -0.3793995688248845 0.37939956882488446
v 0.3615081769927666 -0.3795368710956022 0.37953687109560214
v 0.36329475219937724 -0.3796704274906274 0.37967042749062735
v 0.36508194716088926 -0.3798002366918124 0.37980023669181234
v 0.36686974423841 -0.3799262974179929 0.37992629741799283
v 0.36865812578710394 -0.3800486084250002 0.38004860842500016
v 0.3704470741563674 -0.38016716850567434 0.3801671685056742
v 0.3722365716900018 -0.3802819764898749 0.38028197648987483
v 0.3740266007263894 -0.38039303124449364 0.3803930312444936
v 0.3758171435986657 -0.3805003316734648 0.38050033167346475
v 0.37760818263489615 -0.38060387671777657 0.3806038767177765
v 0.37939970015824787 -0.38070366535548106 0.380703665355481
v 0.3811916784871664 -0.3807996966017049 0.3807996966017048
v 0.38298409993554944 -0.3808919695086583 0.3808919695086582
v 0.3847769468129204 -0.380980483165645 0.3809804831656449
v 0.38657020142460474 -0.3810652366990708 0.3810652366990707
v 0.3883638460719031 -0.3811462292724527 0.3811462292724526
v 0.3901578630522674 -0.38122346008642666 0.3812234600864266
v 0.39195223465947376 -0.3812969283787556 0.38129692837875556
v 0.3937469431837994 -0.3813666334243373 0.38136663342433724
v 0.3955419709121952 -0.3814325745352111 0.38143257453521107
v 0.39733730012846236 -0.3814947510605647 0.38149475106056463
v 0.39913291311342664 -0.3815531623867411 0.38155316238674103
v 0.4009287921451123 -0.38160780793724386 0.3816078079372438
v 0.4027249194989188 -0.38165868717274365 0.3816586871727436
v 0.4045212774477938 -0.38170579959108286 0.3817057995910828
v 0.40631784826241 -0.38174914472728105 0.381749144727281
v 0.40811461421133843 -0.3817887221535391 0.38178872215353904
v 0.40991155756122455 -0.3818245314792439 0.38182453147924383
v 0.4117086605769634 -0.38185657235097165 0.3818565723509716
v 0.4135059055218732 -0.38188484445249216 0.3818848444524921
v 0.4153032746578724 -0.381909347504771 0.38190934750477096
v 0.4171007502456528 -0.381930081265973 0.38193008126597294
v 0.4188983145448564 -0.3819470455314644 0.3819470455314643
v 0.4206959498142489 -0.38196024013381463 0.3819602401338146
v 0.42249363831189635 -0.3819696649427983 0.38196966494279827
v 0.42429136229533854 -0.38197531986539646 0.3819753198653964
v 0.4260891040217658 -0.3819772048457971 0.38197720484579706
v 0.4278868457481931 -0.38197531986539646 0.3819753198653964
v 0.42968456973163527 -0.3819696649427983 0.38196966494279827
v 0.43148225822928277 -0.38196024013381463 0.3819602401338146
v 0.43327989349867524 -0.3819470455314644 0.3819470455314643
v 0.4350774577978789 -0.381930081265973 0.38193008126597294
v 0.4368749333856592 -0.381909347504771 0.38190934750477096
v 0.43867230252165845 -0.38188484445249216 0.3818848444524921
v 0.4404695474665682 -0.38185657235097165 0.3818565723509716
v 0.44226665048230707 -0.3818245314792439 0.38182453147924383
v 0.4440635938321933 -0.3817887221535391 0.38178872215353904
v 0.4458603597811216 -0.38174914472728105 0.381749144727281
v 0.44765693059573786 -0.38170579959108286 0.3817057995910828
v 0.4494532885446128 -0.38165868717274365 0.3816586871727436
v 0.45124941589841927 -0.38160780793724386 0.3816078079372438
v 0.4530452949301049 -0.3815531623867411 0.38155316238674103
v 0.45484090791506926 -0.3814947510605647 0.38149475106056463
v 0.4566362371313365 -0.3814325745352111 0.38143257453521107
v 0.4584312648597322 -0.3813666334243373 0.38136663342433724
v 0.46022597338405785 -0.3812969283787556 0.38129692837875556
v 0.4620203449912642 -0.38122346008642666 0.3812234600864266
v 0.4638143619716285 -0.3811462292724527 0.3811462292724526
v 0.4656080066189269 -0.3810652366990708 0.3810652366990707
v 0.4674012612306113 -0.380980483165645 0.3809804831656449
v 0.4691941081079821 -0.3808919695086583 0.3808919695086582
v 0.4709865295563652 -0.3807996966017049 0.3807996966017048
v 0.47277850788528375 -0.38070366535548106 0.380703665355481
v 0.47457002540863547 -0.38060387671777657 0.3806038767177765
v 0.47636106444486587 -0.3805003316734648 0.38050033167346475
v 0.47815160731714224 -0.3803930312444936 0.3803930312444935
v 0.47994163635352993 -0.3802819764898749 0.38028197648987483
v 0.48173113388716426 -0.38016716850567434 0.3801671685056742
v 0.48352008225642773 -0.3800486084250002 0.38004860842500016
v 0.48530846380512155 -0.3799262974179929 0.37992629741799283
v 0.4870962608826424 -0.3798002366918124 0.37980023669181234
v 0.4888834558441544 -0.3796704274906274 0.37967042749062735
v 0.490670031050765 -0.3795368710956022 0.37953687109560214
v 0.49245596886969845 -0.37939956882488446 0.37939956882488435
v 0.494241251674469 -0.3792585220335923 0.3792585220335922
v 0.4960258618450566 -0.3791137321138005 0.37911373211380045
v 0.49780978176807883 -0.37896520049452714 0.37896520049452703
v 0.49959299383696676 -0.3788129286417193 0.37881292864171917
v 0.5013754804521366 -0.3786569180582388 0.37865691805823876
v 0.5031572240211659 -0.37849717028384694 0.3784971702838469
v 0.5049382069589641 -0.37833368689519 0.3783336868951899
v 0.5067184116879488 -0.3781664695057828 0.37816646950578275
v 0.5084978206382187 -0.3779955197659936 0.37799551976599355
v 0.510276416247725 -0.3778208393630273 0.37782083936302724
v 0.5120541809624477 -0.37764243002090886 0.3776424300209088
v 0.5138310972365662 -0.37746029350046656 0.3774602935004665
v 0.5156071475326348 -0.37727443159931434 0.3772744315993143
v 0.5173823143217536 -0.377084846151834 0.37708484615183396
v 0.5191565800837433 -0.3768915390291576 0.37689153902915756
v 0.5209299273073174 -0.3766945121391481 0.37669451213914806
v 0.5227023384902542 -0.3764937674263816 0.3764937674263815
v 0.5244737961395713 -0.37628930687212725 0.3762893068721272
v 0.5262442827716967 -0.3760811324943282 0.3760811324943281
v 0.5280137809126422 -0.3758692463475815 0.37586924634758145
v 0.5297822730981752 -0.375653650523118 0.37565365052311794
v 0.5315497418739922 -0.37543434714878127 0.37543434714878116
v 0.5333161697958897 -0.37521133838900717 0.3752113383890071
v 0.5350815394299372 -0.3749846264448021 0.37498462644480207
v 0.5368458333526496 -0.3747542135537215 0.37475421355372146
v 0.5386090341511575 -0.3745201019898475 0.3745201019898474
v 0.5403711244233813 -0.37428229406376673 0.3742822940637667
v 0.5421320867782011 -0.3740407921225474 0.37404079212254737
v 0.5438919038356298 -0.37379559854971617 0.3737955985497161
v 0.545650558226983 -0.37354671576523474 0.3735467157652347
v 0.5474080325950524 -0.3732941462254756 0.3732941462254755
v 0.549164309594275 -0.3730378924231981 0.37303789242319807
v 0.550919371890906 -0.3727779568875239 0.37277795688752385
v 0.5526732021631894 -0.3725143421839118 0.3725143421839117
v 0.5544257831015279 -0.37224705091413246 0.3722470509141324
v 0.5561770974086558 -0.3719760857162428 0.3719760857162427
v 0.5579271277998074 -0.37170144926455995 0.3717014492645599
v 0.5596758570028897 -0.3714231442696347 0.37142314426963463
v 0.5614232677586509 -0.37114117347822523 0.3711411734782252
v 0.5631693428208527 -0.3708555396732693 0.37085553967326923
v 0.5649140649564395 -0.37056624567385704 0.370566245673857
v 0.5666574169457073 -0.37027329433520384 0.3702732943352038
v 0.5683993815824766 -0.3699766885486208 0.36997668854862076
v 0.5701399416742591 -0.36967643124148747 0.3696764312414874
v 0.5718790800424298 -0.36937252537722215 0.3693725253772221
v 0.5736167795223949 -0.36906497395525323 0.3690649739552532
v 0.5753530229637622 -0.36875378001098874 0.3687537800109887
v 0.5770877932305097 -0.3684389466157876 0.3684389466157875
v 0.5788210732011554 -0.3681204768769281 0.36812047687692806
v 0.5805528457689259 -0.36779837393757814 0.3677983739375781
v 0.5822830938419246 -0.3674726409767636 0.3674726409767635
v 0.584011800343302 -0.36714328120933726 0.3671432812093372
v 0.5857389482114226 -0.36681029788594716 0.3668102978859471
v 0.5874645204000344 -0.3664736942930042 0.36647369429300414
v 0.5891884998784362 -0.3661334737526501 0.36613347375265004
v 0.5909108696316472 -0.36578963962272404 0.365789639622724
v 0.5926316126605724 -0.3654421952967302 0.36544219529673017
v 0.5943507119821734 -0.36509114420380373 0.3650911442038037
v 0.596068150629634 -0.36473648980867723 0.3647364898086772
v 0.5977839116525278 -0.3643782356116464 0.36437823561164634
v 0.5994979781169864 -0.36401638514853546 0.3640163851485354
v 0.6012103331058654 -0.36365094199066256 0.3636509419906625
v 0.6029209597189128 -0.363281909744804 0.36328190974480395
v 0.6046298410729343 -0.3629092920531592 0.36290929205315914
v 0.6063369603019608 -0.3625330925933141 0.36253309259331407
v 0.6080423005574151 -0.3621533150782057 0.36215331507820564
v 0.6097458450082769 -0.36176996325608474 0.3617699632560847
v 0.6114475768412506 -0.36138304091047874 0.3613830409104787
v 0.6131474792609295 -0.3609925518601553 0.3609925518601552
v 0.6148455354899636 -0.36059849995908355 0.3605984999590835
v 0.616541728769223 -0.3602008890963967 0.36020088909639664
v 0.6182360423579651 -0.3597997231963534 0.35979972319635334
v 0.6199284595339984 -0.35939500621829923 0.3593950062182992
v 0.621618963593849 -0.3589867421566274 0.35898674215662735
v 0.6233075378529245 -0.3585749350407392 0.3585749350407391
v 0.6249941656456781 -0.35815958893500477 0.3581595889350047
v 0.6266788303257749 -0.3577407079387223 0.35774070793872226
v 0.6283615152662543 -0.3573182961860784 0.35731829618607835
v 0.6300422038596956 -0.3568923578461063 0.35689235784610623
v 0.6317208795183803 -0.35646289712264556 0.3564628971226455
v 0.6333975256744582 -0.3560299182543 0.35602991825429997
v 0.6350721257801077 -0.3555934255143965 0.35559342551439643
v 0.6367446633077025 -0.355153423210942 0.35515342321094195
v 0.6384151217499725 -0.35470991568658167 0.3547099156865816
v 0.6400834846201666 -0.35426290731855564 0.3542629073185556
v 0.6417497354522176 -0.35381240251865614 0.3538124025186561
v 0.6434138578009019 -0.35335840573318367 0.3533584057331836
v 0.6450758352420041 -0.352900921442903 0.35290092144290297
v 0.6467356513724773 -0.3524399541629997 0.35243995416299967
v 0.6483932898106072 -0.35197550844303455 0.3519755084430345
v 0.6500487341961709 -0.35150758886689937 0.3515075888668993
v 0.651701968190601 -0.3510362000527714 0.35103620005277136
v 0.6533529754771454 -0.35056134665306793 0.3505613466530679
v 0.6550017397610286 -0.35008303335440033 0.3500830333544003
v 0.6566482447696131 -0.3496012648775278 0.34960126487752774
v 0.6582924742525587 -0.3491160459773106 0.34911604597731055
v 0.6599344119819844 -0.3486273814426635 0.3486273814426634
v 0.6615740417526277 -0.3481352760965082 0.34813527609650813
v 0.6632113473820046 -0.34763973479572563 0.3476397347957256
v 0.6648463127105699 -0.3471407624311085 0.3471407624311084
v 0.6664789216018754 -0.34663836392731256 0.3466383639273125
v 0.668109157942731 -0.3461325442428082 0.34613254424280815
v 0.6697370056433615 -0.34562330836983157 0.3456233083698315
v 0.6713624486375679 -0.34511066133433504 0.345110661334335
v 0.6729854708828835 -0.344594608195938 0.34459460819593796
v 0.6746060563607347 -0.34407515404787653 0.3440751540478765
v 0.6762241890765963 -0.34355230401695336 0.34355230401695336
v 0.6778398530601519 -0.3430260632634873 0.3430260632634872
v 0.6794530323654508 -0.3424964369812619 0.34249643698126186
v 0.6810637110710638 -0.34196343039747507 0.341963430397475
v 0.6826718732802429 -0.3414270487726863 0.34142704877268626
v 0.6842775031210759 -0.3408872974007659 0.34088729740076584
v 0.6858805847466448 -0.34034418160884183 0.3403441816088418
v 0.6874811023351808 -0.3397977067572479 0.33979770675724785
v 0.6890790400902219 -0.33924787823947006 0.33924787823947
v 0.6906743822407672 -0.338694701482094 0.33869470148209396
v 0.6922671130414337 -0.33813818194475087 0.3381381819447508
v 0.6938572167726119 -0.3375783251200638 0.33757832512006375
v 0.6954446777406194 -0.3370151365335938 0.3370151365335937
v 0.6970294802778578 -0.33644862174378454 0.3364486217437845
v 0.6986116087429652 -0.3358787863419086 0.33587878634190854
v 0.7001910475209732 -0.3353056359520111 0.33530563595201107
v 0.701767781023458 -0.33472917623085524 0.3347291762308552
v 0.7033417936886968 -0.33414941286786565 0.3341494128678656
v 0.7049130699818202 -0.3335663515850725 0.3335663515850725
v 0.7064815943949653 -0.3329799981370555 0.3329799981370554
v 0.7080473514474295 -0.33239035831088626 0.3323903583108862
v 0.7096103256858226 -0.33179743792607197 0.3317974379260719
v 0.7111705016842202 -0.33120124283449737 0.3312012428344973
v 0.7127278640443148 -0.3306017789203673 0.33060177892036724
v 0.7142823973955688 -0.3299990521001487 0.3299990521001486
v 0.7158340863953654 -0.32939306832251186 0.3293930683225118
v 0.7173829157291607 -0.32878383356827207 0.328783833568272
v 0.7189288701106347 -0.32817135385033025 0.3281713538503302
v 0.7204719342818414 -0.32755563521361414 0.32755563521361414
v 0.7220120930133609 -0.326936683735018 0.32693668373501794
v 0.7235493311044476 -0.3263145055233431 0.3263145055233431
v 0.7250836333831829 -0.3256891067192372 0.3256891067192371
v 0.7266149847066222 -0.325060493495134 0.32506049349513394
v 0.7281433699609465 -0.32442867205519216 0.3244286720551921
v 0.7296687740616101 -0.32379364863523435 0.3237936486352343
v 0.7311911819534903 -0.32315542950268533 0.3231554295026853
v 0.7327105786110364 -0.3225140209565101 0.32251402095651005
v 0.734226949038416 -0.3218694293271524 0.32186942932715235
v 0.7357402782696658 -0.32122166097647104 0.321221660976471
v 0.737250551368837 -0.32057072229767836 0.3205707222976783
v 0.7387577534301439 -0.31991661971527613 0.3199166197152761
v 0.7402618695781105 -0.3192593596849929 0.31925935968499286
v 0.7417628849677176 -0.3185989486937199 0.31859894869371985
v 0.7432607847845496 -0.3179353932594468 0.31793539325944675
v 0.7447555542449398 -0.317268699931198 0.31726869993119794
v 0.7462471785961173 -0.31659887528896735 0.3165988752889673
v 0.7477356431163515 -0.3159259259436538 0.3159259259436538
v 0.749220933115099 -0.3152498585369956 0.31524985853699555
v 0.7507030339331469 -0.31457067974150527 0.3145706797415052
v 0.7521819309427585 -0.31388839626040305 0.313888396260403
v 0.7536576095478174 -0.3132030148275517 0.3132030148275517
v 0.7551300551839714 -0.3125145422073892 0.3125145422073892
v 0.7565992533187769 -0.3118229851948623 0.31182298519486223
v 0.7580651894518409 -0.3111283506153596 0.31112835061535954
v 0.7595278491149662 -0.3104306453246438 0.31043064532464376
v 0.7609872178722918 -0.3097298762087847 0.30972987620878467
v 0.7624432813204377 -0.30902605018409035 0.3090260501840903
v 0.7638960250886451 -0.3083191741970396 0.3083191741970396
v 0.7653454348389201 -0.30760925522421295 0.30760925522421295
v 0.766791496266173 -0.3068963002722242 0.30689630027222414
v 0.7682341950983615 -0.3061803163776508 0.30618031637765075
v 0.7696735170966309 -0.30546131060696474 0.3054613106069647
v 0.7711094480554537 -0.30473929005646266 0.3047392900564626
v 0.7725419738027715 -0.30401426185219593 0.3040142618521959
v 0.7739710802001329 -0.30328623314990033 0.3032862331499003
v 0.7753967531428354 -0.30255521113492506 0.302555211134925
v 0.7768189785600619 -0.3018212030221624 0.30182120302216237
v 0.7782377424150224 -0.3010842160559761 0.301084216055976
v 0.7796530307050898 -0.30034425751012994 0.3003442575101299
v 0.7810648294619406 -0.299601334687716 0.29960133468771594
v 0.7824731247516907 -0.2988554549210826 0.29885545492108256
v 0.7838779026750342 -0.29810662557176204 0.298106625571762
v 0.7852791493673805 -0.2973548540303975 0.29735485403039746
v 0.7866768509989898 -0.29660014771667087 0.2966001477166708
v 0.7880709937751118 -0.29584251407922846 0.2958425140792284
v 0.7894615639361198 -0.2950819605956086 0.29508196059560854
v 0.7908485477576477 -0.2943184947721671 0.29431849477216704
v 0.7922319315507256 -0.2935521241440032 0.2935521241440032
v 0.7936117016619133 -0.292782856274886 0.292782856274886
v 0.7949878444734375 -0.29201069875717844 0.2920106987571784
v 0.7963603464033235 -0.2912356592117638 0.29123565921176375
v 0.7977291939055322 -0.29045774528796914 0.2904577452879691
v 0.7990943734700906 -0.28967696466349113 0.2896769646634911
v 0.8004558716232281 -0.28889332504431914 0.28889332504431914
v 0.8018136749275071 -0.28810683416466004 0.28810683416466
v 0.8031677699819574 -0.28731749978686116 0.2873174997868611
v 0.8045181434222077 -0.28652532970133404 0.286525329701334
v 0.805864781920617 -0.28573033172647777 0.2857303317264777
v 0.8072076721864072 -0.28493251370860134 0.2849325137086013
v 0.8085468009657931 -0.28413188352184654 0.28413188352184654
v 0.8098821550421149 -0.28332844906811006 0.28332844906811
v 0.8112137212359665 -0.2825222182769656 0.2825222182769656
v 0.8125414864053273 -0.28171319910558557 0.2817131991055855
v 0.8138654374456911 -0.28090139953866267 0.2809013995386626
v 0.8151855612901956 -0.28008682758833076 0.2800868275883307
v 0.8165018449097516 -0.27926949129408607 0.279269491294086
v 0.817814275313171 -0.27844939872270813 0.2784493987227081
v 0.8191228395472956 -0.27762655796817914 0.27762655796817914
v 0.8204275246971245 -0.2768009771516056 0.27680097715160557
v 0.8217283178859426 -0.27597266442113655 0.27597266442113655
v 0.8230252062754455 -0.2751416279518844 0.27514162795188435
v 0.8243181770658689 -0.2743078759458435 0.27430787594584344
v 0.8256072174961129 -0.27347141663180957 0.2734714166318095
v 0.8268923148438689 -0.2726322582652984 0.2726322582652984
v 0.8281734564257449 -0.27179040912846414 0.2717904091284641
v 0.8294506295973907 -0.27094587753001814 0.2709458775300181
v 0.8307238217536228 -0.2700986718051461 0.270098671805146
v 0.8319930203285483 -0.26924880031542664 0.2692488003154266
v 0.8332582127956901 -0.2683962714487481 0.26839627144874806
v 0.834519386668109 -0.2675410936192265 0.26754109361922646
v 0.835776529498528 -0.26668327526712154 0.2666832752671215
v 0.8370296288794554 -0.26582282485875397 0.26582282485875397
v 0.8382786724433058 -0.2649597508864222 0.26495975088642215
v 0.8395236478625234 -0.26409406186831763 0.2640940618683176
v 0.8407645428497035 -0.26322576634844164 0.2632257663484416
v 0.8420013451577139 -0.26235487289652015 0.2623548728965201
v 0.8432340425798146 -0.2614813901079203 0.26148139010792026
v 0.84446262294978 -0.2606053266035643 0.2606053266035642
v 0.8456870741420179 -0.2597266910298454 0.25972669102984536
v 0.8469073840716892 -0.25884549205854196 0.25884549205854196
v 0.8481235406948278 -0.2579617383867319 0.2579617383867319
v 0.8493355320084581 -0.2570754387367076 0.2570754387367075
v 0.8505433460507161 -0.2561866018558882 0.2561866018558882
v 0.8517469709009644 -0.25529523651673547 0.2552952365167354
v 0.8529463946799116 -0.254401351516665 0.25440135151666493
v 0.8541416055497291 -0.2535049556779611 0.25350495567796105
v 0.8553325917141683 -0.25260605784768886 0.2526060578476888
v 0.8565193414186768 -0.2517046668976067 0.2517046668976066
v 0.8577018429505139 -0.25080079172407965 0.2508007917240796
v 0.8588800846388667 -0.2498944412479905 0.24989444124799046
v 0.8600540548549657 -0.24898562441465286 0.24898562441465283
v 0.8612237420121989 -0.24807435019372165 0.24807435019372162
v 0.8623891345662258 -0.24716062757910592 0.24716062757910587
v 0.8635502210150927 -0.24624446558887858 0.24624446558887852
v 0.8647069898993451 -0.24532587326518887 0.24532587326518882
v 0.8658594298021411 -0.2444048596741721 0.24440485967417208
v 0.8670075293493642 -0.24348143390586052 0.2434814339058605
v 0.8681512772097352 -0.24255560507409382 0.2425556050740938
v 0.8692906620949246 -0.24162738231642855 0.24162738231642852
v 0.8704256727596635 -0.2406967747940489 0.24069677479404886
v 0.871556298001855 -0.2397637916916751 0.23976379169167508
v 0.8726825266626841 -0.23882844221747404 0.238828442217474
v 0.873804347626729 -0.237890735602967 0.23789073560296697
v 0.8749217498220693 -0.23695068110294018 0.23695068110294015
v 0.8760347222203966 -0.23600828799535165 0.23600828799535162
v 0.8771432538371229 -0.23506356558124092 0.2350635655812409
v 0.8782473337314882 -0.234116523184637 0.23411652318463697
v 0.87934695100667 -0.2331671701524658 0.23316717015246574
v 0.8804420948098897 -0.2322155158544587 0.23221551585445868
v 0.8815327543325202 -0.23126156968305922 0.2312615696830592
v 0.8826189188101918 -0.23030534105333117 0.23030534105333114
v 0.8837005775229001 -0.22934683940286493 0.22934683940286488
v 0.8847777197951103 -0.22838607419168475 0.2283860741916847
v 0.8858503349958629 -0.22742305490215559 0.22742305490215556
v 0.8869184125388789 -0.2264577910388888 0.22645779103888877
v 0.8879819418826642 -0.22549029212864932 0.2254902921286493
v 0.8890409125306133 -0.2245205677202605 0.22452056772026047
v 0.8900953140311139 -0.2235486273845111 0.22354862738451106
v 0.8911451359776483 -0.22257448071405944 0.22257448071405941
v 0.8921903680088982 -0.2215981373233402 0.22159813732334013
v 0.893230999808845 -0.2206196068484684 0.22061960684846837
v 0.8942670211068735 -0.2196388989471446 0.21963889894714458
v 0.8952984216778713 -0.21865602329856015 0.21865602329856013
v 0.8963251913423314 -0.2176709896033006 0.21767098960330059
v 0.8973473199664515 -0.21668380758325118 0.21668380758325115
v 0.898364797462235 -0.21569448698149948 0.21569448698149946
v 0.8993776137875894 -0.21470303756224088 0.21470303756224085
v 0.900385758946427 -0.21370946911068053 0.2137094691106805
v 0.9013892229887617 -0.21271379143293814 0.21271379143293812
v 0.9023879960108084 -0.21171601435595036 0.21171601435595033
v 0.903382068155081 -0.21071614772737396 0.21071614772737393
v 0.9043714296104887 -0.20971420141548922 0.2097142014154892
v 0.9053560706124331 -0.20871018530910135 0.20871018530910132
v 0.9063359814429052 -0.2077041093174444 0.20770410931744435
v 0.9073111524305806 -0.20669598337008185 0.20669598337008183
v 0.9082815739509154 -0.2056858174168101 0.20568581741681008
v 0.9092472364262412 -0.20467362142755907 0.20467362142755902
v 0.9102081303258585 -0.20365940539229477 0.20365940539229474
v 0.9111642461661332 -0.20264317932091985 0.20264317932091983
v 0.9121155745105878 -0.20162495324317525 0.20162495324317523
v 0.9130621059699955 -0.20060473720854158 0.20060473720854155
v 0.9140038312024727 -0.19958254128613895 0.19958254128613892
v 0.9149407409135719 -0.1985583755646287 0.19855837556462866
v 0.9158728258563724 -0.19753225015211273 0.1975322501521127
v 0.916800076831572 -0.19650417517603488 0.19650417517603486
v 0.917722484687578 -0.19547416078307997 0.19547416078307994
v 0.9186400403205974 -0.19444221713907414 0.1944422171390741
v 0.9195527346747263 -0.1934083544288848 0.19340835442888477
v 0.92046055874204 -0.19237258285631917 0.19237258285631914
v 0.9213635035626815 -0.19133491264402488 0.19133491264402486
v 0.92226156022495 -0.19029535403338768 0.19029535403338765
v 0.9231547198653883 -0.1892539172844316 0.18925391728443158
v 0.924042973668872 -0.18821061267571673 0.1882106126757167
v 0.9249263128686944 -0.1871654505042386 0.18716545050423858
v 0.925804728746654 -0.18611844108532574 0.18611844108532571
v 0.9266782126331412 -0.18506959475253823 0.1850695947525382
v 0.9275467559072221 -0.18401892185756633 0.1840189218575663
v 0.928410349996726 -0.18296643277012697 0.18296643277012695
v 0.929268986378327 -0.18191213787786284 0.1819121378778628
v 0.9301226565776313 -0.18085604758623866 0.18085604758623863
v 0.9309713521692584 -0.17979817231843945 0.17979817231843942
v 0.9318150647769254 -0.17873852251526678 0.17873852251526676
v 0.9326537860735296 -0.1776771086350367 0.17767710863503666
v 0.9334875077812304 -0.1766139411534755 0.17661394115347548
v 0.9343162216715313 -0.17554903056361693 0.1755490305636169
v 0.9351399195653602 -0.17448238737569885 0.17448238737569882
v 0.9359585933331522 -0.17341402211705864 0.1734140221170586
v 0.936772234894927 -0.17234394533203032 0.1723439453320303
v 0.9375808362203715 -0.1712721675818395 0.17127216758183947
v 0.9383843893289165 -0.1701986994445002 0.17019869944450017
v 0.9391828862898177 -0.16912355151470934 0.1691235515147093
v 0.9399763192222321 -0.16804673440374282 0.1680467344037428
v 0.9407646802952974 -0.16696825873935112 0.1669682587393511
v 0.9415479617282076 -0.16588813516565332 0.1658881351656533
v 0.9423261557902913 -0.16480637434303333 0.1648063743430333
v 0.9430992548010877 -0.16372298694803344 0.16372298694803342
v 0.9438672511304211 -0.16263798367325016 0.16263798367325014
v 0.944630137198478 -0.16155137522722748 0.16155137522722748
v 0.9453879054758811 -0.16046317233435242 0.1604631723343524
v 0.946140548483763 -0.15937338573474802 0.159373385734748
v 0.9468880587938415 -0.15828202618416787 0.15828202618416787
v 0.9476304290284916 -0.15718910445389045 0.15718910445389042
v 0.9483676518608184 -0.15609463133061183 0.1560946313306118
v 0.9490997200147304 -0.15499861761634 0.15499861761633998
v 0.9498266262650106 -0.15390107412828774 0.1539010741282877
v 0.9505483634373877 -0.1528020116987662 0.15280201169876617
v 0.9512649244086071 -0.15170144117507786 0.15170144117507783
v 0.9519763021065013 -0.15059937341940943 0.1505993734194094
v 0.9526824895100596 -0.1494958193087248 0.1494958193087248
v 0.9533834796494975 -0.14839078973465752 0.1483907897346575
v 0.9540792656063253 -0.1472842956034033 0.14728429560340328
v 0.9547698405134164 -0.14617634783561267 0.14617634783561267
v 0.9554551975550756 -0.1450669573662826 0.14506695736628258
v 0.9561353299671054 -0.14395613514464922 0.1439561351446492
v 0.9568102310368731 -0.1428438921340794 0.1428438921340794
v 0.9574798941033782 -0.14173023931196266 0.14173023931196263
v 0.9581443125573164 -0.14061518766960268 0.14061518766960265
v 0.9588034798411456 -0.13949874821210903 0.139498748212109
v 0.9594573894491509 -0.1383809319582885 0.13838093195828846
v 0.9601060349275088 -0.13726174994053617 0.13726174994053614
v 0.9607494098743496 -0.13614121320472677 0.13614121320472677
v 0.9613875079398231 -0.13501933281010545 0.13501933281010542
v 0.9620203228261583 -0.1338961198291788 0.13389611982917876
v 0.9626478482877283 -0.13277158534760547 0.13277158534760547
v 0.9632700781311101 -0.1316457404640868 0.1316457404640868
v 0.9638870062151459 -0.1305185962902573 0.1305185962902573
v 0.9644986264510049 -0.12939016395057495 0.12939016395057493
v 0.9651049328022423 -0.12826045458221128 0.12826045458221125
v 0.9657059192848589 -0.12712947933494181 0.1271294793349418
v 0.9663015799673613 -0.12599724937103546 0.12599724937103546
v 0.9668919089708186 -0.124863775865145 0.12486377586514498
v 0.9674769004689219 -0.12372907000419625 0.12372907000419624
v 0.9680565486880415 -0.12259314298727805 0.12259314298727803
v 0.9686308479072832 -0.1214560060255314 0.12145600602553137
v 0.9691997924585458 -0.12031767034203904 0.12031767034203902
v 0.9697633767265761 -0.11917814717171464 0.11917814717171463
v 0.9703215951490252 -0.11803744776119188 0.11803744776119186
v 0.9708744422165023 -0.11689558336871328 0.11689558336871325
v 0.97142191247263 -0.11575256526401949 0.11575256526401946
v 0.9719640005140984 -0.11460840472823774 0.11460840472823773
v 0.9725007009907167 -0.11346311305377063 0.11346311305377062
v 0.9730320086054682 -0.11231670154418456 0.11231670154418454
v 0.9735579181145615 -0.11116918151409837 0.11116918151409835
v 0.9740784243274816 -0.11002056428907143 0.11002056428907141
v 0.9745935221070428 -0.10887086120549205 0.10887086120549204
v 0.9751032063694374 -0.1077200836104656 0.10772008361046559
v 0.9756074720842878 -0.1065682428617022 0.10656824286170219
v 0.9761063142746951 -0.1054153503274051 0.10541535032740508
v 0.976599728017288 -0.10426141738615816 0.10426141738615814
v 0.9770877084422722 -0.10310645542681365 0.10310645542681364
v 0.977570250733478 -0.10195047584837985 0.10195047584837984
v 0.9780473501284077 -0.10079349005990848 0.10079349005990847
v 0.9785190019182828 -0.09963550948038222 0.09963550948038219
v 0.9789852014480906 -0.09847654553860193 0.09847654553860191
v 0.9794459441166301 -0.09731660967307369 0.09731660967307368
v 0.9799012253765571 -0.09615571333189629 0.09615571333189628
v 0.9803510407344291 -0.09499386797264792 0.0949938679726479
v 0.9807953857507505 -0.09383108506227326 0.09383108506227325
v 0.9812342560400154 -0.09266737607697016 0.09266737607697015
v 0.9816676472707508 -0.0915027525020765 0.09150275250207648
v 0.9820955551655606 -0.09033722583195683 0.09033722583195682
v 0.9825179755011664 -0.0891708075698888 0.08917080756988878
v 0.9829349041084501 -0.08800350922794983 0.08800350922794982
v 0.9833463368724946 -0.08683534232690318 0.08683534232690317
v 0.9837522697326249 -0.0856663183960846 0.08566631839608459
v 0.9841526986824474 -0.08449644897328834 0.08449644897328833
v 0.9845476197698899 -0.0833257456046533 0.08332574560465329
v 0.9849370290972408 -0.08215421984454913 0.08215421984454911
v 0.9853209228211872 -0.08098188325546207 0.08098188325546206
v 0.9856992971528531 -0.079808747407881 0.07980874740788099
v 0.9860721483578365 -0.0786348238801832 0.07863482388018318
v 0.9864394727562467 -0.07746012425851978 0.07746012425851977
v 0.9868012667227399 -0.07628466013670183 0.07628466013670182
v 0.9871575266865562 -0.0751084431160857 0.0751084431160857
v 0.9875082491315532 -0.07393148480545852 0.07393148480545851
v 0.9878534305962419 -0.07275379682092366 0.07275379682092366
v 0.9881930676738209 -0.07157539078578608 0.07157539078578606
v 0.988527157012209 -0.07039627833043759 0.07039627833043759
v 0.9888556953140797 -0.06921647109224219 0.06921647109224217
v 0.9891786793368922 -0.06803598071542084 0.06803598071542083
v 0.989496105892925 -0.06685481885093708 0.06685481885093708
v 0.989807971849306 -0.06567299715638164 0.06567299715638163
v 0.990114274128044 -0.06449052729585751 0.0644905272958575
v 0.9904150097060591 -0.06330742093986488 0.06330742093986487
v 0.9907101756152126 -0.06212368976518579 0.06212368976518578
v 0.9909997689423364 -0.06093934545476908 0.06093934545476907
v 0.9912837868292612 -0.05975439969761493 0.059754399697614924
v 0.9915622264728448 -0.05856886418865968 0.058568864188659676
v 0.9918350851250006 -0.05738275062866001 0.057382750628659995
v 0.9921023600927239 -0.05619607072407798 0.05619607072407797
v 0.9923640487381185 -0.05500883618696519 0.055008836186965185
v 0.9926201484784232 -0.05382105873484719 0.05382105873484718
v 0.9928706567860368 -0.052632750090607916 0.0526327500906079
v 0.9931155711885438 -0.05144392198237396 0.05144392198237395
v 0.9933548892687376 -0.05025458614339878 0.050254586143398776
v 0.9935886086646455 -0.04906475431194705 0.04906475431194704
v 0.9938167270695515 -0.04787443823117842 0.047874438231178415
v 0.9940392422320188 -0.04668364964903214 0.04668364964903213
v 0.9942561519559128 -0.04549240031811077 0.04549240031811076
v 0.9944674541004219 -0.04430070199556429 0.04430070199556428
v 0.9946731465800793 -0.04310856644297403 0.043108566442974026
v 0.9948732273647836 -0.041916005426236615 0.04191600542623661
v 0.9950676944798176 -0.04072303071544782 0.04072303071544781
v 0.99525654600587 -0.03952965408478641 0.039529654084786404
v 0.995439780079052 -0.03833588731239803 0.03833588731239803
v 0.9956173948909175 -0.037141742180278624 0.03714174218027862
v 0.9957893886884801 -0.03594723047415862 0.03594723047415862
v 0.9959557597742303 -0.034752363983386325 0.034752363983386325
v 0.9961165065061528 -0.03355715450081161 0.03355715450081161
v 0.9962716272977421 -0.032361613822669555 0.03236161382266955
v 0.9964211206180187 -0.031165753748463965 0.031165753748463962
v 0.9965649849915437 -0.029969586080851002 0.029969586080851
v 0.996703218998434 -0.028773122625522726 0.028773122625522722
v 0.9968358212743758 -0.02757637519109023 0.027576375191090227
v 0.996962790510638 -0.02637935558896763 0.026379355588967625
v 0.9970841254540856 -0.02518207563325514 0.025182075633255138
v 0.9971998249071918 -0.02398454714062257 0.023984547140622568
v 0.9973098877280495 -0.022786781930192672 0.02278678193019267
v 0.9974143128303832 -0.02158879182342452 0.021588791823424516
v 0.9975130991835592 -0.02039058864399682 0.020390588643996815
v 0.997606245812596 -0.019192184217691297 0.019192184217691293
v 0.9976937517981745 -0.017993590372275662 0.01799359037227566
v 0.9977756162766453 -0.016794818937387358 0.016794818937387355
v 0.9978518384400394 -0.015595881744416487 0.015595881744416484
v 0.9979224175360748 -0.01439679062638911 0.014396790626389109
v 0.9979873528681644 -0.013197557417850472 0.013197557417850468
v 0.9980466437954223 -0.011998193954748188 0.011998193954748184
v 0.9981002897326714 -0.010798712074315433 0.010798712074315433
v 0.9981482901504477 -0.009599123614954125 0.009599123614954123
v 0.9981906445750066 -0.008399440416118146 0.008399440416118144
v 0.998227352588327 -0.007199674318196165 0.0071996743181961635
v 0.9982584138281154 -0.005999837162395289 0.005999837162395288
v 0.9982838279878103 -0.004799940790623852 0.004799940790623852
v 0.9983035948165839 -0.0035999970453746274 0.003599997045374627
v 0.9983177141193458 -0.0024000177696079424 0.002400017769607942
v 0.998326185756744 -0.0012000148066347975 0.0012000148066347973
v 0.9983290096451669 2.3389358063082916e-17 -2.338935806308291e-17
v 0.998326185756744 0.0012000148066347595 -0.0012000148066347593
v 0.9983177141193458 0.0024000177696079043 -0.002400017769607904
v 0.9983035948165839 0.0035999970453745897 -0.003599997045374589
v 0.9982838279878103 0.004799940790623815 -0.004799940790623814
v 0.9982584138281154 0.00599983716239525 -0.005999837162395249
v 0.998227352588327 0.007199674318196125 -0.0071996743181961245
v 0.9981906445750066 0.008399440416118106 -0.008399440416118105
v 0.9981482901504477 0.009599123614954172 -0.00959912361495417
v 0.9981002897326714 0.010798712074315396 -0.010798712074315394
v 0.9980466437954223 0.011998193954748148 -0.011998193954748146
v 0.9979873528681644 0.013197557417850433 -0.013197557417850432
v 0.9979224175360748 0.01439679062638907 -0.014396790626389069
v 0.9978518384400394 0.015595881744416451 -0.015595881744416448
v 0.9977756162766453 0.016794818937387324 -0.01679481893738732
v 0.9976937517981745 0.017993590372275624 -0.017993590372275624
v 0.997606245812596 0.01919218421769126 -0.019192184217691255
v 0.997513099183559 0.020390588643996864 -0.02039058864399686
v 0.9974143128303832 0.02158879182342448 -0.021588791823424477
v 0.9973098877280495 0.022786781930192634 -0.02278678193019263
v 0.9971998249071918 0.02398454714062253 -0.023984547140622526
v 0.9970841254540856 0.025182075633255103 -0.0251820756332551
v 0.996962790510638 0.026379355588967594 -0.02637935558896759
v 0.9968358212743758 0.027576375191090196 -0.027576375191090192
v 0.996703218998434 0.028773122625522687 -0.028773122625522684
v 0.9965649849915437 0.029969586080851054 -0.029969586080851048
v 0.9964211206180187 0.031165753748463927 -0.031165753748463924
v 0.9962716272977421 0.03236161382266951 -0.032361613822669506
v 0.9961165065061528 0.03355715450081158 -0.03355715450081157
v 0.9959557597742303 0.03475236398338629 -0.03475236398338629
v 0.9957893886884801 0.035947230474158584 -0.035947230474158584
v 0.9956173948909175 0.03714174218027858 -0.03714174218027858
v 0.995439780079052 0.038335887312397995 -0.03833588731239799
v 0.99525654600587 0.03952965408478646 -0.03952965408478645
v 0.9950676944798176 0.04072303071544787 -0.04072303071544786
v 0.9948732273647836 0.04191600542623657 -0.04191600542623657
v 0.9946731465800793 0.043108566442974 -0.04310856644297399
v 0.9944674541004219 0.04430070199556426 -0.044300701995564254
v 0.9942561519559128 0.045492400318110734 -0.04549240031811073
v 0.9940392422320188 0.0466836496490321 -0.04668364964903209
v 0.9938167270695515 0.04787443823117838 -0.04787443823117837
v 0.9935886086646455 0.04906475431194701 -0.049064754311947
v 0.9933548892687376 0.05025458614339882 -0.05025458614339881
v 0.9931155711885438 0.05144392198237393 -0.05144392198237392
v 0.9928706567860368 0.05263275009060788 -0.052632750090607874
v 0.9926201484784232 0.05382105873484715 -0.05382105873484714
v 0.9923640487381185 0.05500883618696514 -0.055008836186965136
v 0.9921023600927239 0.056196070724077944 -0.05619607072407793
v 0.9918350851250006 0.05738275062865997 -0.05738275062865996
v 0.9915622264728448 0.058568864188659635 -0.05856886418865962
v 0.9912837868292612 0.05975439969761497 -0.05975439969761496
v 0.9909997689423364 0.06093934545476903 -0.06093934545476902
v 0.9907101756152126 0.06212368976518576 -0.06212368976518575
v 0.9904150097060591 0.06330742093986483 -0.06330742093986481
v 0.990114274128044 0.06449052729585748 -0.06449052729585747
v 0.989807971849306 0.0656729971563816 -0.06567299715638159
v 0.989496105892925 0.06685481885093704 -0.06685481885093703
v 0.9891786793368922 0.0680359807154208 -0.0680359807154208
v 0.9888556953140797 0.06921647109224215 -0.06921647109224215
v 0.988527157012209 0.07039627833043763 -0.07039627833043761
v 0.9881930676738209 0.07157539078578604 -0.07157539078578602
v 0.9878534305962419 0.07275379682092363 -0.07275379682092362
v 0.9875082491315532 0.0739314848054585 -0.07393148480545848
v 0.9871575266865562 0.07510844311608567 -0.07510844311608565
v 0.9868012667227399 0.07628466013670179 -0.07628466013670178
v 0.9864394727562467 0.07746012425851974 -0.07746012425851972
v 0.9860721483578365 0.07863482388018316 -0.07863482388018314
v 0.9856992971528531 0.07980874740788105 -0.07980874740788103
v 0.9853209228211872 0.08098188325546203 -0.08098188325546203
v 0.9849370290972408 0.0821542198445491 -0.08215421984454908
v 0.9845476197698899 0.08332574560465328 -0.08332574560465326
v 0.9841526986824474 0.0844964489732883 -0.08449644897328829
v 0.9837522697326249 0.08566631839608456 -0.08566631839608455
v 0.9833463368724946 0.08683534232690314 -0.08683534232690313
v 0.9829349041084501 0.0880035092279498 -0.08800350922794979
v 0.9825179755011664 0.08917080756988885 -0.08917080756988884
v 0.9820955551655606 0.09033722583195686 -0.09033722583195684
v 0.9816676472707508 0.09150275250207648 -0.09150275250207647
v 0.9812342560400154 0.09266737607697012 -0.0926673760769701
v 0.9807953857507505 0.09383108506227322 -0.09383108506227321
v 0.9803510407344291 0.09499386797264789 -0.09499386797264786
v 0.9799012253765571 0.09615571333189625 -0.09615571333189624
v 0.9794459441166301 0.09731660967307368 -0.09731660967307366
v 0.9789852014480906 0.0984765455386019 -0.09847654553860188
v 0.9785190019182828 0.09963550948038224 -0.09963550948038223
v 0.9780473501284077 0.10079349005990844 -0.10079349005990842
v 0.977570250733478 0.10195047584837981 -0.1019504758483798
v 0.9770877084422722 0.10310645542681361 -0.1031064554268136
v 0.976599728017288 0.10426141738615811 -0.1042614173861581
v 0.9761063142746951 0.10541535032740505 -0.10541535032740504
v 0.9756074720842878 0.10656824286170219 -0.10656824286170218
v 0.9751032063694374 0.10772008361046558 -0.10772008361046555
v 0.9745935221070425 0.1088708612054921 -0.10887086120549208
v 0.9740784243274816 0.1100205642890714 -0.11002056428907138
v 0.9735579181145615 0.11116918151409833 -0.11116918151409831
v 0.9730320086054682 0.11231670154418454 -0.11231670154418452
v 0.9725007009907167 0.11346311305377059 -0.11346311305377058
v 0.9719640005140984 0.11460840472823772 -0.11460840472823769
v 0.9714219124726302 0.11575256526401945 -0.11575256526401942
v 0.9708744422165023 0.11689558336871325 -0.11689558336871324
v 0.9703215951490252 0.11803744776119182 -0.11803744776119181
v 0.9697633767265761 0.11917814717171468 -0.11917814717171465
v 0.9691997924585458 0.120317670342039 -0.12031767034203898
v 0.9686308479072832 0.12145600602553136 -0.12145600602553133
v 0.9680565486880415 0.12259314298727801 -0.12259314298727798
v 0.9674769004689219 0.12372907000419624 -0.12372907000419621
v 0.9668919089708186 0.12486377586514495 -0.12486377586514494
v 0.9663015799673613 0.12599724937103543 -0.1259972493710354
v 0.9657059192848589 0.1271294793349418 -0.12712947933494176
v 0.9651049328022423 0.1282604545822113 -0.12826045458221128
v 0.9644986264510049 0.1293901639505749 -0.12939016395057487
v 0.9638870062151459 0.1305185962902573 -0.13051859629025728
v 0.9632700781311101 0.1316457404640868 -0.13164574046408678
v 0.9626478482877283 0.13277158534760541 -0.13277158534760541
v 0.9620203228261586 0.13389611982917876 -0.13389611982917873
v 0.9613875079398231 0.13501933281010545 -0.13501933281010542
v 0.9607494098743496 0.13614121320472677 -0.13614121320472675
v 0.9601060349275086 0.1372617499405362 -0.13726174994053617
v 0.9594573894491509 0.13838093195828852 -0.13838093195828852
v 0.9588034798411456 0.13949874821210903 -0.139498748212109
v 0.9581443125573164 0.14061518766960263 -0.1406151876696026
v 0.9574798941033782 0.1417302393119626 -0.14173023931196257
v 0.9568102310368733 0.14284389213407936 -0.14284389213407933
v 0.9561353299671054 0.1439561351446492 -0.14395613514464917
v 0.9554551975550756 0.14506695736628256 -0.14506695736628256
v 0.9547698405134164 0.14617634783561267 -0.14617634783561265
v 0.9540792656063253 0.14728429560340336 -0.14728429560340334
v 0.9533834796494975 0.1483907897346575 -0.14839078973465747
v 0.9526824895100596 0.14949581930872477 -0.14949581930872474
v 0.9519763021065013 0.15059937341940943 -0.1505993734194094
v 0.9512649244086071 0.1517014411750778 -0.15170144117507778
v 0.9505483634373877 0.15280201169876614 -0.15280201169876612
v 0.9498266262650106 0.1539010741282877 -0.15390107412828768
v 0.9490997200147304 0.15499861761633998 -0.15499861761633996
v 0.9483676518608184 0.15609463133061185 -0.15609463133061183
v 0.9476304290284916 0.1571891044538904 -0.15718910445389037
v 0.9468880587938417 0.15828202618416784 -0.1582820261841678
v 0.946140548483763 0.1593733857347479 -0.15937338573474788
v 0.9453879054758811 0.1604631723343524 -0.16046317233435237
v 0.944630137198478 0.16155137522722754 -0.1615513752272275
v 0.9438672511304211 0.16263798367325014 -0.1626379836732501
v 0.9430992548010877 0.16372298694803347 -0.16372298694803344
v 0.9423261557902913 0.16480637434303327 -0.16480637434303325
v 0.9415479617282076 0.16588813516565334 -0.16588813516565334
v 0.9407646802952974 0.166968258739351 -0.16696825873935098
v 0.9399763192222321 0.1680467344037428 -0.16804673440374276
v 0.9391828862898177 0.16912355151470926 -0.16912355151470923
v 0.9383843893289165 0.17019869944450017 -0.17019869944450014
v 0.9375808362203715 0.17127216758183955 -0.17127216758183952
v 0.936772234894927 0.17234394533203032 -0.1723439453320303
v 0.9359585933331522 0.1734140221170587 -0.17341402211705867
v 0.9351399195653602 0.17448238737569885 -0.17448238737569882
v 0.9343162216715313 0.1755490305636169 -0.17554903056361687
v 0.9334875077812306 0.17661394115347542 -0.1766139411534754
v 0.9326537860735296 0.17767710863503666 -0.17767710863503663
v 0.9318150647769254 0.1787385225152668 -0.17873852251526678
v 0.9309713521692584 0.17979817231843942 -0.1797981723184394
v 0.9301226565776313 0.18085604758623872 -0.1808560475862387
v 0.929268986378327 0.1819121378778628 -0.18191213787786278
v 0.928410349996726 0.18296643277012703 -0.182966432770127
v 0.9275467559072224 0.1840189218575663 -0.18401892185756627
v 0.9266782126331412 0.18506959475253823 -0.1850695947525382
v 0.9258047287466542 0.1861184410853256 -0.18611844108532558
v 0.9249263128686944 0.18716545050423855 -0.18716545050423852
v 0.924042973668872 0.1882106126757168 -0.18821061267571676
v 0.9231547198653884 0.1892539172844316 -0.18925391728443158
v 0.9222615602249498 0.19029535403338768 -0.19029535403338765
v 0.9213635035626815 0.19133491264402486 -0.19133491264402483
v 0.92046055874204 0.1923725828563192 -0.19237258285631917
v 0.9195527346747265 0.19340835442888468 -0.19340835442888465
v 0.9186400403205974 0.19444221713907409 -0.19444221713907406
v 0.9177224846875782 0.19547416078307991 -0.19547416078307986
v 0.9168000768315722 0.19650417517603483 -0.1965041751760348
v 0.9158728258563724 0.19753225015211276 -0.19753225015211273
v 0.9149407409135719 0.1985583755646286 -0.19855837556462858
v 0.9140038312024727 0.19958254128613898 -0.19958254128613895
v 0.9130621059699955 0.20060473720854155 -0.20060473720854152
v 0.9121155745105878 0.20162495324317523 -0.2016249532431752
v 0.9111642461661333 0.20264317932091971 -0.2026431793209197
v 0.9102081303258585 0.20365940539229474 -0.20365940539229468
v 0.909247236426241 0.2046736214275591 -0.20467362142755907
v 0.9082815739509154 0.20568581741681008 -0.20568581741681002
v 0.9073111524305806 0.20669598337008185 -0.20669598337008183
v 0.9063359814429052 0.20770410931744435 -0.20770410931744432
v 0.9053560706124331 0.20871018530910135 -0.20871018530910132
v 0.9043714296104888 0.20971420141548913 -0.2097142014154891
v 0.903382068155081 0.21071614772737396 -0.21071614772737393
v 0.9023879960108085 0.2117160143559503 -0.21171601435595028
v 0.9013892229887617 0.21271379143293812 -0.2127137914329381
v 0.900385758946427 0.21370946911068053 -0.2137094691106805
v 0.8993776137875895 0.21470303756224085 -0.21470303756224082
v 0.8983647974622349 0.21569448698149954 -0.2156944869814995
v 0.8973473199664515 0.2166838075832511 -0.21668380758325106
v 0.8963251913423314 0.2176709896033006 -0.21767098960330059
v 0.8952984216778714 0.21865602329856013 -0.21865602329856007
v 0.8942670211068735 0.2196388989471446 -0.21963889894714458
v 0.8932309998088452 0.2206196068484683 -0.22061960684846826
v 0.8921903680088982 0.22159813732334013 -0.2215981373233401
v 0.8911451359776483 0.22257448071405944 -0.22257448071405941
v 0.8900953140311139 0.22354862738451106 -0.223548627384511
v 0.8890409125306133 0.2245205677202605 -0.22452056772026047
v 0.8879819418826642 0.22549029212864927 -0.2254902921286492
v 0.8869184125388789 0.2264577910388888 -0.22645779103888877
v 0.8858503349958629 0.22742305490215553 -0.2274230549021555
v 0.8847777197951103 0.22838607419168475 -0.2283860741916847
v 0.8837005775229003 0.22934683940286485 -0.22934683940286482
v 0.8826189188101918 0.23030534105333114 -0.2303053410533311
v 0.88153275433252 0.23126156968305928 -0.23126156968305922
v 0.8804420948098897 0.23221551585445868 -0.23221551585445865
v 0.87934695100667 0.2331671701524658 -0.23316717015246574
v 0.8782473337314882 0.23411652318463697 -0.23411652318463694
v 0.8771432538371229 0.23506356558124092 -0.2350635655812409
v 0.8760347222203966 0.23600828799535156 -0.23600828799535153
v 0.8749217498220694 0.23695068110294012 -0.2369506811029401
v 0.873804347626729 0.23789073560296706 -0.237890735602967
v 0.8726825266626841 0.238828442217474 -0.23882844221747396
v 0.871556298001855 0.2397637916916751 -0.23976379169167508
v 0.8704256727596635 0.24069677479404883 -0.24069677479404877
v 0.8692906620949246 0.24162738231642855 -0.24162738231642852
v 0.8681512772097353 0.2425556050740937 -0.24255560507409368
v 0.8670075293493642 0.24348143390586052 -0.2434814339058605
v 0.8658594298021411 0.24440485967417203 -0.244404859674172
v 0.8647069898993451 0.24532587326518882 -0.2453258732651888
v 0.8635502210150927 0.24624446558887858 -0.24624446558887852
v 0.8623891345662258 0.24716062757910587 -0.24716062757910584
v 0.8612237420121986 0.2480743501937217 -0.24807435019372165
v 0.8600540548549658 0.24898562441465277 -0.24898562441465275
v 0.8588800846388667 0.24989444124799046 -0.24989444124799043
v 0.8577018429505139 0.25080079172407954 -0.2508007917240795
v 0.8565193414186768 0.2517046668976067 -0.2517046668976066
v 0.8553325917141685 0.25260605784768875 -0.2526060578476887
v 0.8541416055497291 0.25350495567796105 -0.25350495567796105
v 0.8529463946799116 0.254401351516665 -0.25440135151666493
v 0.8517469709009644 0.2552952365167354 -0.25529523651673536
v 0.8505433460507161 0.2561866018558882 -0.2561866018558882
v 0.8493355320084583 0.25707543873670746 -0.25707543873670746
v 0.8481235406948278 0.2579617383867319 -0.2579617383867319
v 0.8469073840716892 0.25884549205854185 -0.2588454920585418
v 0.8456870741420179 0.25972669102984536 -0.2597266910298453
v 0.84446262294978 0.2606053266035643 -0.2606053266035642
v 0.8432340425798146 0.26148139010792026 -0.2614813901079202
v 0.8420013451577137 0.2623548728965202 -0.2623548728965202
v 0.8407645428497037 0.2632257663484415 -0.2632257663484415
v 0.8395236478625234 0.26409406186831763 -0.2640940618683176
v 0.8382786724433058 0.2649597508864221 -0.2649597508864221
v 0.8370296288794554 0.26582282485875397 -0.26582282485875397
v 0.8357765294985282 0.2666832752671215 -0.26668327526712143
v 0.834519386668109 0.26754109361922646 -0.2675410936192264
v 0.83325821279569 0.26839627144874817 -0.2683962714487481
v 0.8319930203285484 0.2692488003154266 -0.2692488003154266
v 0.8307238217536227 0.27009867180514613 -0.2700986718051461
v 0.8294506295973907 0.2709458775300181 -0.27094587753001803
v 0.8281734564257449 0.27179040912846414 -0.2717904091284641
v 0.8268923148438689 0.2726322582652983 -0.2726322582652983
v 0.8256072174961129 0.27347141663180957 -0.2734714166318095
v 0.824318177065869 0.27430787594584344 -0.2743078759458434
v 0.8230252062754455 0.27514162795188435 -0.2751416279518843
v 0.8217283178859425 0.27597266442113655 -0.27597266442113655
v 0.8204275246971247 0.2768009771516056 -0.27680097715160557
v 0.8191228395472956 0.27762655796817914 -0.27762655796817914
v 0.817814275313171 0.2784493987227081 -0.278449398722708
v 0.8165018449097516 0.27926949129408607 -0.279269491294086
v 0.8151855612901957 0.2800868275883307 -0.28008682758833064
v 0.8138654374456912 0.2809013995386626 -0.28090139953866256
v 0.8125414864053273 0.28171319910558557 -0.28171319910558557
v 0.8112137212359665 0.2825222182769656 -0.28252221827696555
v 0.8098821550421149 0.28332844906811006 -0.28332844906811006
v 0.8085468009657932 0.28413188352184654 -0.28413188352184654
v 0.8072076721864072 0.28493251370860134 -0.2849325137086013
v 0.8058647819206171 0.2857303317264777 -0.2857303317264777
v 0.8045181434222077 0.28652532970133404 -0.286525329701334
v 0.8031677699819575 0.2873174997868611 -0.28731749978686105
v 0.8018136749275071 0.28810683416466 -0.28810683416465993
v 0.800455871623228 0.28889332504431914 -0.28889332504431914
v 0.7990943734700906 0.28967696466349113 -0.2896769646634911
v 0.7977291939055322 0.2904577452879692 -0.29045774528796914
v 0.7963603464033238 0.29123565921176375 -0.2912356592117637
v 0.7949878444734375 0.29201069875717844 -0.2920106987571784
v 0.7936117016619135 0.292782856274886 -0.2927828562748859
v 0.7922319315507256 0.2935521241440032 -0.2935521241440032
v 0.7908485477576479 0.294318494772167 -0.294318494772167
v 0.7894615639361198 0.2950819605956086 -0.29508196059560854
v 0.7880709937751117 0.2958425140792285 -0.29584251407922846
v 0.7866768509989899 0.2966001477166708 -0.2966001477166708
v 0.7852791493673805 0.2973548540303975 -0.29735485403039746
v 0.7838779026750344 0.29810662557176204 -0.298106625571762
v 0.7824731247516907 0.2988554549210826 -0.29885545492108256
v 0.7810648294619407 0.299601334687716 -0.29960133468771594
v 0.7796530307050898 0.30034425751012994 -0.3003442575101299
v 0.7782377424150224 0.3010842160559761 -0.301084216055976
v 0.7768189785600619 0.3018212030221624 -0.30182120302216237
v 0.7753967531428353 0.30255521113492506 -0.302555211134925
v 0.7739710802001329 0.30328623314990033 -0.3032862331499003
v 0.7725419738027715 0.30401426185219593 -0.3040142618521959
v 0.7711094480554539 0.3047392900564626 -0.3047392900564626
v 0.7696735170966309 0.30546131060696474 -0.3054613106069647
v 0.7682341950983615 0.30618031637765075 -0.30618031637765075
v 0.766791496266173 0.3068963002722242 -0.30689630027222414
v 0.76534543483892 0.30760925522421295 -0.30760925522421295
v 0.7638960250886451 0.3083191741970396 -0.3083191741970396
v 0.7624432813204376 0.30902605018409035 -0.30902605018409035
v 0.7609872178722918 0.30972987620878467 -0.3097298762087846
v 0.7595278491149662 0.3104306453246438 -0.31043064532464376
v 0.7580651894518411 0.31112835061535954 -0.3111283506153595
v 0.7565992533187769 0.3118229851948623 -0.31182298519486223
v 0.7551300551839715 0.31251454220738917 -0.3125145422073891
v 0.7536576095478174 0.3132030148275517 -0.3132030148275517
v 0.7521819309427584 0.31388839626040305 -0.31388839626040305
v 0.7507030339331469 0.31457067974150527 -0.3145706797415052
v 0.749220933115099 0.3152498585369956 -0.31524985853699555
v 0.7477356431163515 0.3159259259436538 -0.31592592594365376
v 0.7462471785961173 0.31659887528896735 -0.3165988752889673
v 0.7447555542449398 0.317268699931198 -0.31726869993119794
v 0.7432607847845496 0.3179353932594468 -0.31793539325944675
v 0.7417628849677177 0.31859894869371985 -0.3185989486937198
v 0.7402618695781105 0.3192593596849929 -0.31925935968499286
v 0.7387577534301439 0.31991661971527613 -0.31991661971527613
v 0.737250551368837 0.3205707222976783 -0.32057072229767825
v 0.7357402782696658 0.32122166097647104 -0.321221660976471
v 0.7342269490384161 0.32186942932715235 -0.3218694293271523
v 0.7327105786110364 0.3225140209565101 -0.32251402095651005
v 0.7311911819534904 0.3231554295026853 -0.3231554295026852
v 0.7296687740616101 0.32379364863523435 -0.3237936486352343
v 0.7281433699609465 0.32442867205519216 -0.3244286720551921
v 0.7266149847066223 0.32506049349513394 -0.3250604934951339
v 0.7250836333831829 0.32568910671923723 -0.3256891067192372
v 0.7235493311044479 0.3263145055233431 -0.32631450552334307
v 0.7220120930133609 0.326936683735018 -0.32693668373501794
v 0.7204719342818415 0.32755563521361414 -0.32755563521361414
v 0.7189288701106347 0.32817135385033025 -0.3281713538503302
v 0.7173829157291608 0.328783833568272 -0.32878383356827195
v 0.7158340863953654 0.32939306832251186 -0.3293930683225118
v 0.7142823973955686 0.3299990521001487 -0.3299990521001486
v 0.7127278640443148 0.3306017789203673 -0.33060177892036724
v 0.7111705016842201 0.33120124283449737 -0.3312012428344973
v 0.7096103256858227 0.3317974379260719 -0.33179743792607186
v 0.7080473514474295 0.33239035831088626 -0.3323903583108862
v 0.7064815943949654 0.3329799981370555 -0.3329799981370554
v 0.7049130699818202 0.3335663515850725 -0.3335663515850725
v 0.703341793688697 0.3341494128678656 -0.33414941286786554
v 0.7017677810234582 0.33472917623085524 -0.3347291762308552
v 0.7001910475209732 0.3353056359520112 -0.3353056359520111
v 0.6986116087429654 0.3358787863419086 -0.33587878634190854
v 0.6970294802778577 0.33644862174378454 -0.3364486217437845
v 0.6954446777406196 0.3370151365335937 -0.33701513653359366
v 0.6938572167726119 0.3375783251200638 -0.33757832512006375
v 0.6922671130414338 0.3381381819447508 -0.33813818194475076
v 0.6906743822407672 0.33869470148209396 -0.3386947014820939
v 0.6890790400902218 0.33924787823947006 -0.33924787823947
v 0.6874811023351809 0.33979770675724785 -0.3397977067572478
v 0.6858805847466447 0.3403441816088419 -0.34034418160884183
v 0.6842775031210759 0.34088729740076584 -0.3408872974007658
v 0.6826718732802429 0.3414270487726863 -0.34142704877268626
v 0.681063711071064 0.341963430397475 -0.34196343039747495
v 0.6794530323654508 0.3424964369812619 -0.34249643698126186
v 0.6778398530601522 0.3430260632634872 -0.34302606326348717
v 0.6762241890765963 0.34355230401695336 -0.34355230401695336
v 0.6746060563607346 0.34407515404787653 -0.3440751540478765
v 0.6729854708828836 0.344594608195938 -0.34459460819593796
v 0.6713624486375679 0.34511066133433504 -0.345110661334335
v 0.6697370056433616 0.34562330836983157 -0.3456233083698315
v 0.668109157942731 0.3461325442428082 -0.34613254424280815
v 0.6664789216018755 0.3466383639273125 -0.34663836392731245
v 0.6648463127105699 0.3471407624311085 -0.3471407624311084
v 0.6632113473820047 0.3476397347957256 -0.3476397347957255
v 0.6615740417526277 0.3481352760965082 -0.34813527609650813
v 0.6599344119819843 0.3486273814426635 -0.3486273814426634
v 0.6582924742525587 0.3491160459773106 -0.34911604597731055
v 0.656648244769613 0.3496012648775278 -0.34960126487752774
v 0.6550017397610288 0.35008303335440033 -0.3500830333544003
v 0.6533529754771454 0.35056134665306793 -0.3505613466530679
v 0.6517019681906011 0.35103620005277136 -0.3510362000527713
v 0.6500487341961709 0.35150758886689937 -0.3515075888668993
v 0.6483932898106071 0.3519755084430346 -0.35197550844303455
v 0.6467356513724773 0.3524399541629997 -0.35243995416299967
v 0.645075835242004 0.352900921442903 -0.35290092144290297
v 0.6434138578009019 0.35335840573318356 -0.3533584057331835
v 0.6417497354522176 0.35381240251865614 -0.3538124025186561
v 0.6400834846201667 0.3542629073185556 -0.35426290731855553
v 0.6384151217499725 0.35470991568658167 -0.3547099156865816
v 0.6367446633077026 0.355153423210942 -0.35515342321094195
v 0.6350721257801077 0.3555934255143965 -0.35559342551439643
v 0.6333975256744581 0.3560299182543 -0.35602991825429997
v 0.6317208795183804 0.3564628971226455 -0.35646289712264545
v 0.6300422038596954 0.3568923578461063 -0.35689235784610623
v 0.6283615152662543 0.35731829618607835 -0.3573182961860783
v 0.6266788303257749 0.3577407079387223 -0.35774070793872226
v 0.6249941656456782 0.35815958893500477 -0.3581595889350047
v 0.6233075378529245 0.3585749350407392 -0.3585749350407391
v 0.6216189635938492 0.35898674215662735 -0.3589867421566273
v 0.6199284595339986 0.35939500621829923 -0.3593950062182992
v 0.618236042357965 0.3597997231963535 -0.35979972319635345
v 0.616541728769223 0.3602008890963967 -0.36020088909639664
v 0.6148455354899636 0.36059849995908355 -0.3605984999590835
v 0.6131474792609296 0.3609925518601553 -0.3609925518601552
v 0.6114475768412505 0.36138304091047874 -0.3613830409104787
v 0.609745845008277 0.36176996325608474 -0.3617699632560847
v 0.6080423005574151 0.3621533150782057 -0.36215331507820564
v 0.6063369603019609 0.3625330925933141 -0.36253309259331407
v 0.6046298410729343 0.36290929205315914 -0.3629092920531591
v 0.6029209597189127 0.363281909744804 -0.36328190974480395
v 0.6012103331058654 0.36365094199066256 -0.3636509419906625
v 0.5994979781169862 0.36401638514853557 -0.3640163851485355
v 0.5977839116525279 0.3643782356116464 -0.36437823561164634
v 0.596068150629634 0.36473648980867723 -0.3647364898086772
v 0.5943507119821736 0.36509114420380373 -0.3650911442038037
v 0.5926316126605724 0.36544219529673017 -0.3654421952967301
v 0.5909108696316471 0.36578963962272404 -0.365789639622724
v 0.5891884998784362 0.3661334737526501 -0.36613347375265004
v 0.5874645204000344 0.3664736942930043 -0.36647369429300425
v 0.5857389482114226 0.36681029788594716 -0.3668102978859471
v 0.584011800343302 0.36714328120933726 -0.3671432812093372
v 0.5822830938419246 0.3674726409767636 -0.3674726409767635
v 0.5805528457689259 0.36779837393757814 -0.3677983739375781
v 0.5788210732011555 0.3681204768769281 -0.36812047687692806
v 0.5770877932305097 0.3684389466157876 -0.3684389466157875
v 0.5753530229637622 0.36875378001098874 -0.3687537800109887
v 0.573616779522395 0.36906497395525323 -0.3690649739552532
v 0.5718790800424298 0.36937252537722215 -0.3693725253772221
v 0.5701399416742592 0.36967643124148747 -0.3696764312414874
v 0.5683993815824766 0.3699766885486208 -0.36997668854862076
v 0.5666574169457074 0.37027329433520384 -0.3702732943352038
v 0.5649140649564395 0.37056624567385704 -0.370566245673857
v 0.563169342820853 0.3708555396732692 -0.3708555396732691
v 0.561423267758651 0.37114117347822523 -0.3711411734782252
v 0.5596758570028897 0.3714231442696347 -0.37142314426963463
v 0.5579271277998075 0.3717014492645599 -0.37170144926455984
v 0.5561770974086557 0.3719760857162428 -0.3719760857162427
v 0.554425783101528 0.37224705091413246 -0.3722470509141324
v 0.5526732021631893 0.3725143421839118 -0.3725143421839117
v 0.5509193718909061 0.3727779568875239 -0.37277795688752385
v 0.549164309594275 0.3730378924231981 -0.37303789242319807
v 0.5474080325950523 0.3732941462254756 -0.3732941462254755
v 0.5456505582269832 0.37354671576523474 -0.3735467157652347
v 0.5438919038356298 0.37379559854971617 -0.3737955985497161
v 0.5421320867782012 0.37404079212254737 -0.3740407921225473
v 0.5403711244233813 0.37428229406376673 -0.3742822940637667
v 0.5386090341511576 0.3745201019898475 -0.3745201019898474
v 0.5368458333526496 0.3747542135537215 -0.37475421355372146
v 0.5350815394299373 0.3749846264448021 -0.37498462644480207
v 0.5333161697958897 0.37521133838900717 -0.3752113383890071
v 0.5315497418739922 0.37543434714878127 -0.37543434714878116
v 0.5297822730981752 0.375653650523118 -0.37565365052311794
v 0.5280137809126421 0.3758692463475815 -0.37586924634758145
v 0.5262442827716967 0.3760811324943282 -0.3760811324943281
v 0.5244737961395713 0.37628930687212725 -0.3762893068721272
v 0.5227023384902543 0.3764937674263816 -0.3764937674263815
v 0.5209299273073174 0.3766945121391481 -0.37669451213914806
v 0.5191565800837434 0.3768915390291575 -0.37689153902915745
v 0.5173823143217536 0.377084846151834 -0.37708484615183396
v 0.5156071475326347 0.37727443159931434 -0.3772744315993143
v 0.5138310972365663 0.37746029350046656 -0.3774602935004665
v 0.5120541809624476 0.37764243002090886 -0.3776424300209088
v 0.5102764162477251 0.3778208393630273 -0.37782083936302724
v 0.5084978206382187 0.3779955197659936 -0.37799551976599355
v 0.5067184116879491 0.3781664695057828 -0.37816646950578275
v 0.5049382069589641 0.37833368689519 -0.3783336868951899
v 0.5031572240211658 0.37849717028384694 -0.3784971702838469
v 0.5013754804521368 0.3786569180582388 -0.37865691805823876
v 0.4995929938369667 0.37881292864171934 -0.3788129286417193
v 0.4978097817680789 0.37896520049452714 -0.37896520049452703
v 0.4960258618450566 0.3791137321138005 -0.37911373211380045
v 0.4942412516744691 0.3792585220335923 -0.3792585220335922
v 0.49245596886969845 0.37939956882488446 -0.37939956882488435
v 0.4906700310507651 0.3795368710956022 -0.37953687109560214
v 0.4888834558441544 0.3796704274906274 -0.37967042749062735
v 0.48709626088264235 0.3798002366918124 -0.37980023669181234
v 0.4853084638051216 0.3799262974179929 -0.37992629741799283
v 0.4835200822564277 0.3800486084250002 -0.38004860842500016
v 0.4817311338871644 0.38016716850567434 -0.3801671685056742
v 0.47994163635352993 0.3802819764898749 -0.38028197648987483
v 0.4781516073171424 0.3803930312444936 -0.3803930312444935
v 0.4763610644448659 0.3805003316734648 -0.38050033167346475
v 0.4745700254086357 0.38060387671777657 -0.3806038767177765
v 0.47277850788528375 0.38070366535548106 -0.380703665355481
v 0.47098652955636516 0.3807996966017049 -0.3807996966017048
v 0.4691941081079823 0.3808919695086583 -0.3808919695086582
v 0.46740126123061126 0.380980483165645 -0.3809804831656449
v 0.465608006618927 0.3810652366990708 -0.3810652366990707
v 0.4638143619716285 0.3811462292724527 -0.3811462292724526
v 0.4620203449912644 0.38122346008642666 -0.3812234600864266
v 0.4602259733840579 0.3812969283787556 -0.38129692837875556
v 0.4584312648597324 0.3813666334243373 -0.38136663342433724
v 0.45663623713133655 0.3814325745352111 -0.38143257453521107
v 0.4548409079150692 0.3814947510605647 -0.38149475106056463
v 0.4530452949301051 0.3815531623867411 -0.38155316238674103
v 0.45124941589841927 0.38160780793724386 -0.3816078079372438
v 0.44945328854461286 0.38165868717274365 -0.3816586871727436
v 0.44765693059573786 0.38170579959108286 -0.3817057995910828
v 0.44586035978112176 0.38174914472728105 -0.381749144727281
v 0.4440635938321933 0.3817887221535391 -0.38178872215353904
v 0.44226665048230696 0.3818245314792439 -0.38182453147924383
v 0.4404695474665683 0.38185657235097165 -0.3818565723509716
v 0.43867230252165834 0.38188484445249216 -0.3818848444524921
v 0.4368749333856593 0.381909347504771 -0.38190934750477096
v 0.4350774577978788 0.381930081265973 -0.38193008126597294
v 0.43327989349867535 0.3819470455314644 -0.3819470455314643
v 0.43148225822928277 0.38196024013381463 -0.3819602401338146
v 0.4296845697316355 0.3819696649427983 -0.38196966494279827
v 0.42788684574819313 0.38197531986539646 -0.3819753198653964
v 0.4260891040217656 0.3819772048457971 -0.38197720484579706
v 0.42429136229533837 0.38197531986539646 -0.3819753198653964
v 0.4224936383118961 0.3819696649427983 -0.38196966494279827
v 0.42069594981424846 0.38196024013381463 -0.3819602401338146
v 0.41889831454485593 0.3819470455314644 -0.3819470455314643
v 0.4171007502456525 0.381930081265973 -0.38193008126597294
v 0.4153032746578723 0.381909347504771 -0.38190934750477096
v 0.4135059055218728 0.38188484445249216 -0.3818848444524921
v 0.411708660576963 0.38185657235097165 -0.3818565723509716
v 0.4099115575612244 0.3818245314792439 -0.38182453147924383
v 0.4081146142113382 0.3817887221535391 -0.38178872215353904
v 0.4063178482624098 0.38174914472728105 -0.381749144727281
v 0.4045212774477933 0.38170579959108286 -0.3817057995910828
v 0.4027249194989184 0.38165868717274365 -0.3816586871727436
v 0.4009287921451121 0.38160780793724386 -0.3816078079372438
v 0.39913291311342647 0.3815531623867411 -0.38155316238674103
v 0.3973373001284619 0.3814947510605647 -0.38149475106056463
v 0.39554197091219473 0.381432574535211 -0.38143257453521096
v 0.39374694318379894 0.3813666334243373 -0.38136663342433724
v 0.3919522346594736 0.3812969283787556 -0.38129692837875556
v 0.3901578630522672 0.38122346008642666 -0.3812234600864266
v 0.38836384607190266 0.3811462292724527 -0.3811462292724526
v 0.3865702014246043 0.3810652366990708 -0.3810652366990707
v 0.38477694681292013 0.380980483165645 -0.3809804831656449
v 0.3829840999355492 0.3808919695086583 -0.3808919695086582
v 0.38119167848716595 0.3807996966017049 -0.3807996966017048
v 0.3793997001582474 0.38070366535548106 -0.380703665355481
v 0.3776081826348957 0.38060387671777657 -0.3806038767177765
v 0.3758171435986656 0.3805003316734648 -0.38050033167346475
v 0.37402660072638916 0.3803930312444936 -0.3803930312444935
v 0.3722365716900013 0.3802819764898749 -0.38028197648987483
v 0.3704470741563669 0.38016716850567434 -0.3801671685056742
v 0.36865812578710366 0.3800486084250002 -0.38004860842500016
v 0.3668697442384099 0.3799262974179929 -0.37992629741799283
v 0.36508194716088926 0.3798002366918124 -0.37980023669181234
v 0.3632947521993768 0.37967042749062735 -0.3796704274906273
v 0.36150817699276616 0.3795368710956022 -0.37953687109560214
v 0.35972223917383295 0.37939956882488446 -0.37939956882488435
v 0.3579369563690624 0.3792585220335923 -0.3792585220335922
v 0.3561523461984746 0.3791137321138004 -0.37911373211380034
v 0.35436842627545234 0.37896520049452714 -0.37896520049452703
v 0.3525852142065647 0.3788129286417193 -0.37881292864171917
v 0.35080272759139475 0.3786569180582388 -0.37865691805823876
v 0.3490209840223658 0.37849717028384694 -0.3784971702838469
v 0.34724000108456715 0.37833368689519 -0.3783336868951899
v 0.34545979635558227 0.3781664695057828 -0.37816646950578275
v 0.34368038740531276 0.3779955197659936 -0.37799551976599355
v 0.34190179179580643 0.3778208393630273 -0.37782083936302724
v 0.3401240270810835 0.37764243002090886 -0.3776424300209088
v 0.338347110806965 0.37746029350046656 -0.3774602935004665
v 0.33657106051089664 0.37727443159931434 -0.3772744315993143
v 0.33479589372177787 0.377084846151834 -0.37708484615183396
v 0.3330216279597881 0.3768915390291576 -0.37689153902915756
v 0.3312482807362138 0.3766945121391481 -0.37669451213914806
v 0.329475869553277 0.3764937674263816 -0.3764937674263815
v 0.32770441190396005 0.37628930687212725 -0.3762893068721272
v 0.32593392527183485 0.3760811324943282 -0.3760811324943281
v 0.32416442713088905 0.37586924634758145 -0.3758692463475814
v 0.32239593494535607 0.3756536505231179 -0.37565365052311783
v 0.3206284661695392 0.37543434714878127 -0.37543434714878116
v 0.3188620382476418 0.37521133838900717 -0.3752113383890071
v 0.31709666861359426 0.3749846264448021 -0.37498462644480207
v 0.31533237469088166 0.37475421355372146 -0.3747542135537214
v 0.31356917389237376 0.3745201019898474 -0.37452010198984736
v 0.3118070836201501 0.37428229406376673 -0.3742822940637667
v 0.31004612126533027 0.37404079212254737 -0.3740407921225473
v 0.3082863042079013 0.37379559854971617 -0.3737955985497161
v 0.3065276498165481 0.37354671576523474 -0.3735467157652347
v 0.304770175448479 0.3732941462254755 -0.37329414622547546
v 0.30301389844925647 0.3730378924231981 -0.37303789242319807
v 0.3012588361526255 0.3727779568875239 -0.37277795688752385
v 0.29950500588034185 0.3725143421839118 -0.3725143421839117
v 0.29775242494200327 0.37224705091413235 -0.3722470509141323
v 0.2960011106348756 0.3719760857162428 -0.3719760857162427
v 0.29425108024372404 0.3717014492645599 -0.37170144926455984
v 0.2925023510406415 0.3714231442696347 -0.37142314426963463
v 0.29075494028488025 0.37114117347822523 -0.3711411734782252
v 0.28900886522267843 0.3708555396732692 -0.3708555396732691
v 0.287264143087092 0.37056624567385704 -0.370566245673857
v 0.28552079109782413 0.37027329433520384 -0.3702732943352038
v 0.2837788264610546 0.3699766885486208 -0.36997668854862076
v 0.28203826636927215 0.3696764312414874 -0.36967643124148736
v 0.28029912800110157 0.36937252537722215 -0.3693725253772221
v 0.2785614285211366 0.3690649739552531 -0.36906497395525306
v 0.2768251850797694 0.36875378001098874 -0.3687537800109887
v 0.27509041481302143 0.36843894661578747 -0.3684389466157874
v 0.27335713484237584 0.36812047687692806 -0.368120476876928
v 0.27162536227460565 0.3677983739375781 -0.367798373937578
v 0.26989511420160694 0.3674726409767636 -0.3674726409767635
v 0.26816640770022915 0.3671432812093372 -0.36714328120933715
v 0.26643925983210864 0.36681029788594716 -0.3668102978859471
v 0.264713687643497 0.3664736942930042 -0.36647369429300414
v 0.26298970816509515 0.3661334737526501 -0.36613347375265004
v 0.26126733841188454 0.3657896396227241 -0.36578963962272404
v 0.25954659538295877 0.36544219529673017 -0.3654421952967301
v 0.25782749606135774 0.3650911442038037 -0.3650911442038036
v 0.25611005741389736 0.36473648980867723 -0.3647364898086772
v 0.25439429639100375 0.3643782356116464 -0.36437823561164634
v 0.25268022992654493 0.36401638514853546 -0.3640163851485354
v 0.25096787493766587 0.36365094199066256 -0.3636509419906625
v 0.2492572483246186 0.363281909744804 -0.36328190974480395
v 0.24754836697059718 0.36290929205315914 -0.3629092920531591
v 0.24584124774157057 0.3625330925933141 -0.36253309259331407
v 0.24413590748611605 0.36215331507820564 -0.3621533150782056
v 0.24243236303525428 0.3617699632560846 -0.36176996325608457
v 0.24073063120228086 0.36138304091047874 -0.3613830409104787
v 0.23903072878260193 0.3609925518601553 -0.3609925518601552
v 0.2373326725535676 0.36059849995908344 -0.3605984999590834
v 0.23563647927430825 0.36020088909639664 -0.3602008890963966
v 0.23394216568556636 0.3597997231963534 -0.35979972319635334
v 0.232249748509533 0.35939500621829923 -0.3593950062182992
v 0.2305592444496824 0.3589867421566274 -0.35898674215662735
v 0.2288706701906067 0.3585749350407391 -0.35857493504073906
v 0.22718404239785311 0.35815958893500466 -0.3581595889350046
v 0.2254993777177565 0.3577407079387223 -0.35774070793872226
v 0.2238166927772772 0.3573182961860784 -0.35731829618607835
v 0.22213600418383567 0.3568923578461062 -0.3568923578461061
v 0.22045732852515093 0.3564628971226454 -0.35646289712264534
v 0.2187806823690733 0.3560299182543 -0.35602991825429997
v 0.2171060822634237 0.3555934255143965 -0.35559342551439643
v 0.2154335447358289 0.355153423210942 -0.35515342321094195
v 0.21376308629355878 0.35470991568658156 -0.3547099156865815
v 0.21209472342336455 0.3542629073185556 -0.35426290731855553
v 0.21042847259131384 0.35381240251865614 -0.3538124025186561
v 0.2087643502426296 0.35335840573318356 -0.3533584057331835
v 0.2071023728015272 0.35290092144290297 -0.3529009214429029
v 0.20544255667105385 0.35243995416299967 -0.3524399541629996
v 0.20378491823292424 0.35197550844303455 -0.3519755084430345
v 0.20212947384736055 0.3515075888668993 -0.35150758886689926
v 0.2004762398529305 0.3510362000527714 -0.35103620005277136
v 0.1988252325663857 0.3505613466530678 -0.35056134665306776
v 0.19717646828250252 0.3500830333544003 -0.3500830333544002
v 0.19552996327391836 0.3496012648775278 -0.34960126487752774
v 0.19535632306604025 0.3495516847235763 -0.34955083361050665
v 0.19522075547558787 0.34951306303128793 -0.34951129283595717
v 0.1951165519334723 0.3494834200519483 -0.34948069363419354
v 0.19503700387060455 0.3494607760368432 -0.34945708708553014
v 0.1949754027178956 0.3494431512372582 -0.34943852427028127
v 0.19492503990625643 0.3494285659044791 -0.34942305626876125
v 0.19487920686659804 0.3494150402897915 -0.34940873416128443
v 0.1948311950298314 0.3494005946444811 -0.349393609028165
v 0.19477429582686753 0.3493832492198336 -0.34937573194971744
v 0.19470180068861737 0.3493610242671347 -0.349353154006256
v 0.19460700104599193 0.34933194003767004 -0.34932392627809494
v 0.1944831883299022 0.34929401678272537 -0.3492860998455486
v 0.19432365397125914 0.3492452747535863 -0.3492377257889313
v 0.19412168940097377 0.34918373420153864 -0.3491768551885574
v 0.19387058604995708 0.34910741537786794 -0.3491015391247412
v 0.19356363534912002 0.34901433853385994 -0.34900982867779695
v 0.1931941287293736 0.34890252392080034 -0.348899774928039
v 0.19275535762162882 0.3487699917899748 -0.34876942895578167
v 0.19224061345679663 0.34861476239266903 -0.3486168418413393
v 0.19164318766578806 0.3484348559801687 -0.34844006466502614
v 0.19095637167951407 0.34822829280375955 -0.3482371485071566
v 0.19017345692888565 0.3479930931147272 -0.34800614444804484
v 0.18928773484481376 0.34772727716435736 -0.34774510356800536
v 0.18829249685820945 0.3474288652039357 -0.3474520769473523
v 0.18718103439998365 0.3470958774847479 -0.34712511566640014
v 0.18594663890104737 0.3467263342580797 -0.34676227080546307
v 0.1845826017923116 0.34631825577521674 -0.34636159344485545
v 0.1830822145046873 0.34586966228744476 -0.3459211346648916
v 0.18143947370690214 0.345378191953126 -0.34543850685121974
v 0.17965119701895027 0.3448399545589296 -0.3449095676108237
v 0.17771490729864245 0.3442506777986009 -0.34432973585602134
v 0.17562812740378952 0.3436060893658857 -0.3436944304991304
v 0.1733883801922022 0.3429019169545296 -0.34299907045246864
v 0.17099318852169143 0.3421338882582781 -0.34223907462835385
v 0.1684400752500679 0.34129773097087696 -0.34140986193910383
v 0.16572656323514245 0.3403891727860717 -0.3405068512970364
v 0.16285017533472587 0.33940394139760793 -0.3395254616144692
v 0.15980843440662892 0.33833776449923125 -0.3384611118037202
v 0.1565988633086625 0.3371863697846873 -0.33730922077710707
v 0.15321898489863733 0.3359454849477217 -0.33606520744694757
v 0.14966632203436425 0.33461083768208005 -0.33472449072555954
v 0.14593839757365404 0.33317815568150794 -0.3332824895252608
v 0.1420327343743174 0.3316431666397509 -0.33173462275836896
v 0.1379468552941653 0.3300015982505547 -0.330076309337202
v 0.13367828319100852 0.32824917820766486 -0.3283029681740776
v 0.12922454092265775 0.326381634204827 -0.3264100181813136
v 0.1245831513469239 0.3243946939357868 -0.3243928782712277
v 0.1197516373216176 0.3222840850942897 -0.32224696735613767
v 0.11472752170454985 0.3200455353740815 -0.3199677043483614
v 0.10950832735353136 0.31767477246890763 -0.3175505081602167
v 0.10409157712637294 0.31516752407251386 -0.31499079770402116
v 0.09847479388088538 0.3125195178786457 -0.3122839918920927
v 0.09265550047487948 0.3097264815810488 -0.3094255096367491
v 0.08663121976616593 0.3067841428734687 -0.306410769850308
v 0.08039947461255577 0.3036882294496511 -0.30323519144508737
v 0.07395778787185966 0.30043446900334164 -0.29989419333340495
v 0.06730863596439336 0.29701876403721156 -0.29638499253749495
v 0.06047430956049267 0.29343771628963505 -0.29271199851925783
v 0.053482052892998136 0.289688102307912 -0.28888141885051033
v 0.04635911019475073 0.2857666986393424 -0.28489946110306946
v 0.03913272569859106 0.28167028183122617 -0.280772332848752
v 0.03183014363735982 0.2773956284308632 -0.27650624165937493
v 0.024478608243897727 0.2729395149855534 -0.272107395106755
v 0.017105363751045505 0.26829871804259664 -0.26758200076270916
v 0.009737654391643735 0.2634700141492928 -0.26293626619905414
v 0.0024027243985333857 0.25845017985294194 -0.258176398987607
v -0.0048721819954449345 0.2532359917008439 -0.25330860670018457
v -0.012059820557450541 0.24782422624029857 -0.24833909690860367
v -0.019132947054642673 0.2422116600186059 -0.2432740771846812
v -0.02606431725418082 0.23639506958306566 -0.2381197551002339
v -0.032826686923223936 0.230371231480978 -0.23288233822707888
v -0.03939281182893145 0.22413692225964268 -0.2275680341370329
v -0.04573544773846268 0.21768891846635968 -0.2221830504019128
v -0.05182735041897689 0.21102399664842889 -0.2167335945935355
v -0.057641275637633424 0.20413893335315006 -0.21122587428371775
v -0.06314997916159144 0.1970305051278234 -0.20566609704427663
v -0.06832621675801027 0.18969548851974868 -0.2000604704470289
v -0.07314274419404922 0.1821306600762258 -0.19441520206379143
v -0.0775723172368676 0.1743327963445547 -0.1887364994663811
v -0.08158769165362473 0.16629867387203517 -0.18303057022661468
v -0.08516162321147974 0.15802506920596732 -0.17730362191630925
v -0.08826686767759198 0.149508758893651 -0.17156186210728155
v -0.09087618081912083 0.1407465194823861 -0.1658114983713485
v -0.09296231840322544 0.1317351275194725 -0.16005873828032693
v -0.09450585537941254 0.12247878622092605 -0.15430873204100362
v -0.09551864342657825 0.11301140547762532 -0.1485624004000444
v -0.096020353405966 0.10337432184916549 -0.14281960673908534
v -0.0960306561788193 0.09360887189514111 -0.1370802144397622
v -0.0955692226063816 0.08375639217514692 -0.13134408688371085
v -0.09465572354989642 0.07385821924877768 -0.1256110874525671
v -0.09330982987060717 0.06395568967562791 -0.11988107952796677
v -0.09155121242975739 0.054090140015292734 -0.11415392649154586
v -0.08939954208859054 0.04430290682736669 -0.10842949172494015
v -0.08687448970835009 0.03463532667144453 -0.10270763860978546
v -0.0839957261502795 0.025128736107120988 -0.09698823052771767
v -0.0807829222756223 0.0158244716939908 -0.09127113086037261
v -0.07725574894562183 0.0067638699916485285 -0.08555620298938604
v -0.07343387702152175 -0.0020117324403107115 -0.07984331029639403
v -0.06933697736456546 -0.010460999042292437 -0.07413231616303233
v -0.0649847208359964 -0.018542593254701832 -0.06842308397093677
v -0.060396778297058126 -0.026215178517944186 -0.0627154771017432
v -0.05559282060899396 -0.03343741827242493 -0.057009358937087404
v -0.05059251863304757 -0.04016797595854898 -0.051304592858605405
v -0.04541554323046233 -0.04636551501672178 -0.045601042247932974
v -0.04008156526248177 -0.051988698887348604 -0.03989857048670595
v -0.03461025559034932 -0.05699619101083469 -0.034197040956560176
v -0.029021285075308358 -0.06134665482758541 -0.02849631703913144
v -0.023334324578602593 -0.06499875377800585 -0.022796262116055732
v -0.017569044961475357 -0.06791115130250133 -0.0170967395689689
v -0.01174511708517017 -0.07004251084147714 -0.01139761277950671
v -0.005882211810930496 -0.07135149583533856 -0.005698745129305044
v 3.242743389643252e-16 -0.07179676972449078 3.608224830031759e-16
v 0.005881857219573767 -0.07135077570594082 0.005698758296930472
v 0.011743737652522082 -0.07004107600310215 0.011397661730634771
v 0.01756602883677271 -0.06790901259599 0.017096841340419687
v 0.023329118310253038 -0.06499592746461956 0.02279642816559163
v 0.029013393610890448 -0.061343162589006066 0.02849655324545703
v 0.03459924227661253 -0.056992059949164516 0.03419734761932253
v 0.04006705184534626 -0.05198396152511045 0.039898942326494095
v 0.04539720985501922 -0.04636020929685892 0.04560146840627838
v 0.050570103843558825 -0.040162145244425136 0.05130505689798181
v 0.05556612134889243 -0.0334311113478243 0.057009838840910786
v 0.06036564990894762 -0.026208449587071317 0.06271594527437194
v 0.06494907706165141 -0.018535501942181946 0.0684235072376713
v 0.06929679034493136 -0.010453610393171138 0.07413265577011546
v 0.07338917729671486 -0.002004116920054084 0.07984352191101088
v 0.07720662545492932 0.006771636497154 0.08555623669966395
v 0.0807295223575021 0.015832307878437927 0.0912709311753811
v 0.08393825554236059 0.02513655524378249 0.09698773637746874
v 0.08681321254743218 0.03464303661317249 0.10270678334523331
v 0.08933478091064426 0.04431041000659271 0.10842820311798122
v 0.0914833481699242 0.05409733344402794 0.11415212673501889
v 0.09323930186319943 0.063962464945463 0.11987868523565275
v 0.09458302952839727 0.07386446253088268 0.1256080096591892
v 0.09549491870344515 0.0837619842202718 0.1313402310449347
v 0.09595535692627044 0.09361368803361513 0.1370754804321956
v 0.09594473173480053 0.10337823199089742 0.14281388886027838
v 0.09544343066696283 0.11301427411210356 0.14855558736848945
v 0.09443184126068463 0.12248047241721861 0.15430070699613543
v 0.09289035105389343 0.13173548492622672 0.16004937878252234
v 0.09080714628275074 0.14074539958852267 0.16580067951545752
v 0.08820160797635498 0.14950602407113964 0.1715494689767511
v 0.08510091586203868 0.15802059597052037 0.1772895526967139
v 0.08153224966713438 0.16629235288310767 0.18301473620565678
v 0.0775227891189745 0.17432453240534465 0.1887188250338908
v 0.07309971394489187 0.1821203721336735 0.1943956247117264
v 0.06829020387221893 0.18968310966453727 0.2000389407694746
v 0.06312143862828823 0.1970159825943788 0.20564257873744624
v 0.057620597940432304 0.20412222851964085 0.21120034414595218
v 0.051814861535983726 0.21100508503676624 0.2167060425253033
v 0.04573140914227505 0.21766778974219775 0.22215347940581037
v 0.03939742048663882 0.22411358023237815 0.2275364603177843
v 0.032840075296407624 0.23034569410375028 0.23284879079153592
v 0.02608655329891399 0.23636736895275695 0.23808427635737606
v 0.019164034221490465 0.24218184237584084 0.24323672254561557
v 0.01209969779146962 0.24779235196944485 0.2482999348865653
v 0.004920723736184022 0.25320213533001174 0.25326771891053607
v -0.002345708217033778 0.25841443005398435 0.2581338801478388
v -0.00967241834085126 0.2634324737378053 0.2628922241287842
v -0.017032226907936095 0.26825950397791776 0.2675365563836834
v -0.024397954190955216 0.27289875837076405 0.27206068244284687
v -0.03174242046257631 0.27735347451278725 0.2764584078365856
v -0.039038445995466846 0.28162689000043006 0.28072353809521045
v -0.046258851062294264 0.2857222424301352 0.28484987874903234
v -0.05337645593572598 0.2896427693983457 0.28883123532836197
v -0.060364080888429726 0.2933917085015043 0.2926614133635104
v -0.06719454619307243 0.29697229733605357 0.29633421838478824
v -0.07384067212232177 0.3003877734984364 0.29984345592250644
v -0.08028021383991125 0.3036415447436442 0.3031847251141776
v -0.08651066607383813 0.30673769946086255 0.30636079952612144
v -0.09253445844316581 0.30968049619782567 0.30937624633185945
v -0.09835402056695762 0.31247419350226774 0.3122356327049132
v -0.10397178206427693 0.31512304992192297 0.3149435258188042
v -0.10939017255418708 0.31763132400452543 0.31750449284705384
v -0.1146116216557514 0.32000327429780945 0.31992310096318377
v -0.11963855898803326 0.32224315934950915 0.3222039173407154
v -0.124473414170096 0.3243552377073587 0.32435150915317024
v -0.12911861682100298 0.3263437679190923 0.32637044357406986
v -0.13357659655981755 0.3282130085324441 0.32826528777693564
v -0.137849783005603 0.32996721809514834 0.3300406089352892
v -0.14194060577742276 0.3316106551549392 0.331700974222652
v -0.14585149449434026 0.3331475782595509 0.33325095081254563
v -0.1495848787754186 0.3345822459567175 0.33469510587849144
v -0.15314318823972123 0.33591891679417324 0.336038006594011
v -0.15652885250631154 0.3371618493196523 0.3372842201326258
v -0.15974430119425287 0.33831530208088895 0.33843831366785737
v -0.16279196392260867 0.3393835336256173 0.3395048543732273
v -0.16567427031044202 0.3403708025015715 0.3404884094222569
v -0.16839364997681644 0.3412813672564857 0.34139354598846783
v -0.1709525325407953 0.3421194864380943 0.3422248312453815
v -0.1733533476214419 0.34288941859413125 0.3429868323665195
v -0.17559852483781957 0.34359542227233086 0.3436841165254032
v -0.17769049380899174 0.3442417560204273 0.3443212508955543
v -0.1796316841540217 0.3448326783861547 0.34490280265049417
v -0.18142452549197274 0.3453724479172473 0.3454333389637443
v -0.18307144744190834 0.34586532316143925 0.3459174270088263
v -0.18457559590019543 0.3463151838769039 0.34635919867523207
v -0.18594298187241595 0.34672439466357097 0.346761044716336
v -0.18718033264145548 0.3470949413318094 0.34712492060148276
v -0.18829437549019956 0.34742880969198814 0.3474527818000171
v -0.18929183770153377 0.3477279855544761 0.34774658378128387
v -0.19017944655834373 0.34799445472964213 0.3480082820146278
v -0.19096392934351492 0.3482302030278552 0.3482398319693936
v -0.19165201333993298 0.3484372162594841 0.34844318911492617
v -0.1922504258304835 0.3486174802348979 0.34862030892057017
v -0.19276589409805198 0.3487729807644654 0.3487731468556704
v -0.19320514542552406 0.34890570365855555 0.34890365838957166
v -0.1935749070957853 0.34901763472753733 0.34901379899161866
v -0.19388190639172126 0.3491107597817795 0.3491055241311562
v -0.19413287059621753 0.3491870646316511 0.3491807892775291
v -0.19433452699215967 0.34924853508752096 0.34924154990008205
v -0.19449360286243325 0.34929715695975805 0.3492897614681598
v -0.19461682548992387 0.34933491605873124 0.34932737945110726
v -0.1947109221575171 0.3493637981948094 0.349356359318269
v -0.19478262014809847 0.34938578917836155 0.34937865653899003
v -0.19483864674455362 0.3494028748197565 0.3493962265826149
v -0.19488572922976807 0.34941704092936327 0.34941102491848847
v -0.19493059488662742 0.3494302733175506 0.3494250070159555
v -0.19497997099801723 0.3494445577946876 0.34944012834436083
v -0.1950405848468231 0.34946188017114305 0.3494583443730491
v -0.19511916371593058 0.34948422625728587 0.3494816105713652
v -0.19522243488822524 0.34951358186348497 0.34951188240865383
v -0.1953571256465927 0.3495519328001093 0.34955111535425976
l 0 1
l 1 2
l 2 3
l 3 4
l 4 5
l 5 6
l 6 7
l 7 8
l 8 9
l 9 10
l 10 11
l 11 12
l 12 13
l 13 14
l 14 15
l 15 16
l 16 17
l 17 18
l 18 19
l 19 20
l 20 21
l 21 22
l 22 23
l 23 24
l 24 25
l 25 26
l 26 27
l 27 28
l 28 29
l 29 30
l 30 31
l 31 32
l 32 33
l 33 34
l 34 35
l 35 36
l 36 37
l 37 38
l 38 39
l 39 40
l 40 41
l 41 42
l 42 43
l 43 44
l 44 45
l 45 46
l 46 47
l 47 48
l 48 49
l 49 50
l 50 51
l 51 52
l 52 53
l 53 54
l 54 55
l 55 56
l 56 57
l 57 58
l 58 59
l 59 60
l 60 61
l 61 62
l 62 63
l 63 64
l 64 65
l 65 66
l 66 67
l 67 68
l 68 69
l 69 70
l 70 71
l 71 72
l 72 73
l 73 74
l 74 75
l 75 76
l 76 77
l 77 78
l 78 79
l 79 80
l 80 81
l 81 82
l 82 83
l 83 84
l 84 85
l 85 86
l 86 87
l 87 88
l 88 89
l 89 90
l 90 91
l 91 92
l 92 93
l 93 94
l 94 95
l 95 96
l 96 97
l 97 98
l 98 99
l 99 100
l 100 101
l 101 102
l 102 103
l 103 104
l 104 105
l 105 106
l 106 107
l 107 108
l 108 109
l 109 110
l 110 111
l 111 112
l 112 113
l 113 114
l 114 115
l 115 116
l 116 117
l 117 118
l 118 119
l 119 120
l 120 121
l 121 122
l 122 123
l 123 124
l 124 125
l 125 126
l 126 127
l 127 128
l 128 129
l 129 130
l 130 131
l 131 132
l 132 133
l 133 134
l 134 135
l 135 136
l 136 137
l 137 138
l 138 139
l 139 140
l 140 141
l 141 142
l 142 143
l 143 144
l 144 145
l 145 146
l 146 147
l 147 148
l 148 149
l 149 150
l 150 151
l 151 152
l 152 153
l 153 154
l 154 155
l 155 156
l 156 157
l 157 158
l 158 159
l 159 160
l 160 161
l 161 162
l 162 163
l 163 164
l 164 165
l 165 166
l 166 167
l 167 168
l 168 169
l 169 170
l 170 171
l 171 172
l 172 173
l 173 174
l 174 175
l 175 176
l 176 177
l 177 178
l 178 179
l 179 180
l 180 181
l 181 182
l 182 183
l 183 184
l 184 185
l 185 186
l 186 187
l 187 188
l 188 189
l 189 190
l 190 191
l 191 192
l 192 193
l 193 194
l 194 195
l 195 196
l 196 197
l 197 198
l 198 199
l 199 200
l 200 201
l 201 202
l 202 203
l 203 204
l 204 205
l 205 206
l 206 207
l 207 208
l 208 209
l 209 210
l 210 211
l 211 212
l 212 213
l 213 214
l 214 215
l 215 216
l 216 217
l 217 218
l 218 219
l 219 220
l 220 221
l 221 222
l 222 223
l 223 224
l 224 225
l 225 226
l 226 227
l 227 228
l 228 229
l 229 230
l 230 231
l 231 232
l 232 233
l 233 234
l 234 235
l 235 236
l 236 237
l 237 238
l 238 239
l 239 240
l 240 241
l 241 242
l 242 243
l 243 244
l 244 245
l 245 246
l 246 247
l 247 248
l 248 249
l 249 250
l 250 251
l 251 252
l 252 253
l 253 254
l 254 255
l 255 256
l 256 257
l 257 258
l 258 259
l 259 260
l 260 261
l 261 262
l 262 263
l 263 264
l 264 265
l 265 266
l 266 267
l 267 268
l 268 269
l 269 270
l 270 271
l 271 272
l 272 273
l 273 274
l 274 275
l 275 276
l 276 277
l 277 278
l 278 279
l 279 280
l 280 281
l 281 282
l 282 283
l 283 284
l 284 285
l 285 286
l 286 287
l 287 288
l 288 289
l 289 290
l 290 291
l 291 292
l 292 293
l 293 294
l 294 295
l 295 296
l 296 297
l 297 298
l 298 299
l 299 300
l 300 301
l 301 302
l 302 303
l 303 304
l 304 305
l 305 306
l 306 307
l 307 308
l 308 309
l 309 310
l 310 311
l 311 312
l 312 313
l 313 314
l 314 315
l 315 316
l 316 317
l 317 318
l 318 319
l 319 320
l 320 321
l 321 322
l 322 323
l 323 324
l 324 325
l 325 326
l 326 327
l 327 328
l 328 329
l 329 330
l 330 331
l 331 332
l 332 333
l 333 334
l 334 335
l 335 336
l 336 337
l 337 338
l 338 339
l 339 340
l 340 341
l 341 342
l 342 343
l 343 344
l 344 345
l 345 346
l 346 347
l 347 348
l 348 349
l 349 350
l 350 351
l 351 352
l 352 353
l 353 354
l 354 355
l 355 356
l 356 357
l 357 358
l 358 359
l 359 360
l 360 361
l 361 362
l 362 363
l 363 364
l 364 365
l 365 366
l 366 367
l 367 368
l 368 369
l 369 370
l 370 371
l 371 372
l 372 373
l 373 374
l 374 375
l 375 376
l 376 377
l 377 378
l 378 379
l 379 380
l 380 381
l 381 382
l 382 383
l 383 384
l 384 385
l 385 386
l 386 387
l 387 388
l 388 389
l 389 390
l 390 391
l 391 392
l 392 393
l 393 394
l 394 395
l 395 396
l 396 397
l 397 398
l 398 399
l 399 400
l 400 401
l 401 402
l 402 403
l 403 404
l 404 405
l 405 406
l 406 407
l 407 408
l 408 409
l 409 410
l 410 411
l 411 412
l 412 413
l 413 414
l 414 415
l 415 416
l 416 417
l 417 418
l 418 419
l 419 420
l 420 421
l 421 422
l 422 423
l 423 424
l 424 425
l 425 426
l 426 427
l 427 428
l 428 429
l 429 430
l 430 431
l 431 432
l 432 433
l 433 434
l 434 435
l 435 436
l 436 437
l 437 438
l 438 439
l 439 440
l 440 441
l 441 442
l 442 443
l 443 444
l 444 445
l 445 446
l 446 447
l 447 448
l 448 449
l 449 450
l 450 451
l 451 452
l 452 453
l 453 454
l 454 455
l 455 456
l 456 457
l 457 458
l 458 459
l 459 460
l 460 461
l 461 462
l 462 463
l 463 464
l 464 465
l 465 466
l 466 467
l 467 468
l 468 469
l 469 470
l 470 471
l 471 472
l 472 473
l 473 474
l 474 475
l 475 476
l 476 477
l 477 478
l 478 479
l 479 480
l 480 481
l 481 482
l 482 483
l 483 484
l 484 485
l 485 486
l 486 487
l 487 488
l 488 489
l 489 490
l 490 491
l 491 492
l 492 493
l 493 494
l 494 495
l 495 496
l 496 497
l 497 498
l 498 499
l 499 500
l 500 501
l 501 502
l 502 503
l 503 504
l 504 505
l 505 506
l 506 507
l 507 508
l 508 509
l 509 510
l 510 511
l 511 512
l 512 513
l 513 514
l 514 515
l 515 516
l 516 517
l 517 518
l 518 519
l 519 520
l 520 521
l 521 522
l 522 523
l 523 524
l 524 525
l 525 526
l 526 527
l 527 528
l 528 529
l 529 530
l 530 531
l 531 532
l 532 533
l 533 534
l 534 535
l 535 536
l 536 537
l 537 538
l 538 539
l 539 540
l 540 541
l 541 542
l 542 543
l 543 544
l 544 545
l 545 546
l 546 547
l 547 548
l 548 549
l 549 550
l 550 551
l 551 552
l 552 553
l 553 554
l 554 555
l 555 556
l 556 557
l 557 558
l 558 559
l 559 560
l 560 561
l 561 562
l 562 563
l 563 564
l 564 565
l 565 566
l 566 567
l 567 568
l 568 569
l 569 570
l 570 571
l 571 572
l 572 573
l 573 574
l 574 575
l 575 576
l 576 577
l 577 578
l 578 579
l 579 580
l 580 581
l 581 582
l 582 583
l 583 584
l 584 585
l 585 586
l 586 587
l 587 588
l 588 589
l 589 590
l 590 591
l 591 592
l 592 593
l 593 594
l 594 595
l 595 596
l 596 597
l 597 598
l 598 599
l 599 600
l 600 601
l 601 602
l 602 603
l 603 604
l 604 605
l 605 606
l 606 607
l 607 608
l 608 609
l 609 610
l 610 611
l 611 612
l 612 613
l 613 614
l 614 615
l 615 616
l 616 617
l 617 618
l 618 619
l 619 620
l 620 621
l 621 622
l 622 623
l 623 624
l 624 625
l 625 626
l 626 627
l 627 628
l 628 629
l 629 630
l 630 631
l 631 632
l 632 633
l 633 634
l 634 635
l 635 636
l 636 637
l 637 638
l 638 639
l 639 640
l 640 641
l 641 642
l 642 643
l 643 644
l 644 645
l 645 646
l 646 647
l 647 648
l 648 649
l 649 650
l 650 651
l 651 652
l 652 653
l 653 654
l 654 655
l 655 656
l 656 657
l 657 658
l 658 659
l 659 660
l 660 661
l 661 662
l 662 663
l 663 664
l 664 665
l 665 666
l 666 667
l 667 668
l 668 669
l 669 670
l 670 671
l 671 672
l 672 673
l 673 674
l 674 675
l 675 676
l 676 677
l 677 678
l 678 679
l 679 680
l 680 681
l 681 682
l 682 683
l 683 684
l 684 685
l 685 686
l 686 687
l 687 688
l 688 689
l 689 690
l 690 691
l 691 692
l 692 693
l 693 694
l 694 695
l 695 696
l 696 697
l 697 698
l 698 699
l 699 700
l 700 701
l 701 702
l 702 703
l 703 704
l 704 705
l 705 706
l 706 707
l 707 708
l 708 709
l 709 710
l 710 711
l 711 712
l 712 713
l 713 714
l 714 715
l 715 716
l 716 717
l 717 718
l 718 719
l 719 720
l 720 721
l 721 722
l 722 723
l 723 724
l 724 725
l 725 726
l 726 727
l 727 728
l 728 729
l 729 730
l 730 731
l 731 732
l 732 733
l 733 734
l 734 735
l 735 736
l 736 737
l 737 738
l 738 739
l 739 740
l 740 741
l 741 742
l 742 743
l 743 744
l 744 745
l 745 746
l 746 747
l 747 748
l 748 749
l 749 750
l 750 751
l 751 752
l 752 753
l 753 754
l 754 755
l 755 756
l 756 757
l 757 758
l 758 759
l 759 760
l 760 761
l 761 762
l 762 763
l 763 764
l 764 765
l 765 766
l 766 767
l 767 768
l 768 769
l 769 770
l 770 771
l 771 772
l 772 773
l 773 774
l 774 775
l 775 776
l 776 777
l 777 778
l 778 779
l 779 780
l 780 781
l 781 782
l 782 783
l 783 784
l 784 785
l 785 786
l 786 787
l 787 788
l 788 789
l 789 790
l 790 791
l 791 792
l 792 793
l 793 794
l 794 795
l 795 796
l 796 797
l 797 798
l 798 799
l 799 800
l 800 801
l 801 802
l 802 803
l 803 804
l 804 805
l 805 806
l 806 807
l 807 808
l 808 809
l 809 810
l 810 811
l 811 812
l 812 813
l 813 814
l 814 815
l 815 816
l 816 817
l 817 818
l 818 819
l 819 820
l 820 821
l 821 822
l 822 823
l 823 824
l 824 825
l 825 826
l 826 827
l 827 828
l 828 829
l 829 830
l 830 831
l 831 832
l 832 833
l 833 834
l 834 835
l 835 836
l 836 837
l 837 838
l 838 839
l 839 840
l 840 841
l 841 842
l 842 843
l 843 844
l 844 845
l 845 846
l 846 847
l 847 848
l 848 849
l 849 850
l 850 851
l 851 852
l 852 853
l 853 854
l 854 855
l 855 856
l 856 857
l 857 858
l 858 859
l 859 860
l 860 861
l 861 862
l 862 863
l 863 864
l 864 865
l 865 866
l 866 867
l 867 868
l 868 869
l 869 870
l 870 871
l 871 872
l 872 873
l 873 874
l 874 875
l 875 876
l 876 877
l 877 878
l 878 879
l 879 880
l 880 881
l 881 882
l 882 883
l 883 884
l 884 885
l 885 886
l 886 887
l 887 888
l 888 889
l 889 890
l 890 891
l 891 892
l 892 893
l 893 894
l 894 895
l 895 896
l 896 897
l 897 898
l 898 899
l 899 900
l 900 901
l 901 902
l 902 903
l 903 904
l 904 905
l 905 906
l 906 907
l 907 908
l 908 909
l 909 910
l 910 911
l 911 912
l 912 913
l 913 914
l 914 915
l 915 916
l 916 917
l 917 918
l 918 919
l 919 920
l 920 921
l 921 922
l 922 923
l 923 924
l 924 925
l 925 926
l 926 927
l 927 928
l 928 929
l 929 930
l 930 931
l 931 932
l 932 933
l 933 934
l 934 935
l 935 936
l 936 937
l 937 938
l 938 939
l 939 940
l 940 941
l 941 942
l 942 943
l 943 944
l 944 945
l 945 946
l 946 947
l 947 948
l 948 949
l 949 950
l 950 951
l 951 952
l 952 953
l 953 954
l 954 955
l 955 956
l 956 957
l 957 958
l 958 959
l 959 960
l 960 961
l 961 962
l 962 963
l 963 964
l 964 965
l 965 966
l 966 967
l 967 968
l 968 969
l 969 970
l 970 971
l 971 972
l 972 973
l 973 974
l 974 975
l 975 976
l 976 977
l 977 978
l 978 979
l 979 980
l 980 981
l 981 982
l 982 983
l 983 984
l 984 985
l 985 986
l 986 987
l 987 988
l 988 989
l 989 990
l 990 991
l 991 992
l 992 993
l 993 994
l 994 995
l 995 996
l 996 997
l 997 998
l 998 999
l 999 1000
l 1000 1001
l 1001 1002
l 1002 1003
l 1003 1004
l 1004 1005
l 1005 1006
l 1006 1007
l 1007 1008
l 1008 1009
l 1009 1010
l 1010 1011
l 1011 1012
l 1012 1013
l 1013 1014
l 1014 1015
l 1015 1016
l 1016 1017
l 1017 1018
l 1018 1019
l 1019 1020
l 1020 1021
l 1021 1022
l 1022 1023
l 1023 1024
l 1024 1025
l 1025 1026
l 1026 1027
l 1027 1028
l 1028 1029
l 1029 1030
l 1030 1031
l 1031 1032
l 1032 1033
l 1033 1034
l 1034 1035
l 1035 1036
l 1036 1037
l 1037 1038
l 1038 1039
l 1039 1040
l 1040 1041
l 1041 1042
l 1042 1043
l 1043 1044
l 1044 1045
l 1045 1046
l 1046 1047
l 1047 1048
l 1048 1049
l 1049 1050
l 1050 1051
l 1051 1052
l 1052 1053
l 1053 1054
l 1054 1055
l 1055 1056
l 1056 1057
l 1057 1058
l 1058 1059
l 1059 1060
l 1060 1061
l 1061 1062
l 1062 1063
l 1063 1064
l 1064 1065
l 1065 1066
l 1066 1067
l 1067 1068
l 1068 1069
l 1069 1070
l 1070 1071
l 1071 1072
l 1072 1073
l 1073 1074
l 1074 1075
l 1075 1076
l 1076 1077
l 1077 1078
l 1078 1079
l 1079 1080
l 1080 1081
l 1081 1082
l 1082 1083
l 1083 1084
l 1084 1085
l 1085 1086
l 1086 1087
l 1087 1088
l 1088 1089
l 1089 1090
l 1090 1091
l 1091 1092
l 1092 1093
l 1093 1094
l 1094 1095
l 1095 1096
l 1096 1097
l 1097 1098
l 1098 1099
l 1099 1100
l 1100 1101
l 1101 1102
l 1102 1103
l 1103 1104
l 1104 1105
l 1105 1106
l 1106 1107
l 1107 1108
l 1108 1109
l 1109 1110
l 1110 1111
l 1111 1112
l 1112 1113
l 1113 1114
l 1114 1115
l 1115 1116
l 1116 1117
l 1117 1118
l 1118 1119
l 1119 1120
l 1120 1121
l 1121 1122
l 1122 1123
l 1123 1124
l 1124 1125
l 1125 1126
l 1126 1127
l 1127 1128
l 1128 1129
l 1129 1130
l 1130 1131
l 1131 1132
l 1132 1133
l 1133 1134
l 1134 1135
l 1135 1136
l 1136 1137
l 1137 1138
l 1138 1139
l 1139 1140
l 1140 1141
l 1141 1142
l 1142 1143
l 1143 1144
l 1144 1145
l 1145 1146
l 1146 1147
l 1147 1148
l 1148 1149
l 1149 1150
l 1150 1151
l 1151 1152
l 1152 1153
l 1153 1154
l 1154 1155
l 1155 1156
l 1156 1157
l 1157 1158
l 1158 1159
l 1159 1160
l 1160 1161
l 1161 1162
l 1162 1163
l 1163 1164
l 1164 1165
l 1165 1166
l 1166 1167
l 1167 1168
l 1168 1169
l 1169 1170
l 1170 1171
l 1171 1172
l 1172 1173
l 1173 1174
l 1174 1175
l 1175 1176
l 1176 1177
l 1177 1178
l 1178 1179
l 1179 1180
l 1180 1181
l 1181 1182
l 1182 1183
l 1183 1184
l 1184 1185
l 1185 1186
l 1186 1187
l 1187 1188
l 1188 1189
l 1189 1190
l 1190 1191
l 1191 1192
l 1192 1193
l 1193 1194
l 1194 1195
l 1195 1196
l 1196 1197
l 1197 1198
l 1198 1199
l 1199 1200
l 1200 1201
l 1201 1202
l 1202 1203
l 1203 1204
l 1204 1205
l 1205 1206
l 1206 1207
l 1207 1208
l 1208 1209
l 1209 1210
l 1210 1211
l 1211 1212
l 1212 1213
l 1213 1214
l 1214 1215
l 1215 1216
l 1216 1217
l 1217 1218
l 1218 1219
l 1219 1220
l 1220 1221
l 1221 1222
l 1222 1223
l 1223 1224
l 1224 1225
l 1225 1226
l 1226 1227
l 1227 1228
l 1228 1229
l 1229 1230
l 1230 1231
l 1231 1232
l 1232 1233
l 1233 1234
l 1234 1235
l 1235 1236
l 1236 1237
l 1237 1238
l 1238 1239
l 1239 1240
l 1240 1241
l 1241 1242
l 1242 1243
l 1243 1244
l 1244 1245
l 1245 1246
l 1246 1247
l 1247 1248
l 1248 1249
l 1249 1250
l 1250 1251
l 1251 1252
l 1252 1253
l 1253 1254
l 1254 1255
l 1255 1256
l 1256 1257
l 1257 1258
l 1258 1259
l 1259 1260
l 1260 1261
l 1261 1262
l 1262 1263
l 1263 1264
l 1264 1265
l 1265 1266
l 1266 1267
l 1267 1268
l 1268 1269
l 1269 1270
l 1270 1271
l 1271 1272
l 1272 1273
l 1273 1274
l 1274 1275
l 1275 1276
l 1276 1277
l 1277 1278
l 1278 1279
l 1279 1280
l 1280 1281
l 1281 1282
l 1282 1283
l 1283 1284
l 1284 1285
l 1285 1286
l 1286 1287
l 1287 1288
l 1288 1289
l 1289 1290
l 1290 1291
l 1291 1292
l 1292 1293
l 1293 1294
l 1294 1295
l 1295 1296
l 1296 1297
l 1297 1298
l 1298 1299
l 1299 1300
l 1300 1301
l 1301 1302
l 1302 1303
l 1303 1304
l 1304 1305
l 1305 1306
l 1306 1307
l 1307 1308
l 1308 1309
l 1309 1310
l 1310 1311
l 1311 1312
l 1312 1313
l 1313 1314
l 1314 1315
l 1315 1316
l 1316 1317
l 1317 1318
l 1318 1319
l 1319 1320
l 1320 1321
l 1321 1322
l 1322 1323
l 1323 1324
l 1324 1325
l 1325 1326
l 1326 1327
l 1327 1328
l 1328 1329
l 1329 1330
l 1330 1331
l 1331 1332
l 1332 1333
l 1333 1334
l 1334 1335
l 1335 1336
l 1336 1337
l 1337 1338
l 1338 1339
l 1339 1340
l 1340 1341
l 1341 1342
l 1342 1343
l 1343 1344
l 1344 1345
l 1345 1346
l 1346 1347
l 1347 1348
l 1348 1349
l 1349 1350
l 1350 1351
l 1351 1352
l 1352 1353
l 1353 1354
l 1354 1355
l 1355 1356
l 1356 1357
l 1357 1358
l 1358 1359
l 1359 1360
l 1360 1361
l 1361 1362
l 1362 1363
l 1363 1364
l 1364 1365
l 1365 1366
l 1366 1367
l 1367 1368
l 1368 1369
l 1369 1370
l 1370 1371
l 1371 1372
l 1372 1373
l 1373 1374
l 1374 1375
l 1375 1376
l 1376 1377
l 1377 1378
l 1378 1379
l 1379 1380
l 1380 1381
l 1381 1382
l 1382 1383
l 1383 1384
l 1384 1385
l 1385 1386
l 1386 1387
l 1387 1388
l 1388 1389
l 1389 1390
l 1390 1391
l 1391 1392
l 1392 1393
l 1393 1394
l 1394 1395
l 1395 1396
l 1396 1397
l 1397 1398
l 1398 1399
l 1399 1400
l 1400 1401
l 1401 1402
l 1402 1403
l 1403 1404
l 1404 1405
l 1405 1406
l 1406 1407
l 1407 1408
l 1408 1409
l 1409 1410
l 1410 1411
l 1411 1412
l 1412 1413
l 1413 1414
l 1414 1415
l 1415 1416
l 1416 1417
l 1417 1418
l 1418 1419
l 1419 1420
l 1420 1421
l 1421 1422
l 1422 1423
l 1423 1424
l 1424 1425
l 1425 1426
l 1426 1427
l 1427 1428
l 1428 1429
l 1429 1430
l 1430 1431
l 1431 1432
l 1432 1433
l 1433 1434
l 1434 1435
l 1435 1436
l 1436 1437
l 1437 1438
l 1438 1439
l 1439 1440
l 1440 1441
l 1441 1442
l 1442 1443
l 1443 1444
l 1444 1445
l 1445 1446
l 1446 1447
l 1447 1448
l 1448 1449
l 1449 1450
l 1450 1451
l 1451 1452
l 1452 1453
l 1453 1454
l 1454 1455
l 1455 1456
l 1456 1457
l 1457 1458
l 1458 1459
l 1459 1460
l 1460 1461
l 1461 1462
l 1462 1463
l 1463 1464
l 1464 1465
l 1465 1466
l 1466 1467
l 1467 1468
l 1468 1469
l 1469 1470
l 1470 1471
l 1471 1472
l 1472 1473
l 1473 1474
l 1474 1475
l 1475 1476
l 1476 1477
l 1477 1478
l 1478 1479
l 1479 1480
l 1480 1481
l 1481 1482
l 1482 1483
l 1483 1484
l 1484 1485
l 1485 1486
l 1486 1487
l 1487 1488
l 1488 1489
l 1489 1490
l 1490 1491
l 1491 1492
l 1492 1493
l 1493 1494
l 1494 1495
l 1495 1496
l 1496 1497
l 1497 1498
l 1498 1499
l 1499 1500
l 1500 1501
l 1501 1502
l 1502 1503
l 1503 1504
l 1504 1505
l 1505 1506
l 1506 1507
l 1507 1508
l 1508 1509
l 1509 1510
l 1510 1511
l 1511 1512
l 1512 1513
l 1513 1514
l 1514 1515
l 1515 1516
l 1516 1517
l 1517 1518
l 1518 1519
l 1519 1520
l 1520 1521
l 1521 1522
l 1522 1523
l 1523 1524
l 1524 1525
l 1525 1526
l 1526 1527
l 1527 1528
l 1528 1529
l 1529 1530
l 1530 1531
l 1531 1532
l 1532 1533
l 1533 1534
l 1534 1535
l 1535 1536
l 1536 1537
l 1537 1538
l 1538 1539
l 1539 1540
l 1540 1541
l 1541 1542
l 1542 1543
l 1543 1544
l 1544 1545
l 1545 1546
l 1546 1547
l 1547 1548
l 1548 1549
l 1549 1550
l 1550 1551
l 1551 1552
l 1552 1553
l 1553 1554
l 1554 1555
l 1555 1556
l 1556 1557
l 1557 1558
l 1558 1559
l 1559 1560
l 1560 1561
l 1561 1562
l 1562 1563
l 1563 1564
l 1564 1565
l 1565 1566
l 1566 1567
l 1567 1568
l 1568 1569
l 1569 1570
l 1570 1571
l 1571 1572
l 1572 1573
l 1573 1574
l 1574 1575
l 1575 1576
l 1576 1577
l 1577 1578
l 1578 1579
l 1579 1580
l 1580 1581
l 1581 1582
l 1582 1583
l 1583 1584
l 1584 1585
l 1585 1586
l 1586 1587
l 1587 1588
l 1588 1589
l 1589 1590
l 1590 1591
l 1591 1592
l 1592 1593
l 1593 1594
l 1594 1595
l 1595 1596
l 1596 1597
l 1597 1598
l 1598 1599
l 1599 1600
l 1600 1601
l 1601 1602
l 1602 1603
l 1603 1604
l 1604 1605
l 1605 1606
l 1606 1607
l 1607 1608
l 1608 1609
l 1609 1610
l 1610 1611
l 1611 1612
l 1612 1613
l 1613 1614
l 1614 1615
l 1615 1616
l 1616 1617
l 1617 1618
l 1618 1619
l 1619 1620
l 1620 1621
l 1621 1622
l 1622 1623
l 1623 1624
l 1624 1625
l 1625 1626
l 1626 1627
l 1627 1628
l 1628 1629
l 1629 1630
l 1630 1631
l 1631 1632
l 1632 1633
l 1633 1634
l 1634 1635
l 1635 1636
l 1636 1637
l 1637 1638
l 1638 1639
l 1639 1640
l 1640 1641
l 1641 1642
l 1642 1643
l 1643 1644
l 1644 1645
l 1645 1646
l 1646 1647
l 1647 1648
l 1648 1649
l 1649 1650
l 1650 1651
l 1651 1652
l 1652 1653
l 1653 1654
l 1654 1655
l 1655 1656
l 1656 1657
l 1657 1658
l 1658 1659
l 1659 1660
l 1660 1661
l 1661 1662
l 1662 1663
l 1663 1664
l 1664 1665
l 1665 1666
l 1666 1667
l 1667 1668
l 1668 1669
l 1669 1670
l 1670 1671
l 1671 1672
l 1672 1673
l 1673 1674
l 1674 1675
l 1675 1676
l 1676 1677
l 1677 1678
l 1678 1679
l 1679 1680
l 1680 1681
l 1681 1682
l 1682 1683
l 1683 1684
l 1684 1685
l 1685 1686
l 1686 1687
l 1687 1688
l 1688 1689
l 1689 1690
l 1690 1691
l 1691 1692
l 1692 1693
l 1693 1694
l 1694 1695
l 1695 1696
l 1696 1697
l 1697 1698
l 1698 1699
l 1699 1700
l 1700 1701
l 1701 1702
l 1702 1703
l 1703 1704
l 1704 1705
l 1705 1706
l 1706 1707
l 1707 1708
l 1708 1709
l 1709 1710
l 1710 1711
l 1711 1712
l 1712 1713
l 1713 1714
l 1714 1715
l 1715 1716
l 1716 1717
l 1717 1718
l 1718 1719
l 1719 1720
l 1720 1721
l 1721 1722
l 1722 1723
l 1723 1724
l 1724 1725
l 1725 1726
l 1726 1727
l 1727 1728
l 1728 1729
l 1729 1730
l 1730 1731
l 1731 1732
l 1732 1733
l 1733 1734
l 1734 1735
l 1735 1736
l 1736 1737
l 1737 1738
l 1738 1739
l 1739 1740
l 1740 1741
l 1741 1742
l 1742 1743
l 1743 1744
l 1744 1745
l 1745 1746
l 1746 1747
l 1747 1748
l 1748 1749
l 1749 1750
l 1750 1751
l 1751 1752
l 1752 1753
l 1753 1754
l 1754 1755
l 1755 1756
l 1756 1757
l 1757 1758
l 1758 1759
l 1759 1760
l 1760 1761
l 1761 1762
l 1762 1763
l 1763 1764
l 1764 1765
l 1765 1766
l 1766 1767
l 1767 1768
l 1768 1769
l 1769 1770
l 1770 1771
l 1771 1772
l 1772 1773
l 1773 1774
l 1774 1775
l 1775 1776
l 1776 1777
l 1777 1778
l 1778 1779
l 1779 1780
l 1780 1781
l 1781 1782
l 1782 1783
l 1783 1784
l 1784 1785
l 1785 1786
l 1786 1787
l 1787 1788
l 1788 1789
l 1789 1790
l 1790 1791
l 1791 1792
l 1792 1793
l 1793 1794
l 1794 1795
l 1795 1796
l 1796 1797
l 1797 1798
l 1798 1799
l 1799 1800
l 1800 1801
l 1801 1802
l 1802 1803
l 1803 1804
l 1804 1805
l 1805 1806
l 1806 1807
l 1807 1808
l 1808 1809
l 1809 1810
l 1810 1811
l 1811 1812
l 1812 1813
l 1813 1814
l 1814 1815
l 1815 1816
l 1816 1817
l 1817 1818
l 1818 1819
l 1819 1820
l 1820 1821
l 1821 1822
l 1822 1823
l 1823 1824
l 1824 1825
l 1825 1826
l 1826 1827
l 1827 1828
l 1828 1829
l 1829 1830
l 1830 1831
l 1831 1832
l 1832 1833
l 1833 1834
l 1834 1835
l 1835 1836
l 1836 1837
l 1837 1838
l 1838 1839
l 1839 1840
l 1840 1841
l 1841 1842
l 1842 1843
l 1843 1844
l 1844 1845
l 1845 1846
l 1846 1847
l 1847 1848
l 1848 1849
l 1849 1850
l 1850 1851
l 1851 1852
l 1852 1853
l 1853 1854
l 1854 1855
l 1855 1856
l 1856 1857
l 1857 1858
l 1858 1859
l 1859 1860
l 1860 1861
l 1861 1862
l 1862 1863
l 1863 1864
l 1864 1865
l 1865 1866
l 1866 1867
l 1867 1868
l 1868 1869
l 1869 1870
l 1870 1871
l 1871 1872
l 1872 1873
l 1873 1874
l 1874 1875
l 1875 1876
l 1876 1877
l 1877 1878
l 1878 1879
l 1879 1880
l 1880 1881
l 1881 1882
l 1882 1883
l 1883 1884
l 1884 1885
l 1885 1886
l 1886 1887
l 1887 1888
l 1888 1889
l 1889 1890
l 1890 1891
l 1891 1892
l 1892 1893
l 1893 1894
l 1894 1895
l 1895 1896
l 1896 1897
l 1897 1898
l 1898 1899
l 1899 1900
l 1900 1901
l 1901 1902
l 1902 1903
l 1903 1904
l 1904 1905
l 1905 1906
l 1906 1907
l 1907 1908
l 1908 1909
l 1909 1910
l 1910 1911
l 1911 1912
l 1912 1913
l 1913 1914
l 1914 1915
l 1915 1916
l 1916 1917
l 1917 1918
l 1918 1919
l 1919 1920
l 1920 1921
l 1921 1922
l 1922 1923
l 1923 1924
l 1924 1925
l 1925 1926
l 1926 1927
l 1927 1928
l 1928 1929
l 1929 1930
l 1930 1931
l 1931 1932
l 1932 1933
l 1933 1934
l 1934 1935
l 1935 1936
l 1936 1937
l 1937 1938
l 1938 1939
l 1939 1940
l 1940 1941
l 1941 1942
l 1942 1943
l 1943 1944
l 1944 1945
l 1945 1946
l 1946 1947
l 1947 1948
l 1948 1949
l 1949 1950
l 1950 1951
l 1951 1952
l 1952 1953
l 1953 1954
l 1954 1955
l 1955 1956
l 1956 1957
l 1957 1958
l 1958 1959
l 1959 1960
l 1960 1961
l 1961 1962
l 1962 1963
l 1963 1964
l 1964 1965
l 1965 1966
l 1966 1967
l 1967 1968
l 1968 1969
l 1969 1970
l 1970 1971
l 1971 1972
l 1972 1973
l 1973 1974
l 1974 1975
l 1975 1976
l 1976 1977
l 1977 1978
l 1978 1979
l 1979 1980
l 1980 1981
l 1981 1982
l 1982 1983
l 1983 1984
l 1984 1985
l 1985 1986
l 1986 1987
l 1987 1988
l 1988 1989
l 1989 1990
l 1990 1991
l 1991 1992
l 1992 1993
l 1993 1994
l 1994 1995
l 1995 1996
l 1996 1997
l 1997 1998
l 1998 1999
l 1999 2000
l 2000 2001
l 2001 2002
l 2002 2003
l 2003 2004
l 2004 2005
l 2005 2006
l 2006 2007
l 2007 2008
l 2008 2009
l 2009 2010
l 2010 2011
l 2011 2012
l 2012 2013
l 2013 2014
l 2014 2015
l 2015 2016
l 2016 2017
l 2017 2018
l 2018 2019
l 2019 2020
l 2020 2021
l 2021 2022
l 2022 2023
l 2023 2024
l 2024 2025
l 2025 2026
l 2026 2027
l 2027 2028
l 2028 2029
l 2029 2030
l 2030 2031
l 2031 2032
l 2032 2033
l 2033 2034
l 2034 2035
l 2035 2036
l 2036 2037
l 2037 2038
l 2038 2039
l 2039 2040
l 2040 2041
l 2041 2042
l 2042 2043
l 2043 2044
l 2044 2045
l 2045 2046
l 2046 2047
l 2047 2048
l 2048 2049
l 2049 2050
l 2050 2051
l 2051 2052
l 2052 2053
l 2053 2054
l 2054 2055
l 2055 2056
l 2056 2057
l 2057 2058
l 2058 2059
l 2059 2060
l 2060 2061
l 2061 2062
l 2062 2063
l 2063 2064
l 2064 2065
l 2065 2066
l 2066 2067
l 2067 2068
l 2068 2069
l 2069 2070
l 2070 2071
l 2071 2072
l 2072 2073
l 2073 2074
l 2074 2075
l 2075 2076
l 2076 2077
l 2077 2078
l 2078 2079
l 2079 2080
l 2080 2081
l 2081 2082
l 2082 2083
l 2083 2084
l 2084 2085
l 2085 2086
l 2086 2087
l 2087 2088
l 2088 2089
l 2089 2090
l 2090 2091
l 2091 2092
l 2092 2093
l 2093 2094
l 2094 2095
l 2095 2096
l 2096 2097
l 2097 2098
l 2098 2099
l 2099 2100
l 2100 2101
l 2101 2102
l 2102 2103
l 2103 2104
l 2104 2105
l 2105 2106
l 2106 2107
l 2107 2108
l 2108 2109
l 2109 2110
l 2110 2111
l 2111 2112
l 2112 2113
l 2113 2114
l 2114 2115
l 2115 2116
l 2116 2117
l 2117 2118
l 2118 2119
l 2119 2120
l 2120 2121
l 2121 2122
l 2122 2123
l 2123 2124
l 2124 2125
l 2125 2126
l 2126 2127
l 2127 2128
l 2128 2129
l 2129 2130
l 2130 2131
l 2131 2132
l 2132 2133
l 2133 2134
l 2134 2135
l 2135 2136
l 2136 2137
l 2137 2138
l 2138 2139
l 2139 2140
l 2140 2141
l 2141 2142
l 2142 2143
l 2143 2144
l 2144 2145
l 2145 2146
l 2146 2147
l 2147 2148
l 2148 2149
l 2149 2150
l 2150 2151
l 2151 2152
l 2152 2153
l 2153 2154
l 2154 2155
l 2155 2156
l 2156 2157
l 2157 2158
l 2158 2159
l 2159 2160
l 2160 2161
l 2161 2162
l 2162 2163
l 2163 2164
l 2164 2165
l 2165 2166
l 2166 2167
l 2167 2168
l 2168 2169
l 2169 2170
l 2170 2171
l 2171 2172
l 2172 2173
l 2173 2174
l 2174 2175
l 2175 2176
l 2176 2177
l 2177 2178
l 2178 2179
l 2179 2180
l 2180 2181
l 2181 2182
l 2182 2183
l 2183 2184
l 2184 2185
l 2185 2186
l 2186 2187
l 2187 2188
l 2188 2189
l 2189 2190
l 2190 2191
l 2191 2192
l 2192 2193
l 2193 2194
l 2194 2195
l 2195 2196
l 2196 2197
l 2197 2198
l 2198 2199
l 2199 2200
l 2200 2201
l 2201 2202
l 2202 2203
l 2203 2204
l 2204 2205
l 2205 2206
l 2206 2207
l 2207 2208
l 2208 2209
l 2209 2210
l 2210 2211
l 2211 2212
l 2212 2213
l 2213 2214
l 2214 2215
l 2215 2216
l 2216 2217
l 2217 2218
l 2218 2219
l 2219 2220
l 2220 2221
l 2221 2222
l 2222 2223
l 2223 2224
l 2224 2225
l 2225 2226
l 2226 2227
l 2227 2228
l 2228 2229
l 2229 2230
l 2230 2231
l 2231 2232
l 2232 2233
l 2233 2234
l 2234 2235
l 2235 2236
l 2236 2237
l 2237 2238
l 2238 2239
l 2239 2240
l 2240 2241
l 2241 2242
l 2242 2243
l 2243 2244
l 2244 2245
l 2245 2246
l 2246 2247
l 2247 2248
l 2248 2249
l 2249 2250
l 2250 2251
l 2251 2252
l 2252 2253
l 2253 2254
l 2254 2255
l 2255 2256
l 2256 2257
l 2257 2258
l 2258 2259
l 2259 2260
l 2260 2261
l 2261 2262
l 2262 2263
l 2263 2264
l 2264 2265
l 2265 2266
l 2266 2267
l 2267 2268
l 2268 2269
l 2269 2270
l 2270 2271
l 2271 2272
l 2272 2273
l 2273 2274
l 2274 2275
l 2275 2276
l 2276 2277
l 2277 2278
l 2278 2279
l 2279 2280
l 2280 2281
l 2281 2282
l 2282 2283
l 2283 2284
l 2284 2285
l 2285 2286
l 2286 2287
l 2287 2288
l 2288 2289
l 2289 2290
l 2290 2291
l 2291 2292
l 2292 2293
l 2293 2294
l 2294 2295
l 2295 2296
l 2296 2297
l 2297 2298
l 2298 2299
l 2299 2300
l 2300 2301
l 2301 2302
l 2302 2303
l 2303 2304
l 2304 2305
l 2305 2306
l 2306 2307
l 2307 2308
l 2308 2309
l 2309 2310
l 2310 2311
l 2311 2312
l 2312 2313
l 2313 2314
l 2314 2315
l 2315 2316
l 2316 2317
l 2317 2318
l 2318 2319
l 2319 2320
l 2320 2321
l 2321 2322
l 2322 2323
l 2323 2324
l 2324 2325
l 2325 2326
l 2326 2327
l 2327 2328
l 2328 2329
l 2329 2330
l 2330 2331
l 2331 2332
l 2332 2333
l 2333 2334
l 2334 2335
l 2335 2336
l 2336 2337
l 2337 2338
l 2338 2339
l 2339 2340
l 2340 2341
l 2341 2342
l 2342 2343
l 2343 2344
l 2344 2345
l 2345 2346
l 2346 2347
l 2347 2348
l 2348 2349
l 2349 2350
l 2350 2351
l 2351 2352
l 2352 2353
l 2353 2354
l 2354 2355
l 2355 2356
l 2356 2357
l 2357 2358
l 2358 2359
l 2359 2360
l 2360 2361
l 2361 2362
l 2362 2363
l 2363 2364
l 2364 2365
l 2365 2366
l 2366 2367
l 2367 2368
l 2368 2369
l 2369 2370
l 2370 2371
l 2371 2372
l 2372 2373
l 2373 2374
l 2374 2375
l 2375 2376
l 2376 2377
l 2377 2378
l 2378 2379
l 2379 2380
l 2380 2381
l 2381 2382
l 2382 2383
l 2383 2384
l 2384 2385
l 2385 2386
l 2386 2387
l 2387 2388
l 2388 2389
l 2389 2390
l 2390 2391
l 2391 2392
l 2392 2393
l 2393 2394
l 2394 2395
l 2395 2396
l 2396 2397
l 2397 2398
l 2398 2399
l 2399 2400
l 2400 2401
l 2401 2402
l 2402 2403
l 2403 2404
l 2404 2405
l 2405 2406
l 2406 2407
l 2407 2408
l 2408 2409
l 2409 2410
l 2410 2411
l 2411 2412
l 2412 2413
l 2413 2414
l 2414 2415
l 2415 2416
l 2416 2417
l 2417 2418
l 2418 2419
l 2419 2420
l 2420 2421
l 2421 2422
l 2422 2423
l 2423 2424
l 2424 2425
l 2425 2426
l 2426 2427
l 2427 2428
l 2428 2429
l 2429 2430
l 2430 2431
l 2431 2432
l 2432 2433
l 2433 2434
l 2434 2435
l 2435 2436
l 2436 2437
l 2437 2438
l 2438 2439
l 2439 2440
l 2440 2441
l 2441 2442
l 2442 2443
l 2443 2444
l 2444 2445
l 2445 2446
l 2446 2447
l 2447 2448
l 2448 2449
l 2449 2450
l 2450 2451
l 2451 2452
l 2452 2453
l 2453 2454
l 2454 2455
l 2455 2456
l 2456 2457
l 2457 2458
l 2458 2459
l 2459 2460
l 2460 2461
l 2461 2462
l 2462 2463
l 2463 2464
l 2464 2465
l 2465 2466
l 2466 2467
l 2467 2468
l 2468 2469
l 2469 2470
l 2470 2471
l 2471 2472
l 2472 2473
l 2473 2474
l 2474 2475
l 2475 2476
l 2476 2477
l 2477 2478
l 2478 2479
l 2479 2480
l 2480 2481
l 2481 2482
l 2482 2483
l 2483 2484
l 2484 2485
l 2485 2486
l 2486 2487
l 2487 2488
l 2488 2489
l 2489 2490
l 2490 2491
l 2491 2492
l 2492 2493
l 2493 2494
l 2494 2495
l 2495 2496
l 2496 2497
l 2497 2498
l 2498 2499
l 2499 2500
l 2500 2501
l 2501 2502
l 2502 2503
l 2503 2504
l 2504 2505
l 2505 2506
l 2506 2507
l 2507 2508
l 2508 2509
l 2509 2510
l 2510 2511
l 2511 2512
l 2512 2513
l 2513 2514
l 2514 2515
l 2515 2516
l 2516 2517
l 2517 2518
l 2518 2519
l 2519 2520
l 2520 2521
l 2521 2522
l 2522 2523
l 2523 2524
l 2524 2525
l 2525 2526
l 2526 2527
l 2527 2528
l 2528 2529
l 2529 2530
l 2530 2531
l 2531 2532
l 2532 2533
l 2533 2534
l 2534 2535
l 2535 2536
l 2536 2537
l 2537 2538
l 2538 2539
l 2539 2540
l 2540 2541
l 2541 2542
l 2542 2543
l 2543 2544
l 2544 2545
l 2545 2546
l 2546 2547
l 2547 2548
l 2548 2549
l 2549 2550
l 2550 2551
l 2551 2552
l 2552 2553
l 2553 2554
l 2554 2555
l 2555 2556
l 2556 2557
l 2557 2558
l 2558 2559
l 2559 2560
l 2560 2561
l 2561 2562
l 2562 2563
l 2563 2564
l 2564 2565
l 2565 2566
l 2566 2567
l 2567 2568
l 2568 2569
l 2569 2570
l 2570 2571
l 2571 2572
l 2572 2573
l 2573 2574
l 2574 2575
l 2575 2576
l 2576 2577
l 2577 2578
l 2578 2579
l 2579 2580
l 2580 2581
l 2581 2582
l 2582 2583
l 2583 2584
l 2584 2585
l 2585 2586
l 2586 2587
l 2587 2588
l 2588 2589
l 2589 2590
l 2590 2591
l 2591 2592
l 2592 2593
l 2593 2594
l 2594 2595
l 2595 2596
l 2596 2597
l 2597 2598
l 2598 2599
l 2599 2600
l 2600 2601
l 2601 2602
l 2602 2603
l 2603 2604
l 2604 2605
l 2605 2606
l 2606 2607
l 2607 2608
l 2608 2609
l 2609 2610
l 2610 2611
l 2611 2612
l 2612 2613
l 2613 2614
l 2614 2615
l 2615 2616
l 2616 2617
l 2617 2618
l 2618 2619
l 2619 2620
l 2620 2621
l 2621 2622
l 2622 2623
l 2623 2624
l 2624 2625
l 2625 2626
l 2626 2627
l 2627 2628
l 2628 2629
l 2629 2630
l 2630 2631
l 2631 2632
l 2632 2633
l 2633 2634
l 2634 2635
l 2635 2636
l 2636 2637
l 2637 2638
l 2638 2639
l 2639 2640
l 2640 2641
l 2641 2642
l 2642 2643
l 2643 2644
l 2644 2645
l 2645 2646
l 2646 2647
l 2647 2648
l 2648 2649
l 2649 2650
l 2650 2651
l 2651 2652
l 2652 2653
l 2653 2654
l 2654 2655
l 2655 2656
l 2656 2657
l 2657 2658
l 2658 2659
l 2659 2660
l 2660 2661
l 2661 2662
l 2662 2663
l 2663 2664
l 2664 2665
l 2665 2666
l 2666 2667
l 2667 2668
l 2668 2669
l 2669 2670
l 2670 2671
l 2671 2672
l 2672 2673
l 2673 2674
l 2674 2675
l 2675 2676
l 2676 2677
l 2677 2678
l 2678 2679
l 2679 2680
l 2680 2681
l 2681 2682
l 2682 2683
l 2683 2684
l 2684 2685
l 2685 2686
l 2686 2687
l 2687 2688
l 2688 2689
l 2689 2690
l 2690 2691
l 2691 2692
l 2692 2693
l 2693 2694
l 2694 2695
l 2695 2696
l 2696 2697
l 2697 2698
l 2698 2699
l 2699 2700
l 2700 2701
l 2701 2702
l 2702 2703
l 2703 2704
l 2704 2705
l 2705 2706
l 2706 2707
l 2707 2708
l 2708 2709
l 2709 2710
l 2710 2711
l 2711 2712
l 2712 2713
l 2713 2714
l 2714 2715
l 2715 2716
l 2716 2717
l 2717 2718
l 2718 2719
l 2719 2720
l 2720 2721
l 2721 2722
l 2722 2723
l 2723 2724
l 2724 2725
l 2725 2726
l 2726 2727
l 2727 2728
l 2728 2729
l 2729 2730
l 2730 2731
l 2731 2732
l 2732 2733
l 2733 2734
l 2734 2735
l 2735 2736
l 2736 2737
l 2737 2738
l 2738 2739
l 2739 2740
l 2740 2741
l 2741 2742
l 2742 2743
l 2743 2744
l 2744 2745
l 2745 2746
l 2746 2747
l 2747 2748
l 2748 2749
l 2749 2750
l 2750 2751
l 2751 2752
l 2752 2753
l 2753 2754
l 2754 2755
l 2755 2756
l 2756 2757
l 2757 2758
l 2758 2759
l 2759 2760
l 2760 2761
l 2761 2762
l 2762 2763
l 2763 2764
l 2764 2765
l 2765 2766
l 2766 2767
l 2767 2768
l 2768 2769
l 2769 2770
l 2770 2771
l 2771 2772
l 2772 2773
l 2773 2774
l 2774 2775
l 2775 2776
l 2776 2777
l 2777 2778
l 2778 2779
l 2779 2780
l 2780 2781
l 2781 2782
l 2782 2783
l 2783 2784
l 2784 2785
l 2785 2786
l 2786 2787
l 2787 2788
l 2788 2789
l 2789 2790
l 2790 2791
l 2791 2792
l 2792 2793
l 2793 2794
l 2794 2795
l 2795 2796
l 2796 2797
l 2797 2798
l 2798 2799
l 2799 2800
l 2800 2801
l 2801 2802
l 2802 2803
l 2803 2804
l 2804 2805
l 2805 2806
l 2806 2807
l 2807 2808
l 2808 2809
l 2809 2810
l 2810 2811
l 2811 2812
l 2812 2813
l 2813 2814
l 2814 2815
l 2815 2816
l 2816 2817
l 2817 2818
l 2818 2819
l 2819 2820
l 2820 2821
l 2821 2822
l 2822 2823
l 2823 2824
l 2824 2825
l 2825 2826
l 2826 2827
l 2827 2828
l 2828 2829
l 2829 2830
l 2830 2831
l 2831 2832
l 2832 2833
l 2833 2834
l 2834 2835
l 2835 2836
l 2836 2837
l 2837 2838
l 2838 2839
l 2839 2840
l 2840 2841
l 2841 2842
l 2842 2843
l 2843 2844
l 2844 2845
l 2845 2846
l 2846 2847
l 2847 2848
l 2848 2849
l 2849 2850
l 2850 2851
l 2851 2852
l 2852 2853
l 2853 2854
l 2854 2855
l 2855 2856
l 2856 2857
l 2857 2858
l 2858 2859
l 2859 2860
l 2860 2861
l 2861 2862
l 2862 2863
l 2863 2864
l 2864 2865
l 2865 2866
l 2866 2867
l 2867 2868
l 2868 2869
l 2869 2870
l 2870 2871
l 2871 2872
l 2872 2873
l 2873 2874
l 2874 2875
l 2875 2876
l 2876 2877
l 2877 2878
l 2878 2879
l 2879 2880
l 2880 2881
l 2881 2882
l 2882 2883
l 2883 2884
l 2884 2885
l 2885 2886
l 2886 2887
l 2887 2888
l 2888 2889
l 2889 2890
l 2890 2891
l 2891 2892
l 2892 2893
l 2893 2894
l 2894 2895
l 2895 2896
l 2896 2897
l 2897 2898
l 2898 2899
l 2899 2900
l 2900 2901
l 2901 2902
l 2902 2903
l 2903 2904
l 2904 2905
l 2905 2906
l 2906 2907
l 2907 2908
l 2908 2909
l 2909 2910
l 2910 2911
l 2911 2912
l 2912 2913
l 2913 2914
l 2914 2915
l 2915 2916
l 2916 2917
l 2917 2918
l 2918 2919
l 2919 2920
l 2920 2921
l 2921 2922
l 2922 2923
l 2923 2924
l 2924 2925
l 2925 2926
l 2926 2927
l 2927 2928
l 2928 2929
l 2929 2930
l 2930 2931
l 2931 2932
l 2932 2933
l 2933 2934
l 2934 2935
l 2935 2936
l 2936 2937
l 2937 2938
l 2938 2939
l 2939 2940
l 2940 2941
l 2941 2942
l 2942 2943
l 2943 2944
l 2944 2945
l 2945 2946
l 2946 2947
l 2947 2948
l 2948 2949
l 2949 2950
l 2950 2951
l 2951 2952
l 2952 2953
l 2953 2954
l 2954 2955
l 2955 2956
l 2956 2957
l 2957 2958
l 2958 2959
l 2959 2960
l 2960 2961
l 2961 2962
l 2962 2963
l 2963 2964
l 2964 2965
l 2965 2966
l 2966 2967
l 2967 2968
l 2968 2969
l 2969 2970
l 2970 2971
l 2971 2972
l 2972 2973
l 2973 2974
l 2974 2975
