v -0.16902218836724342 0.3343170361005104 0.43517579371267384
v -0.17393423390816248 0.33612728943648834 0.43658285315089396
v -0.17891962045794105 0.33792035961442096 0.43796982854393923
v -0.18397917712652845 0.3396953246018736 0.43933573003682264
v -0.1891137281959155 0.3414512325831502 0.4406795354230369
v -0.194324092035024 0.34318710120374085 0.44200018932361296
v -0.19961107994908317 0.34490191680887355 0.4432966023597728
v -0.20497549496066456 0.3465946336773096 0.4445676503204141
v -0.21041813051948782 0.3482641732516493 0.445812173325803
v -0.21593976913804233 0.3499094233665414 0.44702897498899014
v -0.2215411809500163 0.35152923747632264 0.44821682157660575
v -0.22722312218847288 0.35312243388376197 0.4493744411708558
v -0.23298633358066534 0.35468779497173125 0.4505005228346968
v -0.23883153865634751 0.35622406643979204 0.45159371578235147
v -0.2447594419664079 0.3577299565478567 0.45265262855751154
v -0.25077072720862903 0.35920413536926055 0.4536758282217629
v -0.2568660552573745 0.3606452340557792 0.4546618395559907
v -0.2630460620939989 0.36205184411731767 0.45560914427772364
v -0.26931135663480016 0.36342251671921555 0.4565161802776178
v -0.2756625184533605 0.3647557620003295 0.4573813408785137
v -0.2821000953941703 0.3660500484152875 0.45820297412075583
v -0.28862460107450155 0.36730380210455144 0.4589793820777254
v -0.2952365122715742 0.36851540629617546 0.4597088202058077
v -0.30193626619217817 0.3696832007434109 0.46038949673330726
v -0.3087242576220392 0.3708054812025787 0.4610195720931125
v -0.315600835952382 0.3718804989559177 0.46159715840422366
v -0.3225663020813277 0.37290646038439806 0.4621203190075678
v -0.32962090518798914 0.37388152659579954 0.46258706806185784
v -0.3367648393773707 0.37480381311365335 0.4629953702055761
v -0.3439982401944817 0.37567138963296554 0.4633431402915164
v -0.3513211810063901 0.37648227984895777 0.46362824320065543
v -0.3587336692513189 0.3772344613653884 0.46384849374248827
v -0.36623564255430063 0.3779258656893436 0.46400165664930804
v -0.37382696470937044 0.3785543783197203 0.46408544667228313
v -0.38150742152878475 0.379117838936954 0.46409752878753
v -0.38927671656032103 0.37961404170187035 0.46403551852074987
v -0.397134466674339 0.3800407356718675 0.4638969823993387
v -0.4050801975229544 0.38039562534295046 0.46367943854123517
v -0.4131133388744277 0.3806763713264463 0.46338035739009387
v -0.42123321982666573 0.3808805911695302 0.46299716260670465
v -0.4294390639046156 0.38100586032895595 0.46252723212686725
v -0.43772998404725927 0.3810497133076602 0.46196789939622024
v -0.44610497749093847 0.3810096449641251 0.46131645479277206
v -0.454562920556814 0.3808831120046034 0.4605701472481016
v -0.46310256335141964 0.3806675346684648 0.4597261860783863
v -0.4717225243905042 0.3803602986170655 0.45878174303654695
v -0.48042128515765586 0.3799587570366183 0.4577339545969033
v -0.4891971846105759 0.3794602329655787 0.4565799244837577
v -0.4980484136493195 0.3788620218570423 0.4553167264553127
v -0.5069730095623465 0.37816139438655083 0.45394140735422067
v -0.5159688504677903 0.3773555995155573 0.45245099043589815
v -0.5250336497690316 0.3764418678205562 0.45084247898547947
v -0.5341649506453376 0.37541741509756776 0.4491128602339356
v -0.5433601206001121 0.3742794462512401 0.44725910958342296
v -0.5526163460910873 0.37302515947733017 0.4452781951513807
v -0.5619306272686383 0.37165175074668527 0.44316708264219984
v -0.5712997728502488 0.370156418598114 0.4409227405544948
v -0.5807203951610499 0.3685363692466656 0.4385421457310554
v -0.5901889053722168 0.36678882201284035 0.43602228925748515
v -0.5997015089708676 0.36491101507712137 0.4333601827142901
v -0.6092542014969315 0.36290021156293045 0.43055286478579463
v -0.6188427645842394 0.3607537059496952 0.4275974082277126
v -0.6284627623447661 0.35846883081611564 0.42449092719347276
v -0.6381095381365741 0.3560429639119846 0.4212305849175101
v -0.6477782117574861 0.3534735355550122 0.4178136017516638
v -0.6574636771078365 0.35075803634703 0.414237263548576
v -0.6671606003668352 0.3478940252017345 0.41049893038356616
v -0.6768634187280156 0.34487913767372796 0.4065960456038627
v -0.6865663397399638 0.341711094576081 0.4025261451912996
v -0.6962633412989896 0.3383877108709419 0.3982868674216771
v -0.7059481723405604 0.33490690481488916 0.39387596280089116
v -0.7156143542761226 0.33126670733775093 0.38929130425471936
v -0.7252551832214453 0.32746527163055467 0.3845308975458225
v -0.7348637330616381 0.3235008829150812 0.37959289188805195
v -0.7444328593966837 0.31937196836424875 0.3744755907246346
v -0.7539552044094823 0.3150771071392579 0.36917746263320944
v -0.7634232026961204 0.3106150405060738 0.36369715231706773
v -0.7728290880952734 0.3059846819905203 0.3580334916383402
v -0.7821649015503074 0.3011851275279383 0.3521855106452798
v -0.7914225000337722 0.29621566556015655 0.34615244854229993
v -0.8005935665595444 0.29107578702940523 0.3399337645480444
v -0.8096696213028384 0.2857651952158354 0.3335291485835392
v -0.8186420338427878 0.28028381536255664 0.32693853172948545
v -0.8275020365361114 0.274631804029561 0.3201620963889985
v -0.836240739023753 0.2688095581156931 0.3132002860896821
v -0.8448491438651424 0.26281772348589244 0.30605381485684685
v -0.8533181632870832 0.25665720313945845 0.2987236760880545
v -0.8616386370260937 0.25032916485396345 0.2912111508579723
v -0.8698013512345399 0.24383504823886745 0.2835178155818813
v -0.87779705841198 0.23717657113278198 0.2756455489660746
v -0.8856164983140381 0.23035573527881828 0.2675965381739142
v -0.8932504197817593 0.2233748312135257 0.25937328413747096
v -0.900689603424996 0.21623644230663497 0.25097860594653915
v -0.9079248850839013 0.2089434478911897 0.24241564424937584
v -0.9149471799832833 0.20149902542667936 0.2336878636028256
v -0.9217475074854289 0.19390665164152285 0.22479905371353004
v -0.928317016338181 0.18617010260565614 0.21575332951672632
v -0.9346470103066997 0.17829345268908475 0.20655513004467457
v -0.9407289740694894 0.17028107236802986 0.19720921604301947
v -0.9465545992521819 0.16213762484668096 0.18772066630034578
v -0.9521158104661969 0.15386806146960502 0.17809487266380536
v -0.957404791213997 0.14547761590739497 0.16833753372190385
v -0.9624140095182889 0.13697179710622537 0.1584546471443035
v -0.9671362431291866 0.1283563810004481 0.14845250067769752
v -0.9715646041613745 0.11963740099621398 0.13833766180643614
v -0.9756925630124844 0.11082113724319723 0.128116966096457
v -0.9795139714145097 0.10191410472076776 0.11779750425114581
v -0.983023084472061 0.09292304017431209 0.10738660791790429
v -0.9862145815446776 0.08385488794666218 0.09689183429429117
v -0.9890835858352481 0.07471678475878787 0.08632094959255479
v -0.9916256825528468 0.06551604350275228 0.07568191143102095
v -0.9938369355259726 0.056260136118482 0.06498285023006599
v -0.9957139021511383 0.046956675633912176 0.054232049699117706
v -0.99725364657201 0.03761339745552995 0.043437926509231534
v -0.9984537509957352 0.028238140003085027 0.0326090092531243
v -0.9993123250655289 0.018838824788233805 0.021753916801053683
v -0.9998280132220201 0.009423436041984435 0.010881336166479265
v -0.9999999999999993 7.850462293418871e-17 1.0605752387249064e-16
v -0.9998280132220201 -0.00942343604198475 -0.010881336166479436
v -0.9993123250655289 -0.01883882478823404 -0.021753916801053853
v -0.9984537509957352 -0.028238140003084874 -0.032609009253124474
v -0.99725364657201 -0.03761339745552971 -0.04343792650923132
v -0.9957139021511383 -0.04695667563391249 -0.054232049699117886
v -0.9938369355259726 -0.056260136118481845 -0.06498285023006617
v -0.9916256825528468 -0.06551604350275259 -0.07568191143102111
v -0.9890835858352479 -0.07471678475878811 -0.08632094959255496
v -0.9862145815446776 -0.08385488794666242 -0.09689183429429134
v -0.9830230844720608 -0.09292304017431233 -0.10738660791790446
v -0.9795139714145097 -0.10191410472076806 -0.11779750425114598
v -0.9756925630124844 -0.11082113724319699 -0.12811696609645717
v -0.9715646041613745 -0.11963740099621428 -0.1383376618064363
v -0.9671362431291866 -0.12835638100044836 -0.1484525006776977
v -0.9624140095182889 -0.1369717971062253 -0.15845464714430366
v -0.957404791213997 -0.14547761590739522 -0.16833753372190402
v -0.9521158104661969 -0.15386806146960488 -0.17809487266380516
v -0.9465545992521819 -0.16213762484668118 -0.18772066630034595
v -0.9407289740694894 -0.17028107236803014 -0.19720921604301964
v -0.934647010306699 -0.17829345268908492 -0.2065551300446746
v -0.928317016338181 -0.18617010260565606 -0.21575332951672613
v -0.9217475074854289 -0.19390665164152307 -0.22479905371353015
v -0.9149471799832833 -0.2014990254266797 -0.23368786360282578
v -0.9079248850839006 -0.20894344789118932 -0.24241564424937578
v -0.900689603424996 -0.21623644230663486 -0.250978605946539
v -0.8932504197817593 -0.22337483121352553 -0.25937328413747107
v -0.8856164983140381 -0.2303557352788185 -0.2675965381739143
v -0.87779705841198 -0.23717657113278226 -0.2756455489660748
v -0.8698013512345392 -0.24383504823886745 -0.2835178155818813
v -0.8616386370260934 -0.2503291648539637 -0.2912111508579724
v -0.8533181632870832 -0.25665720313945867 -0.2987236760880546
v -0.8448491438651424 -0.2628177234858927 -0.3060538148568471
v -0.836240739023753 -0.26880955811569296 -0.31320028608968226
v -0.8275020365361114 -0.27463180402956117 -0.3201620963889986
v -0.8186420338427878 -0.2802838153625565 -0.32693853172948556
v -0.8096696213028384 -0.2857651952158356 -0.3335291485835393
v -0.8005935665595443 -0.29107578702940545 -0.3399337645480445
v -0.7914225000337725 -0.29621566556015644 -0.34615244854229976
v -0.7821649015503066 -0.3011851275279383 -0.35218551064527964
v -0.7728290880952734 -0.3059846819905203 -0.35803349163834036
v -0.7634232026961204 -0.3106150405060739 -0.36369715231706784
v -0.7539552044094823 -0.31507710713925796 -0.36917746263320933
v -0.7444328593966836 -0.31937196836424897 -0.3744755907246347
v -0.7348637330616382 -0.3235008829150811 -0.3795928918880521
v -0.7252551832214453 -0.3274652716305549 -0.38453089754582254
v -0.7156143542761233 -0.33126670733775104 -0.38929130425471953
v -0.7059481723405601 -0.334906904814889 -0.39387596280089104
v -0.6962633412989895 -0.33838771087094216 -0.3982868674216773
v -0.6865663397399633 -0.34171109457608084 -0.4025261451912995
v -0.6768634187280154 -0.3448791376737281 -0.40659604560386287
v -0.667160600366835 -0.3478940252017346 -0.41049893038356633
v -0.657463677107836 -0.35075803634703007 -0.41423726354857593
v -0.6477782117574861 -0.3534735355550121 -0.41781360175166393
v -0.638109538136574 -0.35604296391198476 -0.4212305849175102
v -0.6284627623447656 -0.3584688308161155 -0.42449092719347264
v -0.6188427645842394 -0.3607537059496952 -0.42759740822771264
v -0.6092542014969311 -0.36290021156293045 -0.4305528647857945
v -0.5997015089708676 -0.36491101507712137 -0.4333601827142902
v -0.5901889053722169 -0.3667888220128403 -0.436022289257485
v -0.5807203951610495 -0.36853636924666555 -0.43854214573105527
v -0.5712997728502484 -0.3701564185981139 -0.44092274055449476
v -0.5619306272686384 -0.37165175074668516 -0.44316708264219995
v -0.5526163460910878 -0.37302515947733017 -0.4452781951513808
v -0.5433601206001121 -0.37427944625124027 -0.4472591095834231
v -0.5341649506453376 -0.37541741509756776 -0.4491128602339357
v -0.5250336497690314 -0.3764418678205564 -0.4508424789854795
v -0.5159688504677906 -0.37735559951555725 -0.4524509904358982
v -0.5069730095623464 -0.3781613943865509 -0.45394140735422084
v -0.49804841364931945 -0.3788620218570425 -0.45531672645531285
v -0.48919718461057554 -0.3794602329655786 -0.45657992448375756
v -0.48042128515765564 -0.3799587570366179 -0.45773395459690314
v -0.4717225243905037 -0.3803602986170655 -0.45878174303654706
v -0.4631025633514191 -0.38066753466846487 -0.45972618607838633
v -0.45456292055681435 -0.3808831120046036 -0.4605701472481018
v -0.44610497749093864 -0.3810096449641251 -0.46131645479277195
v -0.43772998404725927 -0.38104971330766013 -0.4619678993962203
v -0.4294390639046154 -0.38100586032895595 -0.4625272321268671
v -0.4212332198266657 -0.38088059116953027 -0.4629971626067047
v -0.4131133388744276 -0.38067637132644644 -0.463380357390094
v -0.40508019752295427 -0.38039562534295024 -0.4636794385412351
v -0.39713446667433866 -0.3800407356718676 -0.4638969823993388
v -0.38927671656032115 -0.37961404170187035 -0.46403551852074976
v -0.38150742152878486 -0.37911783893695417 -0.46409752878753013
v -0.3738269647093707 -0.3785543783197204 -0.4640854466722832
v -0.3662356425543007 -0.3779258656893435 -0.46400165664930815
v -0.35873366925131867 -0.3772344613653883 -0.46384849374248815
v -0.35132118100639004 -0.3764822798489578 -0.46362824320065554
v -0.34399824019448155 -0.37567138963296554 -0.46334314029151635
v -0.3367648393773704 -0.37480381311365324 -0.46299537020557613
v -0.32962090518798937 -0.37388152659579954 -0.46258706806185795
v -0.32256630208132786 -0.3729064603843982 -0.462120319007568
v -0.31560083595238186 -0.37188049895591774 -0.46159715840422366
v -0.3087242576220392 -0.3708054812025787 -0.4610195720931125
v -0.3019362661921781 -0.3696832007434106 -0.46038949673330715
v -0.29523651227157405 -0.36851540629617546 -0.4597088202058076
v -0.2886246010745013 -0.36730380210455144 -0.4589793820777254
v -0.28210009539416997 -0.36605004841528743 -0.4582029741207557
v -0.2756625184533602 -0.36475576200032944 -0.4573813408785136
v -0.2693113566348005 -0.3634225167192156 -0.4565161802776179
v -0.2630460620939989 -0.36205184411731767 -0.45560914427772364
v -0.2568660552573744 -0.3606452340557793 -0.4546618395559907
v -0.25077072720862903 -0.35920413536926055 -0.4536758282217629
v -0.24475944196640795 -0.3577299565478567 -0.4526526285575116
v -0.23883153865634743 -0.3562240664397921 -0.4515937157823515
v -0.23298633358066506 -0.35468779497173125 -0.4505005228346967
v -0.2272231221884727 -0.3531224338837619 -0.4493744411708558
v -0.22154118095001646 -0.3515292374763227 -0.44821682157660575
v -0.21593976913804247 -0.3499094233665413 -0.44702897498899014
v -0.21041813051948782 -0.3482641732516493 -0.445812173325803
v -0.20497549496066444 -0.34659463367730975 -0.4445676503204141
v -0.19961107994908306 -0.34490191680887355 -0.4432966023597729
v -0.194324092035024 -0.3431871012037407 -0.4420001893236129
v -0.18911372819591538 -0.34145123258315013 -0.4406795354230369
v -0.18397917712652823 -0.3396953246018736 -0.43933573003682264
v -0.17891962045794085 -0.33792035961442085 -0.4379698285439391
v -0.17393423390816257 -0.33612728943648834 -0.43658285315089407
v -0.16902218836724348 -0.33431703610051033 -0.43517579371267384
v -0.1641826509196271 -0.3324904926042776 -0.43374960854615124
v -0.15941478580642754 -0.33064852365169334 -0.4323052252349506
v -0.15471775533024565 -0.3287919663848415 -0.4308435414248726
v -0.15009072070506005 -0.3269216311066249 -0.42936542560907454
v -0.14553284285365248 -0.3250383019933211 -0.4278717179022951
v -0.1410432831549533 -0.32314273779648434 -0.42636323080350436
v -0.1366212041436111 -0.3212356725336898 -0.4248407499464309
v -0.1322657701640176 -0.31931781616769395 -0.42330503483750204
v -0.12797614798094314 -0.31738985527363783 -0.42175681958079375
v -0.12375150734885552 -0.31545245369398756 -0.4201968135896569
v -0.11959102154192824 -0.31350625318095404 -0.41862570228473905
v -0.11549386784666303 -0.31155187402618933 -0.41704414777818316
v -0.11145922801898236 -0.3095899156775974 -0.41545278954382603
v -0.10748628870757573 -0.30762095734314454 -0.41385224507326995
v -0.10357424184521162 -0.3056455585815873 -0.41224311051774426
v -0.09972228500965687 -0.3036642598800797 -0.4106259613157065
v -0.09592962175578637 -0.30167758321864313 -0.4090013528061741
v -0.09219546192038675 -0.2996860326215214 -0.40736982082780343
v -0.08851902190110765 -0.29769009469546226 -0.40573188230376667
v -0.08489952491094513 -0.29569023915499804 -0.40408803581250236
v -0.08133620120958143 -0.2936869193348129 -0.4024387621444359
v -0.07782828831285057 -0.29168057268930825 -0.40078452484478955
v -0.07437503118154164 -0.2896716212794952 -0.3991257707426257
v -0.07097568239069611 -0.2876604722473545 -0.39746293046627046
v -0.06762950228050199 -0.28564751827782425 -0.39579641894529827
v -0.06433575908984367 -0.283633138048583 -0.39412663589925256
v -0.06109372907350535 -0.28161769666780945 -0.39245396631330587
v -0.05790269660399141 -0.2796015461001066 -0.39077878090105844
v -0.05476195425887331 -0.27758502558079 -0.38910143655469576
v -0.051670802894532034 -0.27556846201874247 -0.38742227678272334
v -0.048628551707122145 -0.27355217038804636 -0.3857416321355073
v -0.04563451828154613 -0.271536454108609 -0.38405982061885596
v -0.04268802862918312 -0.2695216054159963 -0.38237714809587836
v -0.03978841721508709 -0.267507905720702 -0.38069390867736064
v -0.03693502697532493 -0.2654956259570699 -0.3790103851009036
v -0.03412720932509846 -0.263485026922099 -0.37732684909906633
v -0.03136432415825853 -0.2614763596043558 -0.37564356175676084
v -0.028645739838787543 -0.25946986550321877 -0.3739607738581438
v -0.025970833184798165 -0.2574657769386842 -0.3722787262232518
v -0.023338989445566963 -0.25546431735195574 -0.37059765003462336
v -0.02074960227209539 -0.25346570159704307 -0.3689177671541525
v -0.018202073681662156 -0.25147013622359116 -0.36723929043041376
v -0.015695814016810427 -0.2494778197511636 -0.36556242399670186
v -0.013230241899183353 -0.24748894293519313 -0.36388736356001783
v -0.010804784178605113 -0.2455036890248205 -0.3622142966812413
v -0.00841887587777969 -0.24352223401283085 -0.3605434030467169
v -0.006071960132959645 -0.24154474687789956 -0.35887485473148445
v -0.0037634881309174025 -0.23957138981935447 -0.35720881645437774
v -0.0014929190425334805 -0.2376023184846564 -0.355545445825212
v 0.0007402800467016569 -0.2356376821898002 -0.35388489358427877
v 0.00293663420899229 -0.23367762413283116 -0.35222730383436074
v 0.005096660749085906 -0.23172228160067057 -0.3505728142654762
v 0.007220869281416812 -0.22977178616943897 -0.3489215563725594
v 0.009309761809311127 -0.2278262638984625 -0.34727365566627616
v 0.011363832806032776 -0.225885835518144 -0.3456292318771737
v 0.013383569297463482 -0.22395061661187549 -0.34398839915335694
v 0.015369450946223424 -0.2220207177921666 -0.3423512662518785
v 0.01732195013704917 -0.22009624487115778 -0.3407179367240289
v 0.01924153206325632 -0.21817729902568442 -0.33908850909470517
v 0.021128654814127342 -0.2162639769570531 -0.3374630770360343
v 0.022983769463073928 -0.2143563710456884 -0.3358417295354225
v 0.024807320156431605 -0.21245456950080283 -0.3342245510581982
v 0.026599744202754922 -0.21055865650524277 -0.33261162170501146
v 0.028361472162490218 -0.20866871235565237 -0.3310030173641477
v 0.03009292793790813 -0.20678481359810205 -0.3293988098589123
v 0.03179452886319133 -0.2049070331593177 -0.32779906709023526
v 0.03346668579457495 -0.2030354404736461 -0.32620385317464357
v 0.035109803200445704 -0.2011701016058887 -0.32461322857774255
v 0.03672427925131328 -0.19931107937013062 -0.3230272502433475
v 0.038310505909573626 -0.19745843344468958 -0.32144597171839767
v 0.03986886901898774 -0.19561222048330532 -0.319869443273786
v 0.04139974839380667 -0.1937724942226872 -0.31829771202123164
v 0.042903517907479156 -0.19193930558653408 -0.3167308220263185
v 0.04438054558087996 -0.19011270278613743 -0.31516881441782163
v 0.045831193670007535 -0.1882927314176739 -0.313611727493436
v 0.04725581875309635 -0.18647943455629495 -0.312059596822025
v 0.04865477181710153 -0.18467285284711138 -0.3105124553424949
v 0.05002839834350906 -0.18287302459317398 -0.30897033345940444
v 0.051377038393436436 -0.18107998584054466 -0.3074332591354139
v 0.05270102669198559 -0.17929377046055062 -0.3059012579806718
v 0.054000692711817136 -0.17751441022931275 -0.30437435333924073
v 0.05527636075591689 -0.17574193490463327 -0.30285256637265284
v 0.05652835003952634 -0.17397637230033042 -0.3013359161406909
v 0.057756974771217315 -0.17221774835809822 -0.299824419679481
v 0.058962544233085036 -0.1704660872169755 -0.298318092076985
v 0.06014536286004559 -0.168721411280496 -0.2968169465459761
v 0.06130573031821689 -0.16698374128159968 -0.2953209944945781
v 0.06244394158237252 -0.165253096345373 -0.2938302455944478
v 0.0635602870124537 -0.16352949404969136 -0.29234470784667643
v 0.06465505242912958 -0.16181295048383051 -0.290864387645484
v 0.06572851918839773 -0.16010348030511248 -0.2893892898397778
v 0.06678096425521582 -0.15840109679365044 -0.28791941779264485
v 0.06781266027616034 -0.15670581190525443 -0.2864547734388453
v 0.06882387565110777 -0.15501763632255708 -0.2849953573403712
v 0.06981487460393525 -0.15333657950441715 -0.28354116874013463
v 0.07078591725223755 -0.15166264973365856 -0.28209220561384507
v 0.07173725967606218 -0.14999585416319702 -0.28064846472013577
v 0.07266915398566123 -0.14833619886060864 -0.27920994164899593
v 0.07358184838826191 -0.14668368885119046 -0.2777766308685643
v 0.07447558725385849 -0.1450383281595622 -0.27634852577033675
v 0.07535061118002813 -0.1434001198498582 -0.2749256187128418
v 0.07620715705577484 -0.14176906606455378 -0.27350790106383177
v 0.0770454581244067 -0.1401451680619721 -0.2720953632410393
v 0.07786574404545178 -0.138528426252514 -0.27068799475154676
v 0.07866824095561693 -0.1369188402336539 -0.26928578422981325
v 0.07945317152879888 -0.13531640882374052 -0.2678887194744031
v 0.08022075503515252 -0.13372113009464295 -0.26649678748345895
v 0.08097120739922471 -0.1321330014032799 -0.26510997448896073
v 0.08170474125716183 -0.13055201942206743 -0.26372826598980936
v 0.08242156601299884 -0.12897818016832313 -0.2623516467837754
v 0.08312188789403879 -0.12741147903265929 -0.26098010099834873
v 0.08380591000533237 -0.12585191080639818 -0.2596136121205254
v 0.0844738323832667 -0.12429946970804283 -0.25825216302556747
v 0.08512585204827147 -0.12275414940883375 -0.2568957360047688
v 0.08576216305665506 -0.12121594305742163 -0.2555443127922598
v 0.08638295655157825 -0.11968484330368542 -0.2541978745908836
v 0.08698842081317718 -0.11816084232172301 -0.25285640209717114
v 0.08757874130784474 -0.1166439318320443 -0.2515198755254505
v 0.08815410073668284 -0.1151341031229892 -0.2501882746311127
v 0.08871467908313364 -0.11363134707139996 -0.24886157873306597
v 0.08926065365980282 -0.11213565416256951 -0.24753976673540418
v 0.08979219915448453 -0.1106470145094911 -0.2462228171483143
v 0.09030948767539866 -0.10916541787143269 -0.24491070810824977
v 0.09081268879565225 -0.1076908536718571 -0.24360341739739227
v 0.09130196959693522 -0.10622331101571049 -0.24230092246242677
v 0.09177749471246209 -0.10476277870609951 -0.24100320043265117
v 0.09223942636916951 -0.10330924526037859 -0.23971022813744441
v 0.09268792442918217 -0.10186269892566428 -0.23842198212311208
v 0.09312314643055623 -0.10042312769379905 -0.2371384386691313
v 0.09354524762731277 -0.09899051931577944 -0.23585957380381517
v 0.09395438102877147 -0.09756486131566837 -0.2345853633194142
v 0.0943506974381945 -0.0961461410040087 -0.2333157827866758
v 0.09473434549075299 -0.09473434549075303 -0.23205080756887733
v 0.09510547169082598 -0.09332946169772692 -0.23079041283535148
v 0.0954642204486417 -0.09193147637064178 -0.22953457357452134
v 0.09581073411627336 -0.09054037609067021 -0.2282832646064593
v 0.09614515302299884 -0.08915614728559983 -0.22703646059498786
v 0.09646761551003413 -0.08777877624057981 -0.2257941360593358
v 0.0967782579646528 -0.08640824910847267 -0.22455626538536547
v 0.0970772148536996 -0.08504455191982441 -0.22332282283638524
v 0.09736461875650905 -0.08368767059246733 -0.22209378256356038
v 0.0976406003972398 -0.08233759094076518 -0.22086911861593575
v 0.09790528867663317 -0.08099429868451527 -0.21964880495008482
v 0.09815881070320656 -0.07965777945751643 -0.21843281543939397
v 0.09840129182389162 -0.078328018815816 -0.21722112388299836
v 0.09863285565412588 -0.07700500224564491 -0.21601370401437728
v 0.09885362410740743 -0.07568871517105291 -0.2148105295096228
v 0.099063717424323 -0.07437914296125255 -0.2136115739953915
v 0.09926325420105711 -0.07307627093768175 -0.21241681105654972
v 0.09945235141739228 -0.07178008438079608 -0.2112262142435233
v 0.09963112446420921 -0.07049056853659681 -0.21003975707936054
v 0.09979968717049519 -0.06920770862290684 -0.20885741306651942
v 0.09995815182987008 -0.06793148983540032 -0.20767915569338674
v 0.10010662922663817 -0.06666189735339566 -0.20650495844053918
v 0.10024522866137414 -0.06539891634541918 -0.20533479478675457
v 0.10037405797605159 -0.06414253197454815 -0.20416863821478148
v 0.10049322357872266 -0.062892729403539 -0.2030064622168757
v 0.10060283046775653 -0.061649493799749246 -0.20184824030011125
v 0.10070298225564427 -0.060412810339859464 -0.2006939459914726
v 0.10079378119237901 -0.05918266421440292 -0.19954355284273784
v 0.10087532818841798 -0.057959040632107585 -0.1983970344351564
v 0.10094772283723465 -0.05674192482405871 -0.19725436438393135
v 0.10101106343746827 -0.05553130204768721 -0.1961155163425107
v 0.10106544701467843 -0.05432715759058929 -0.19498046400669566
v 0.10111096934271072 -0.05312947677418461 -0.1938491811185708
v 0.10114772496468252 -0.051938244957216564 -0.19272164147026313
v 0.10117580721359401 -0.050753447539100945 -0.19159781890753458
v 0.10119530823257245 -0.04957506996312874 -0.19047768733321557
v 0.10120631899475602 -0.048403097719527256 -0.18936122071048306
v 0.10120892932282385 -0.04723751634838416 -0.18824839306598873
v 0.10120322790817901 -0.04607831144243997 -0.18713917849284395
v 0.1011893023297905 -0.04492546864975305 -0.18603355115346404
v 0.10116723907270109 -0.04377897367624137 -0.18493148528227862
v 0.10113712354620624 -0.04263881228810578 -0.18383295518831125
v 0.10109904010171147 -0.04150497031413842 -0.18273793525763385
v 0.1010530720502729 -0.04037743364791987 -0.18164639995569903
v 0.100999301679828 -0.039256188249910194 -0.18055832382955614
v 0.10093781027212088 -0.03814122014943648 -0.17947368150995302
v 0.10086867811932954 -0.03703251544658045 -0.17839244771332935
v 0.10079198454039892 -0.03593006031397017 -0.1773145972437037
v 0.10070780789708654 -0.03483384099847914 -0.17624010499445908
v 0.10061622560972522 -0.033743843822835184 -0.17516894595003
v 0.10051731417270858 -0.0326600551871441 -0.17410109518749448
v 0.10041114916970445 -0.03158246157032853 -0.17303652787807408
v 0.10029780528860112 -0.0305110495314879 -0.1719752192885464
v 0.10017735633619133 -0.029445805711179357 -0.1709171447825708
v 0.10004987525259941 -0.02838671683262516 -0.16986227982193278
v 0.09991543412545555 -0.027333769702847135 -0.16881059996770817
v 0.09977410420382267 -0.026286951213731823 -0.16776208088135094
v 0.09962595591188021 -0.02524624834302868 -0.16671669832570662
v 0.09947105886236914 -0.024211648155283143 -0.16567442816595476
v 0.09930948186980293 -0.02318313780270839 -0.16463524637048194
v 0.0991412929634491 -0.02216070452599563 -0.16359912901168855
v 0.09896655940008481 -0.02114433565506809 -0.16256605226673163
v 0.09878534767653177 -0.02013401860977766 -0.16153599241820582
v 0.09859772354197356 -0.01912974090054932 -0.16050892585476445
v 0.09840375201006021 -0.018131490128972715 -0.15948482907168351
v 0.0982034973708036 -0.01713925398834447 -0.15846367867137004
v 0.0979970232022677 -0.016153020264162533 -0.1574454513638173
v 0.09778439238205754 -0.015172776834573905 -0.1564301239670084
v 0.09756566709861032 -0.014198511670778473 -0.15541767340727017
v 0.09734090886229309 -0.013230212837390086 -0.15440807671957985
v 0.09711017851630965 -0.012267868492756047 -0.1534013110478251
v 0.09687353624742105 -0.011311466889237056 -0.15239735364502024
v 0.09663104159648263 -0.010360996373449866 -0.15139618187347945
v 0.09638275346880137 -0.009416445386472457 -0.1503977732049491
v 0.09612873014431658 -0.008477802464014484 -0.14940210522070058
v 0.09586902928760756 -0.007545056236554025 -0.1484091556115849
v 0.09560370795773093 -0.006618195429441435 -0.14741890217805056
v 0.09533282261789167 -0.005697208862972501 -0.14643132283012675
v 0.0950564291449499 -0.0047820854524317155 -0.14544639558737202
v 0.09477458283876736 -0.0038728142081063846 -0.1444640985787906
v 0.09448733843139585 -0.0029693842352732096 -0.1434844100427175
v 0.09419475009611128 -0.002071784734159146 -0.14250730832667327
v 0.09389687145629537 -0.0011800049998760553 -0.14153277188718974
v 0.09359375559416869 -0.00029403442233155426 -0.14056077928960836
v 0.09328545505937721 0.0005861375138834867 -0.1395913092078514
v 0.0929720218774351 0.0014605212296299591 -0.13862434042416738
v 0.09265350755802673 0.002329127051376585 -0.13765985182885251
v 0.09232996310317046 0.0031919652113762465 -0.13669782241994763
v 0.09200143901524632 0.004049045847862303 -0.13573823130291318
v 0.09166798530489065 0.0049003790052635525 -0.1347810576902817
v 0.09132965149875986 0.0057459746344363 -0.13382628090129023
v 0.09098648664716592 0.0065858425929143285 -0.13287388036149192
v 0.09063853933158551 0.007419992645174544 -0.131923835602349
v 0.09028585767204586 0.008248434462918624 -0.13097612626080718
v 0.08992848933438892 0.009071177625368538 -0.13003073207885227
v 0.08956648153741643 0.009888231619577345 -0.12908763290305048
v 0.08919988105991788 0.010699605840752175 -0.12814680868407194
v 0.08882873424758399 0.011505309592590657 -0.12720823947619928
v 0.088453087019807 0.01230535208762952 -0.1262719054368212
v 0.08807298487637066 0.01309974244760391 -0.12533778682591237
v 0.08768847290403142 0.013888489703818343 -0.12440586400549913
v 0.08729959578299316 0.01467160279752756 -0.12347611743911327
v 0.08690639779327698 0.015449090580327491 -0.12254852769123267
v 0.08650892282098857 0.016220961814554687 -0.1216230754267111
v 0.08610721436448454 0.016987225173695535 -0.12069974141019629
v 0.08570131554043982 0.01774788924280251 -0.11977850650553765
v 0.08529126908981768 0.01850296251891891 -0.11885935167518384
v 0.0848771173837445 0.019252453411510852 -0.11794225797957078
v 0.08445890242929091 0.019996370242905317 -0.11702720657650068
v 0.08403666587516086 0.02073472124873531 -0.11611417872051223
v 0.08361044901729024 0.021467514578390825 -0.11520315576224235
v 0.08318029280435736 0.022194758295474817 -0.11429411914778115
v 0.08274623784320595 0.022916460378264777 -0.1133870504180182
v 0.08230832440418284 0.023632628720179287 -0.11248193120798293
v 0.08186659242639197 0.024343271130248055 -0.11157874324617766
v 0.08142108152286578 0.025048395333586826 -0.11067746835390507
v 0.08097183098565613 0.02574800897187588 -0.10977808844458956
v 0.08051887979084535 0.026442119603841154 -0.1088805855230928
v 0.08006226660347984 0.027130734705739543 -0.1079849416850245
v 0.07960202978242695 0.027813861671845807 -0.10709113911604845
v 0.07913820738515677 0.028491507814942686 -0.10619916009118356
v 0.0786708371724502 0.029163680366812803 -0.10530898697410096
v 0.07819995661303462 0.029830386478732738 -0.10442060221641707
v 0.07772560288814848 0.030491633221968115 -0.10353398835698299
v 0.07724781289603613 0.0311474275882706 -0.10264912802117049
v 0.07676662325637401 0.03179777649037599 -0.10176600392015475
v 0.07628207031462979 0.03244268676250249 -0.10088459885019439
v 0.07579419014635512 0.03308216516085064 -0.10000489569190835
v 0.07530301856141398 0.033716218364102636 -0.09912687740955116
v 0.07480859110814696 0.03434485297392243 -0.09825052705028502
v 0.0743109430774732 0.03496807551545571 -0.09737582774345042
v 0.07381010950693084 0.03558589243782971 -0.09650276269983492
v 0.07330612518465754 0.03619831011465225 -0.09563131521093994
v 0.07279902465331135 0.03680533484451049 -0.09476146864824668
v 0.07228884221393383 0.037406972851469045 -0.09389320646248014
v 0.07177561192975589 0.038003230285566784 -0.09302651218287226
v 0.07125936762994806 0.038594113223312555 -0.09216136941642464
v 0.07074014291331517 0.03917962766817997 -0.09129776184716962
v 0.07021797115193774 0.039759779551100154 -0.09043567323543157
v 0.06969288549475958 0.040334574730953886 -0.08957508741708677
v 0.06916491887112401 0.04090401899506094 -0.08871598830282369
v 0.06863410399425895 0.04146811805966802 -0.08785835987740337
v 0.0681004733647113 0.04202687757043505 -0.08700218619891813
v 0.0675640592737329 0.0425803031029186 -0.08614745139805247
v 0.0670248938066172 0.04312840016305388 -0.08529413967734198
v 0.06648300884598972 0.04367117418763342 -0.08444223531043468
v 0.06593843607505039 0.04420863054478451 -0.08359172264135036
v 0.06539120698077173 0.04474077453444255 -0.08274258608374285
v 0.0648413528570508 0.04526761138882325 -0.08189481012016073
v 0.06428890480781788 0.04578914627289089 -0.08104837930130981
v 0.06373389375010187 0.04630538428482406 -0.08020327824531676
v 0.06317635041705257 0.046816330456478705 -0.07935949163699184
v 0.06261630536092225 0.04732198975384758 -0.07851700422709483
v 0.062053788956005176 0.04782236707751713 -0.07767580083159967
v 0.061488831401538276 0.04831746726312026 -0.0768358663309621
v 0.06092146272456097 0.04880729508178702 -0.07599718566938693
v 0.060351712782737335 0.04929185524059082 -0.07515974385409721
v 0.05977961126714034 0.049771152382991395 -0.07432352595460502
v 0.05920518770499771 0.05024519108927488 -0.07348851710198218
v 0.058628471462402604 0.050713975876989364 -0.07265470248813402
v 0.05804949174698731 0.05117751120137752 -0.07182206736507303
v 0.057468277610562515 0.05163580145580491 -0.07099059704419519
v 0.05688485795172128 0.05208885097218509 -0.07016027689555655
v 0.056299261518410026 0.052536664021400135 -0.0693310923471528
v 0.05571151691046507 0.05297924481371816 -0.06850302888419882
v 0.055121652582117396 0.053416597499206166 -0.06767607204841095
v 0.05452969684446552 0.053848726168138954 -0.06685020743729087
v 0.053935677867915865 0.054275634851404624 -0.06602542070341003
v 0.053339623684593516 0.05469732752090499 -0.0652016975536974
v 0.052741562190721916 0.05511380808995291 -0.06437902374872725
v 0.05214152114897351 0.055525080413664406 -0.0635573851020104
v 0.05153952819079054 0.055931148289347546 -0.0627367674792853
v 0.05093561081867842 0.056332015456886056 -0.06191715679781292
v 0.05032979640846983 0.05672768559911975 -0.061098539025671576
v 0.04972211221156227 0.05711816234221972 -0.06028090018105474
v 0.049112585357128855 0.057503449256059394 -0.05946422633157063
v 0.04850124285430165 0.05788354985458171 -0.058648503593542546
v 0.04788811159433053 0.058258467596161136 -0.057833718131312786
v 0.047273218352715515 0.05862820588396172 -0.05701985615654635
v 0.046656589791315255 0.058992768066290474 -0.056206903927538736
v 0.0460382524604303 0.05935215743694636 -0.05539484774852333
v 0.045418232800863045 0.05970637723556473 -0.054583673968982366
v 0.04479655714595455 0.060055430647956924 -0.053773368982959285
v 0.044173251723597366 0.06039932080644602 -0.05296391922837204
v 0.043548342658227455 0.060738050790197035 -0.05215531118632991
v 0.042921855972792605 0.06107162362554346 -0.05134753138045035
v 0.04229381759070064 0.061400042286308396 -0.05054056637617943
v 0.04166425333774554 0.0617233096941216 -0.04973440278011242
v 0.0410331889440138 0.06204142871873144 -0.04892902723931791
v 0.04040065004576979 0.06235440217831257 -0.04812442644066213
v 0.0397666621873218 0.06266223283976864 -0.04732058711013613
v 0.03913125082286914 0.06296492341903018 -0.04651749601218477
v 0.03849444131832902 0.06326247658134844 -0.045715139949036566
v 0.03785625895314664 0.06355489494158341 -0.044913505760036616
v 0.03721672892208542 0.06384218106448823 -0.044112580320979845
v 0.03657587633700117 0.06412433746498808 -0.043312350543447654
v 0.03593372622859753 0.06440136660845458 -0.042512803374144405
v 0.03529030354816562 0.06467327091097533 -0.0417139257942376
v 0.03464563316930631 0.06494005273961892 -0.04091570481869796
v 0.03399973988963678 0.06520171441269475 -0.04011812749564228
v 0.0333526484324816 0.06545825820000824 -0.03932118090567801
v 0.03270438344854724 0.06570968632311154 -0.03852485216124835
v 0.032054969517583264 0.06595600095554877 -0.03772912840598058
v 0.03140443115002698 0.06619720422309702 -0.036933996814034205
v 0.030752792788635464 0.06643329820400234 -0.03613944458945251
v 0.030100078810102307 0.06666428492921082 -0.03534545896551386
v 0.0294463135266618 0.06689016638259476 -0.03455202720408625
v 0.028791521187678887 0.06711094450117441 -0.03375913659498176
v 0.028135725981226812 0.0673266211753344 -0.03296677445531355
v 0.027478952035652482 0.06753719824903548 -0.032174928128854335
v 0.026821223421128255 0.06774267752002168 -0.031383584985395105
v 0.026162564151193654 0.06794306074002206 -0.030592732420107054
v 0.025502998184283605 0.06813834961494823 -0.02980235785290291
v 0.024842549425247065 0.06832854580508652 -0.02901244872780151
v 0.024181241726853497 0.06851365092528555 -0.028222992512292034
v 0.023519098891289326 0.06869366654513887 -0.02743397669670053
v 0.022856144671644173 0.06886859418916265 -0.02664538879355779
v 0.02219240277338635 0.06903843533696877 -0.025857216336967314
v 0.021527896855829915 0.06920319142343256 -0.025069446881976102
v 0.020862650533590696 0.06936286383885631 -0.024282068003944893
v 0.020196687378035136 0.06951745392912731 -0.023495067297921283
v 0.019530030918718445 0.06966696299587138 -0.022708432378012164
v 0.018862704644815948 0.0698113922966015 -0.021922150876759045
v 0.01819473200654502 0.06995074304486132 -0.0211362104445127
v 0.0175261364165798 0.07008501641036416 -0.020350598748810008
v 0.016856941251458327 0.07021421351912682 -0.01956530347375169
v 0.01618716985298167 0.0703383354535987 -0.018780312319379933
v 0.015516845529607318 0.070457383252786 -0.0179956130010586
v 0.014845991557834112 0.07057135791237104 -0.017211193248852476
v 0.014174631183582703 0.07068026038482669 -0.016427040806909227
v 0.013502787623567868 0.07078409157952598 -0.015643143432840314
v 0.012830484066666679 0.07088285236284679 -0.014859488897104511
v 0.012157743675279777 0.07097654355827163 -0.014076064982390493
v 0.011484589586688014 0.07106516594648273 -0.013292859483001244
v 0.01081104491440405 0.07114872026545196 -0.012509860204239115
v 0.01013713274951847 0.07122720721052622 -0.011727054961790441
v 0.009462876162042656 0.07130062743450759 -0.010944431581112442
v 0.008788298202245737 0.071368981547729 -0.010161977896818884
v 0.008113421901989519 0.07143227011812467 -0.00937968175206807
v 0.0074382702760577716 0.07149049367129592 -0.008597530997949673
v 0.006762866323483563 0.07154365269057202 -0.00781551349287314
v 0.006087233028872926 0.07159174761706623 -0.0070336171019565194
v 0.005411393363725231 0.07163477884972677 -0.006251829696414592
v 0.00473537028775177 0.07167274674538324 -0.0054701391529489996
v 0.004059186750190948 0.07170565161878785 -0.004688533353136951
v 0.0033828656911227104 0.0717334937426521 -0.003907000182821969
v 0.002706430042779386 0.07175627334767827 -0.0031255275315031318
v 0.0020299027308569957 0.07177399062258633 -0.002344103291726287
v 0.0013533066758232436 0.07178664571413562 -0.0015627153584738013
v 0.0006766647942259011 0.07179423872714222 -0.000781351628555551
v 1.6909135005341792e-17 0.07179676972449081 -2.2843762857068705e-17
v -0.0006766647942259236 0.07179423872714222 0.0007813516285556158
v -0.001353306675823204 0.07178664571413562 0.0015627153584737558
v -0.002029902730857086 0.07177399062258633 0.002344103291726352
v -0.002706430042779482 0.07175627334767827 0.003125527531503197
v -0.003382865691122801 0.07173349374265212 0.003907000182822035
v -0.004059186750191039 0.07170565161878785 0.004688533353137016
v -0.004735370287751736 0.07167274674538324 0.005470139152948954
v -0.0054113933637252596 0.07163477884972677 0.006251829696414657
v -0.006087233028872887 0.07159174761706623 0.0070336171019564735
v -0.0067628663234835865 0.07154365269057202 0.007815513492873204
v -0.007438270276057737 0.07149049367129592 0.008597530997949627
v -0.008113421901989604 0.07143227011812467 0.009379681752068136
v -0.00878829820224583 0.071368981547729 0.010161977896818948
v -0.009462876162042623 0.07130062743450759 0.010944431581112397
v -0.010137132749518555 0.07122720721052621 0.011727054961790507
v -0.010811044914404011 0.07114872026545196 0.01250986020423907
v -0.011484589586688037 0.07106516594648273 0.01329285948300131
v -0.012157743675279737 0.07097654355827163 0.014076064982390448
v -0.012830484066666705 0.07088285236284679 0.014859488897104575
v -0.013502787623567889 0.07078409157952598 0.015643143432840376
v -0.014174631183582788 0.07068026038482667 0.01642704080690929
v -0.014845991557834197 0.07057135791237103 0.017211193248852542
v -0.015516845529607278 0.070457383252786 0.017995613001058557
v -0.01618716985298176 0.07033833545359869 0.01878031231938
v -0.01685694125145829 0.07021421351912682 0.019565303473751645
v -0.017526136416579824 0.07008501641036416 0.020350598748810074
v -0.01819473200654498 0.06995074304486133 0.021136210444512655
v -0.018862704644815972 0.0698113922966015 0.021922150876759108
v -0.019530030918718466 0.06966696299587138 0.02270843237801223
v -0.02019668737803522 0.06951745392912727 0.023495067297921345
v -0.020862650533590783 0.06936286383885629 0.02428206800394496
v -0.021527896855829873 0.06920319142343258 0.02506944688197605
v -0.022192402773386435 0.06903843533696875 0.025857216336967376
v -0.022856144671644138 0.06886859418916266 0.026645388793557746
v -0.023519098891289347 0.06869366654513885 0.027433976696700595
v -0.02418124172685346 0.06851365092528555 0.02822299251229199
v -0.024842549425247086 0.06832854580508649 0.029012448727801572
v -0.025502998184283625 0.06813834961494822 0.029802357852902975
v -0.02616256415119362 0.06794306074002206 0.03059273242010701
v -0.026821223421128342 0.06774267752002164 0.031383584985395174
v -0.027478952035652454 0.0675371982490355 0.03217492812885428
v -0.028135725981226888 0.06732662117533436 0.03296677445531361
v -0.028791521187678838 0.06711094450117441 0.03375913659498172
v -0.02944631352666182 0.06689016638259475 0.03455202720408631
v -0.030100078810102335 0.06666428492921081 0.03534545896551392
v -0.03075279278863549 0.06643329820400234 0.03613944458945258
v -0.031404431150027 0.06619720422309702 0.03693399681403427
v -0.03205496951758323 0.06595600095554878 0.03772912840598054
v -0.03270438344854733 0.0657096863231115 0.038524852161248416
v -0.03335264843248156 0.06545825820000827 0.03932118090567797
v -0.033999739889636865 0.0652017144126947 0.04011812749564235
v -0.03464563316930627 0.06494005273961892 0.04091570481869792
v -0.03529030354816563 0.06467327091097533 0.04171392579423767
v -0.03593372622859754 0.06440136660845457 0.042512803374144474
v -0.0365758763370012 0.06412433746498808 0.043312350543447724
v -0.03721672892208545 0.06384218106448823 0.04411258032097991
v -0.03785625895314659 0.06355489494158341 0.04491350576003657
v -0.038494441318329096 0.06326247658134838 0.045715139949036636
v -0.039131250822869106 0.0629649234190302 0.04651749601218473
v -0.039766662187321875 0.06266223283976859 0.04732058711013618
v -0.04040065004576974 0.062354402178312576 0.04812442644066209
v -0.041033188944013824 0.06204142871873143 0.04892902723931798
v -0.04166425333774556 0.06172330969412159 0.049734402780112485
v -0.04229381759070065 0.06140004228630837 0.05054056637617949
v -0.04292185597279262 0.061071623625543435 0.0513475313804504
v -0.04354834265822742 0.06073805079019705 0.05215531118632987
v -0.044173251723597436 0.06039932080644597 0.0529639192283721
v -0.04479655714595452 0.060055430647956945 0.053773368982959244
v -0.045418232800863115 0.05970637723556468 0.05458367396898242
v -0.04603825246043027 0.059352157436946384 0.05539484774852328
v -0.04665658979131528 0.05899276806629046 0.05620690392753879
v -0.04727321835271554 0.05862820588396171 0.05701985615654643
v -0.04788811159433049 0.05825846759616114 0.05783371813131273
v -0.04850124285430168 0.05788354985458171 0.058648503593542615
v -0.04911258535712883 0.057503449256059415 0.059464226331570585
v -0.04972211221156234 0.05711816234221965 0.0602809001810548
v -0.0503297964084698 0.05672768559911976 0.06109853902567153
v -0.050935610818678506 0.05633201545688601 0.06191715679781299
v -0.05153952819079061 0.05593114828934748 0.06273676747928537
v -0.05214152114897354 0.055525080413664406 0.06355738510201048
v -0.05274156219072194 0.05511380808995289 0.06437902374872732
v -0.05333962368459347 0.05469732752090501 0.06520169755369733
v -0.053935677867915886 0.0542756348514046 0.0660254207034101
v -0.0545296968444655 0.05384872616813898 0.06685020743729081
v -0.05512165258211747 0.05341659749920611 0.06767607204841102
v -0.05571151691046503 0.052979244813718185 0.06850302888419878
v -0.05629926151841011 0.05253666402140007 0.06933109234715287
v -0.05688485795172135 0.05208885097218502 0.07016027689555661
v -0.05746827761056254 0.051635801455804896 0.07099059704419526
v -0.058049491746987335 0.051177511201377514 0.07182206736507311
v -0.05862847146240257 0.050713975876989385 0.072654702488134
v -0.05920518770499773 0.050245191089274874 0.07348851710198223
v -0.05977961126714033 0.04977115238299143 0.07432352595460498
v -0.060351712782737404 0.04929185524059076 0.07515974385409728
v -0.06092146272456093 0.04880729508178705 0.07599718566938689
v -0.061488831401538345 0.0483174672631202 0.07683586633096219
v -0.062053788956005246 0.04782236707751706 0.07767580083159974
v -0.06261630536092223 0.04732198975384761 0.07851700422709479
v -0.06317635041705263 0.046816330456478636 0.07935949163699191
v -0.0637338937501018 0.046305384284824135 0.08020327824531669
v -0.06428890480781789 0.04578914627289087 0.08104837930130987
v -0.06484135285705075 0.04526761138882328 0.08189481012016069
v -0.0653912069807718 0.04474077453444248 0.08274258608374294
v -0.06593843607505044 0.04420863054478444 0.08359172264135044
v -0.0664830088459898 0.04367117418763335 0.08444223531043475
v -0.06702489380661726 0.04312840016305382 0.08529413967734206
v -0.06756405927373287 0.042580303102918625 0.08614745139805241
v -0.06810047336471137 0.042026877570434974 0.08700218619891821
v -0.0686341039942589 0.04146811805966812 0.08785835987740334
v -0.06916491887112404 0.040904018995060916 0.08871598830282376
v -0.06969288549475955 0.040334574730953913 0.08957508741708671
v -0.07021797115193783 0.03975977955110008 0.09043567323543165
v -0.07074014291331522 0.039179627668179874 0.09129776184716969
v -0.07125936762994813 0.03859411322331247 0.09216136941642472
v -0.07177561192975591 0.03800323028556675 0.09302651218287228
v -0.0722888422139338 0.03740697285146908 0.09389320646248009
v -0.07279902465331144 0.036805334844510415 0.09476146864824679
v -0.07330612518465751 0.0361983101146523 0.09563131521093995
v -0.07381010950693087 0.0355858924378297 0.09650276269983496
v -0.07431094307747318 0.03496807551545575 0.09737582774345042
v -0.07480859110814701 0.03434485297392235 0.09825052705028509
v -0.075303018561414 0.03371621836410261 0.09912687740955117
v -0.07579419014635509 0.03308216516085069 0.10000489569190832
v -0.0762820703146298 0.03244268676250246 0.10088459885019439
v -0.07676662325637403 0.03179777649037597 0.10176600392015475
v -0.0772478128960362 0.031147427588270507 0.10264912802117057
v -0.07772560288814848 0.030491633221968156 0.10353398835698302
v -0.07819995661303465 0.029830386478732717 0.10442060221641714
v -0.07867083717245019 0.02916368036681284 0.10530898697410097
v -0.07913820738515681 0.0284915078149426 0.10619916009118363
v -0.07960202978242696 0.027813861671845783 0.10709113911604845
v -0.08006226660347984 0.027130734705739592 0.10798494168502447
v -0.08051887979084536 0.026442119603841123 0.1088805855230928
v -0.08097183098565613 0.025748008971875857 0.10977808844458956
v -0.08142108152286585 0.025048395333586736 0.11067746835390516
v -0.08186659242639195 0.024343271130248107 0.11157874324617767
v -0.08230832440418286 0.023632628720179256 0.11248193120798297
v -0.08274623784320595 0.022916460378264825 0.1133870504180182
v -0.08318029280435742 0.02219475829547471 0.11429411914778122
v -0.08361044901729024 0.021467514578390804 0.11520315576224235
v -0.08403666587516082 0.020734721248735353 0.11611417872051218
v -0.08445890242929095 0.01999637024290522 0.11702720657650077
v -0.0848771173837445 0.019252453411510825 0.11794225797957078
v -0.08529126908981773 0.018502962518918812 0.11885935167518391
v -0.08570131554043982 0.017747889242802566 0.11977850650553766
v -0.08610721436448457 0.016987225173695518 0.12069974141019636
v -0.08650892282098854 0.01622096181455473 0.12162307542671111
v -0.08690639779327698 0.015449090580327382 0.12254852769123274
v -0.08729959578299318 0.014671602797527526 0.1234761174391133
v -0.08768847290403144 0.013888489703818315 0.12440586400549915
v -0.08807298487637069 0.013099742447603802 0.12533778682591246
v -0.088453087019807 0.012305352087629494 0.12627190543682124
v -0.08882873424758403 0.01150530959259055 0.12720823947619936
v -0.08919988105991788 0.010699605840752224 0.12814680868407197
v -0.08956648153741643 0.009888231619577319 0.12908763290305053
v -0.08992848933438892 0.009071177625368586 0.13003073207885227
v -0.09028585767204585 0.008248434462918666 0.1309761262608071
v -0.09063853933158551 0.0074199926451745165 0.13192383560234902
v -0.09098648664716592 0.0065858425929143 0.13287388036149192
v -0.09132965149875989 0.005745974634436187 0.1338262809012903
v -0.09166798530489065 0.004900379005263516 0.1347810576902817
v -0.09200143901524636 0.0040490458478621965 0.13573823130291324
v -0.09232996310317046 0.0031919652113762973 0.13669782241994763
v -0.09265350755802677 0.002329127051376557 0.1376598518288526
v -0.0929720218774351 0.001460521229630003 0.13862434042416738
v -0.09328545505937723 0.000586137513883538 0.13959130920785134
v -0.09359375559416873 -0.0002940344223316646 0.14056077928960842
v -0.09389687145629537 -0.0011800049998760846 0.14153277188718974
v -0.0941947500961113 -0.0020717847341592643 0.14250730832667333
v -0.09448733843139585 -0.002969384235273239 0.14348441004271753
v -0.09477458283876738 -0.0038728142081064978 0.1444640985787907
v -0.09505642914494991 -0.004782085452431657 0.14544639558737202
v -0.09533282261789167 -0.005697208862972532 0.14643132283012683
v -0.09560370795773093 -0.006618195429441375 0.14741890217805056
v -0.09586902928760756 -0.007545056236553971 0.14840915561158485
v -0.09612873014431661 -0.008477802464014599 0.14940210522070066
v -0.09638275346880137 -0.009416445386472488 0.1503977732049491
v -0.09663104159648263 -0.01036099637344999 0.15139618187347953
v -0.09687353624742102 -0.011311466889237095 0.15239735364502024
v -0.09711017851630965 -0.012267868492756158 0.15340131104782517
v -0.09734090886229309 -0.013230212837390032 0.15440807671957985
v -0.09756566709861028 -0.014198511670778506 0.1554176734072701
v -0.09778439238205754 -0.015172776834573852 0.1564301239670084
v -0.0979970232022677 -0.016153020264162477 0.15744545136381732
v -0.09820349737080361 -0.0171392539883446 0.1584636786713701
v -0.09840375201006021 -0.018131490128972742 0.15948482907168351
v -0.09859772354197356 -0.01912974090054945 0.16050892585476453
v -0.09878534767653177 -0.0201340186097777 0.16153599241820582
v -0.09896655940008481 -0.021144335655068215 0.16256605226673168
v -0.0991412929634491 -0.022160704525995587 0.16359912901168855
v -0.0993094818698029 -0.02318313780270842 0.16463524637048188
v -0.09947105886236914 -0.024211648155283188 0.16567442816595485
v -0.09962595591188021 -0.025246248343028625 0.16671669832570662
v -0.09977410420382268 -0.02628695121373195 0.167762080881351
v -0.09991543412545552 -0.02733376970284717 0.16881059996770817
v -0.1000498752525994 -0.02838671683262529 0.16986227982193286
v -0.1001773563361913 -0.02944580571117938 0.1709171447825708
v -0.10029780528860109 -0.030511049531488033 0.17197521928854648
v -0.10041114916970449 -0.03158246157032848 0.17303652787807408
v -0.10051731417270854 -0.03266005518714413 0.1741010951874944
v -0.10061622560972522 -0.033743843822835226 0.17516894595003007
v -0.10070780789708654 -0.03483384099847909 0.17624010499445908
v -0.10079198454039892 -0.035930060313970315 0.17731459724370377
v -0.10086867811932954 -0.037032515446580476 0.17839244771332935
v -0.10093781027212088 -0.03814122014943662 0.1794736815099531
v -0.10099930167982799 -0.03925618824991023 0.18055832382955614
v -0.1010530720502729 -0.04037743364791981 0.18164639995569898
v -0.10109904010171149 -0.04150497031413837 0.18273793525763385
v -0.1011371235462062 -0.04263881228810592 0.18383295518831128
v -0.10116723907270112 -0.043778973676241416 0.1849314852822787
v -0.10118930232979055 -0.04492546864975302 0.1860335511534641
v -0.10120322790817901 -0.04607831144244009 0.18713917849284406
v -0.10120892932282385 -0.047237516348384204 0.18824839306598873
v -0.101206318994756 -0.0484030977195274 0.1893612207104831
v -0.10119530823257242 -0.04957506996312877 0.19047768733321557
v -0.101175807213594 -0.050753447539100854 0.19159781890753447
v -0.10114772496468258 -0.051938244957216516 0.19272164147026316
v -0.10111096934271069 -0.05312947677418475 0.19384918111857086
v -0.10106544701467844 -0.05432715759058934 0.19498046400669578
v -0.10101106343746831 -0.055531302047687164 0.19611551634251073
v -0.1009477228372346 -0.056741924824058855 0.19725436438393143
v -0.10087532818841798 -0.057959040632107606 0.19839703443515644
v -0.10079378119237897 -0.05918266421440307 0.19954355284273795
v -0.10070298225564425 -0.060412810339859506 0.20069394599147264
v -0.1006028304677565 -0.06164949379974916 0.20184824030011111
v -0.10049322357872272 -0.06289272940353896 0.2030064622168758
v -0.1003740579760515 -0.06414253197454826 0.20416863821478148
v -0.10024522866137416 -0.06539891634541925 0.2053347947867547
v -0.10010662922663822 -0.06666189735339562 0.20650495844053923
v -0.09995815182987007 -0.06793148983540047 0.20767915569338682
v -0.09979968717049516 -0.06920770862290689 0.20885741306651945
v -0.09963112446420917 -0.07049056853659696 0.21003975707936065
v -0.09945235141739224 -0.07178008438079612 0.2112262142435233
v -0.09926325420105711 -0.0730762709376818 0.21241681105654975
v -0.09906371742432309 -0.07437914296125255 0.21361157399539157
v -0.09885362410740738 -0.07568871517105305 0.21481052950962284
v -0.09863285565412588 -0.07700500224564498 0.21601370401437736
v -0.09840129182389167 -0.07832801881581596 0.21722112388299836
v -0.0981588107032065 -0.07965777945751659 0.21843281543939405
v -0.09790528867663313 -0.08099429868451531 0.21964880495008482
v -0.09764060039723983 -0.0823375909407651 0.2208691186159357
v -0.09736461875650904 -0.08368767059246737 0.22209378256356038
v -0.09707721485369956 -0.08504455191982443 0.22332282283638524
v -0.09677825796465289 -0.08640824910847267 0.22455626538536555
v -0.09646761551003404 -0.08777877624057993 0.2257941360593358
v -0.09614515302299882 -0.08915614728559988 0.22703646059498797
v -0.09581073411627342 -0.09054037609067016 0.2282832646064593
v -0.09546422044864164 -0.09193147637064195 0.22953457357452142
v -0.09510547169082594 -0.09332946169772696 0.23079041283535148
v -0.094734345490753 -0.09473434549075294 0.23205080756887722
v -0.09435069743819442 -0.09614614100400887 0.23331578278667592
v -0.09395438102877145 -0.09756486131566844 0.2345853633194142
v -0.09354524762731287 -0.09899051931577942 0.23585957380381528
v -0.09312314643055611 -0.10042312769379917 0.23713843866913134
v -0.09268792442918217 -0.10186269892566437 0.23842198212311216
v -0.09223942636916957 -0.10330924526037855 0.23971022813744447
v -0.09177749471246202 -0.10476277870609967 0.24100320043265128
v -0.09130196959693522 -0.10622331101571053 0.2423009224624268
v -0.09081268879565221 -0.10769085367185711 0.24360341739739227
v -0.09030948767539858 -0.10916541787143286 0.2449107081082499
v -0.0897921991544845 -0.11064701450949113 0.2462228171483143
v -0.08926065365980289 -0.11213565416256951 0.24753976673540426
v -0.0887146790831335 -0.11363134707140007 0.24886157873306597
v -0.08815410073668282 -0.1151341031229893 0.25018827463111276
v -0.0875787413078448 -0.11664393183204426 0.2515198755254506
v -0.0869884208131772 -0.11816084232172294 0.25285640209717103
v -0.08638295655157822 -0.11968484330368545 0.2541978745908836
v -0.08576216305665503 -0.12121594305742167 0.25554431279225986
v -0.08512585204827136 -0.12275414940883389 0.2568957360047689
v -0.08447383238326665 -0.12429946970804286 0.25825216302556747
v -0.0838059100053325 -0.1258519108063982 0.2596136121205256
v -0.08312188789403865 -0.1274114790326594 0.2609801009983488
v -0.08242156601299884 -0.12897818016832324 0.2623516467837756
v -0.08170474125716191 -0.1305520194220674 0.26372826598980936
v -0.08097120739922477 -0.13213300140327983 0.26510997448896073
v -0.08022075503515241 -0.13372113009464315 0.2664967874834591
v -0.07945317152879884 -0.13531640882374055 0.2678887194744031
v -0.0786682409556168 -0.13691884023365405 0.26928578422981336
v -0.07786574404545174 -0.13852842625251405 0.27068799475154676
v -0.07704545812440683 -0.1401451680619721 0.27209536324103933
v -0.07620715705577469 -0.1417690660645539 0.2735079010638318
v -0.07535061118002812 -0.1434001198498583 0.27492561871284193
v -0.07447558725385857 -0.14503832815956216 0.27634852577033675
v -0.07358184838826196 -0.14668368885119035 0.27777663086856413
v -0.07266915398566111 -0.1483361988606088 0.27920994164899604
v -0.07173725967606213 -0.1499958541631971 0.28064846472013577
v -0.07078591725223739 -0.15166264973365873 0.2820922056138452
v -0.06981487460393522 -0.1533365795044172 0.2835411687401347
v -0.0688238756511079 -0.15501763632255708 0.2849953573403713
v -0.06781266027616015 -0.1567058119052545 0.2864547734388453
v -0.06678096425521601 -0.15840109679365025 0.28791941779264474
v -0.06572851918839782 -0.16010348030511248 0.28938928983977785
v -0.06465505242912967 -0.16181295048383051 0.290864387645484
v -0.06356028701245355 -0.16352949404969153 0.2923447078466766
v -0.06244394158237247 -0.165253096345373 0.2938302455944478
v -0.061305730318216727 -0.16698374128159987 0.29532099449457827
v -0.06014536286004555 -0.16872141128049606 0.2968169465459761
v -0.05896254423308516 -0.1704660872169756 0.29831809207698523
v -0.05775697477121711 -0.17221774835809836 0.299824419679481
v -0.05652835003952658 -0.17397637230033025 0.30133591614069083
v -0.05527636075591685 -0.17574193490463333 0.30285256637265284
v -0.05400069271181725 -0.1775144102293127 0.30437435333924073
v -0.0527010266919854 -0.1792937704605508 0.30590125798067197
v -0.05137703839343636 -0.18107998584054466 0.3074332591354139
v -0.050028398343508876 -0.18287302459317417 0.3089703334594047
v -0.04865477181710147 -0.18467285284711138 0.31051245534249494
v -0.04725581875309648 -0.18647943455629507 0.3120595968220251
v -0.04583119367000732 -0.18829273141767397 0.313611727493436
v -0.0443805455808802 -0.19011270278613723 0.31516881441782146
v -0.04290351790747912 -0.1919393055865342 0.31673082202631864
v -0.041399748393806765 -0.1937724942226871 0.31829771202123164
v -0.039868869018987535 -0.19561222048330543 0.3198694432737862
v -0.03831050590957356 -0.19745843344468966 0.3214459717183977
v -0.03672427925131306 -0.19931107937013076 0.32302725024334766
v -0.03510980320044564 -0.20117010160588872 0.3246132285777426
v -0.03346668579457504 -0.20303544047364594 0.3262038531746434
v -0.031794528863191084 -0.2049070331593178 0.3277990670902354
v -0.030092927937908243 -0.20678481359810205 0.3293988098589123
v -0.02836147216249015 -0.2086687123556525 0.3310030173641478
v -0.02659974420275504 -0.21055865650524277 0.33261162170501146
v -0.02480732015643137 -0.21245456950080302 0.33422455105819837
v -0.022983769463073858 -0.2143563710456884 0.3358417295354225
v -0.0211286548141271 -0.2162639769570533 0.33746307703603445
v -0.019241532063256253 -0.21817729902568442 0.33908850909470517
v -0.017321950137049284 -0.22009624487115764 0.34071793672402884
v -0.015369450946223145 -0.22202071779216662 0.3423512662518785
v -0.013383569297463588 -0.22395061661187549 0.3439883991533569
v -0.011363832806032695 -0.2258858355181442 0.3456292318771739
v -0.00930976180931127 -0.2278262638984625 0.3472736556662761
v -0.007220869281416637 -0.2297717861694391 0.3489215563725595
v -0.0050966607490858335 -0.23172228160067057 0.3505728142654762
v -0.0029366342089920164 -0.23367762413283133 0.3522273038343608
v -0.0007402800467015831 -0.23563768218980027 0.3538848935842788
v 0.0014929190425334612 -0.23760231848465632 0.3555454458252119
v 0.0037634881309178006 -0.23957138981935466 0.35720881645437796
v 0.006071960132959513 -0.24154474687789962 0.35887485473148445
v 0.008418875877779772 -0.24352223401283096 0.36054340304671695
v 0.010804784178604981 -0.24550368902482061 0.36221429668124133
v 0.013230241899183558 -0.24748894293519333 0.36388736356001805
v 0.015695814016810486 -0.2494778197511636 0.36556242399670186
v 0.01820207368166249 -0.2514701362235913 0.3672392904304139
v 0.020749602272095474 -0.25346570159704307 0.3689177671541525
v 0.023338989445567043 -0.25546431735195574 0.3705976500346233
v 0.025970833184798627 -0.2574657769386844 0.3722787262232519
v 0.028645739838787397 -0.25946986550321877 0.37396077385814375
v 0.031364324158258634 -0.26147635960435595 0.37564356175676095
v 0.03412720932509833 -0.26348502692209913 0.37732684909906644
v 0.03693502697532514 -0.26549562595707 0.37901038510090374
v 0.03978841721508718 -0.267507905720702 0.38069390867736064
v 0.04268802862918296 -0.26952160541599623 0.38237714809587825
v 0.04563451828154622 -0.27153645410860905 0.3840598206188561
v 0.04862855170712225 -0.27355217038804636 0.3857416321355072
v 0.051670802894532505 -0.2755684620187425 0.38742227678272345
v 0.05476195425887318 -0.2775850255807901 0.3891014365546959
v 0.05790269660399153 -0.2796015461001068 0.3907787809010585
v 0.0610937290735052 -0.2816176966678095 0.39245396631330587
v 0.06433575908984394 -0.2836331380485831 0.39412663589925273
v 0.06762950228050209 -0.28564751827782425 0.39579641894529827
v 0.0709756823906959 -0.2876604722473544 0.3974629304662704
v 0.07437503118154204 -0.2896716212794953 0.3991257707426257
v 0.07782828831285069 -0.2916805726893083 0.40078452484478966
v 0.08133620120958195 -0.2936869193348129 0.4024387621444359
v 0.08489952491094499 -0.29569023915499815 0.4040880358125025
v 0.08851902190110779 -0.29769009469546237 0.4057318823037668
v 0.09219546192038654 -0.29968603262152144 0.4073698208278034
v 0.0959296217557867 -0.3016775832186434 0.40900135280617433
v 0.09972228500965696 -0.30366425988007967 0.4106259613157065
v 0.10357424184521141 -0.3056455585815872 0.41224311051774415
v 0.1074862887075762 -0.3076209573431446 0.41385224507327006
v 0.11145922801898252 -0.3095899156775976 0.41545278954382614
v 0.11549386784666364 -0.31155187402618933 0.4170441477781834
v 0.11959102154192809 -0.3135062531809541 0.418625702284739
v 0.12375150734885572 -0.31545245369398767 0.4201968135896569
v 0.12797614798094298 -0.3173898552736379 0.4217568195807938
v 0.1322657701640172 -0.31931781616769384 0.4233050348375019
v 0.13662120414361126 -0.32123567253368973 0.4248407499464309
v 0.1410432831549534 -0.3231427377964842 0.42636323080350436
v 0.145532842853653 -0.3250383019933213 0.4278717179022953
v 0.15009072070506016 -0.32692163110662487 0.4293654256090745
v 0.15471775533024634 -0.32879196638484154 0.4308435414248728
v 0.1594147858064273 -0.33064852365169345 0.4323052252349505
v 0.16418265091962736 -0.33249049260427777 0.4337496085461514
v 0.16902218836724334 -0.33431703610051056 0.4351757937126739
v 0.17393423390816212 -0.33612728943648834 0.43658285315089396
v 0.1789196204579412 -0.3379203596144209 0.4379698285439392
v 0.18397917712652834 -0.33969532460187357 0.4393357300368226
v 0.18911372819591593 -0.3414512325831501 0.4406795354230368
v 0.19432409203502415 -0.3431871012037407 0.44200018932361296
v 0.19961107994908384 -0.34490191680887355 0.44329660235977303
v 0.20497549496066428 -0.34659463367730986 0.44456765032041407
v 0.2104181305194882 -0.34826417325164966 0.44581217332580314
v 0.21593976913804233 -0.34990942336654157 0.4470289749889902
v 0.221541180950016 -0.35152923747632264 0.4482168215766057
v 0.22722312218847318 -0.353122433883762 0.4493744411708558
v 0.23298633358066517 -0.3546877949717312 0.4505005228346967
v 0.23883153865634812 -0.3562240664397922 0.4515937157823517
v 0.24475944196640803 -0.35772995654785655 0.45265262855751154
v 0.2507707272086299 -0.35920413536926055 0.45367582822176306
v 0.2568660552573742 -0.36064523405577936 0.4546618395559906
v 0.2630460620939989 -0.36205184411731733 0.4556091442777237
v 0.26931135663480027 -0.3634225167192157 0.45651618027761787
v 0.27566251845336 -0.3647557620003296 0.4573813408785135
v 0.2821000953941705 -0.3660500484152875 0.4582029741207557
v 0.28862460107450144 -0.3673038021045514 0.45897938207772526
v 0.2952365122715747 -0.36851540629617535 0.45970882020580767
v 0.30193626619217834 -0.3696832007434107 0.46038949673330726
v 0.30872425762204003 -0.37080548120257845 0.46101957209311245
v 0.31560083595238164 -0.371880498955918 0.46159715840422366
v 0.3225663020813278 -0.3729064603843978 0.46212031900756784
v 0.3296209051879892 -0.3738815265957998 0.46258706806185795
v 0.33676483937737023 -0.3748038131136534 0.4629953702055761
v 0.34399824019448205 -0.3756713896329655 0.4633431402915163
v 0.35132118100639015 -0.37648227984895766 0.46362824320065554
v 0.3587336692513196 -0.3772344613653884 0.4638484937424883
v 0.3662356425543008 -0.3779258656893434 0.46400165664930804
v 0.37382696470937166 -0.37855437831972 0.4640854466722832
v 0.38150742152878464 -0.3791178389369544 0.46409752878753
v 0.3892767165603212 -0.3796140417018701 0.4640355185207498
v 0.39713446667433905 -0.38004073567186775 0.4638969823993387
v 0.40508019752295404 -0.3803956253429504 0.46367943854123506
v 0.41311333887442825 -0.3806763713264464 0.46338035739009387
v 0.42123321982666573 -0.3808805911695301 0.46299716260670465
v 0.4294390639046164 -0.38100586032895595 0.4625272321268673
v 0.43772998404725943 -0.38104971330765997 0.46196789939622024
v 0.44610497749093964 -0.3810096449641247 0.46131645479277195
v 0.45456292055681413 -0.3808831120046038 0.46057014724810175
v 0.4631025633514196 -0.38066753466846437 0.4597261860783863
v 0.4717225243905043 -0.3803602986170657 0.458781743036547
v 0.4804212851576557 -0.37995875703661847 0.4577339545969033
v 0.48919718461057626 -0.37946023296557857 0.4565799244837575
v 0.4980484136493195 -0.3788620218570423 0.45531672645531274
v 0.5069730095623471 -0.3781613943865505 0.45394140735422056
v 0.5159688504677908 -0.3773555995155571 0.45245099043589815
v 0.5250336497690312 -0.376441867820556 0.45084247898547947
v 0.5341649506453378 -0.3754174150975683 0.44911286023393554
v 0.543360120600112 -0.37427944625123966 0.447259109583423
v 0.5526163460910879 -0.3730251594773304 0.4452781951513807
v 0.5619306272686382 -0.37165175074668544 0.4431670826421999
v 0.5712997728502494 -0.3701564185981139 0.44092274055449465
v 0.5807203951610499 -0.36853636924666544 0.43854214573105543
v 0.5901889053722181 -0.3667888220128401 0.43602228925748504
v 0.5997015089708679 -0.3649110150771209 0.4333601827142899
v 0.6092542014969313 -0.36290021156293023 0.43055286478579474
v 0.6188427645842391 -0.36075370594969564 0.4275974082277123
v 0.6284627623447658 -0.35846883081611497 0.42449092719347276
v 0.6381095381365746 -0.35604296391198476 0.42123058491750986
v 0.647778211757486 -0.35347353555501243 0.4178136017516638
v 0.657463677107837 -0.3507580363470299 0.4142372635485757
v 0.667160600366835 -0.3478940252017344 0.4104989303835662
v 0.6768634187280169 -0.34487913767372746 0.4065960456038625
v 0.6865663397399641 -0.3417110945760805 0.40252614519129937
v 0.6962633412989896 -0.3383877108709419 0.3982868674216774
v 0.7059481723405604 -0.3349069048148896 0.39387596280089093
v 0.715614354276123 -0.33126670733775027 0.3892913042547194
v 0.7252551832214458 -0.32746527163055483 0.38453089754582215
v 0.7348637330616381 -0.3235008829150815 0.37959289188805206
v 0.7444328593966844 -0.3193719683642485 0.37447559072463427
v 0.7539552044094823 -0.3150771071392577 0.3691774626332092
v 0.7634232026961203 -0.3106150405060741 0.36369715231706806
v 0.7728290880952743 -0.30598468199051987 0.35803349163834025
v 0.7821649015503068 -0.3011851275279381 0.35218551064527986
v 0.7914225000337722 -0.2962156655601569 0.3461524485422993
v 0.8005935665595447 -0.29107578702940445 0.3399337645480444
v 0.8096696213028391 -0.28576519521583554 0.3335291485835389
v 0.8186420338427877 -0.2802838153625569 0.3269385317294855
v 0.8275020365361122 -0.2746318040295608 0.32016209638899806
v 0.8362407390237535 -0.2688095581156929 0.31320028608968203
v 0.8448491438651424 -0.26281772348589283 0.30605381485684724
v 0.8533181632870832 -0.25665720313945795 0.29872367608805417
v 0.861638637026093 -0.2503291648539633 0.2912111508579724
v 0.8698013512345398 -0.24383504823886773 0.2835178155818807
v 0.8777970584119803 -0.23717657113278112 0.2756455489660746
v 0.8856164983140388 -0.2303557352788184 0.26759653817391377
v 0.8932504197817593 -0.22337483121352603 0.25937328413747096
v 0.9006896034249963 -0.2162364423066341 0.25097860594653815
v 0.9079248850839013 -0.20894344789118927 0.24241564424937553
v 0.9149471799832833 -0.2014990254266797 0.233687863602826
v 0.9217475074854294 -0.19390665164152254 0.22479905371352987
v 0.928317016338181 -0.18617010260565567 0.21575332951672635
v 0.9346470103066997 -0.1782934526890851 0.20655513004467388
v 0.9407289740694895 -0.17028107236802895 0.1972092160430195
v 0.9465545992521825 -0.16213762484668098 0.1877206663003452
v 0.9521158104661968 -0.1538680614696054 0.17809487266380503
v 0.957404791213997 -0.14547761590739575 0.16833753372190427
v 0.9624140095182889 -0.13697179710622492 0.15845464714430316
v 0.9671362431291866 -0.1283563810004485 0.1484525006776979
v 0.9715646041613745 -0.11963740099621359 0.1383376618064358
v 0.9756925630124844 -0.11082113724319667 0.12811696609645706
v 0.9795139714145097 -0.10191410472076823 0.11779750425114507
v 0.983023084472061 -0.09292304017431115 0.10738660791790432
v 0.9862145815446776 -0.08385488794666211 0.09689183429429044
v 0.9890835858352479 -0.07471678475878826 0.08632094959255444
v 0.9916256825528467 -0.06551604350275313 0.07568191143102136
v 0.9938369355259726 -0.05626013611848153 0.06498285023006564
v 0.9957139021511383 -0.04695667563391265 0.054232049699118136
v 0.99725364657201 -0.037613397455529 0.0434379265092308
v 0.9984537509957354 -0.028238140003084482 0.032609009253124335
v 0.9993123250655289 -0.018838824788234197 0.02175391680105295
v 0.9998280132220201 -0.009423436041983415 0.010881336166479303
v 0.9999999999999993 3.925231146709436e-16 -1.0080825297443974e-15
v 0.9998280132220201 0.009423436041984357 -0.010881336166479781
v 0.9993123250655289 0.018838824788233257 -0.02175391680105343
v 0.9984537509957352 0.02823814000308534 -0.03260900925312482
v 0.99725364657201 0.03761339745552979 -0.04343792650923128
v 0.9957139021511373 0.04695667563391339 -0.05423204969911856
v 0.9938369355259726 0.056260136118482316 -0.06498285023006611
v 0.9916256825528468 0.0655160435027522 -0.07568191143102183
v 0.9890835858352478 0.07471678475878912 -0.08632094959255492
v 0.9862145815446776 0.08385488794666297 -0.09689183429429242
v 0.9830230844720608 0.09292304017431201 -0.10738660791790479
v 0.9795139714145097 0.10191410472076722 -0.11779750425114556
v 0.9756925630124844 0.11082113724319753 -0.12811696609645754
v 0.9715646041613745 0.11963740099621435 -0.13833766180643625
v 0.9671362431291858 0.12835638100044922 -0.14845250067769827
v 0.9624140095182889 0.13697179710622567 -0.15845464714430363
v 0.9574047912139962 0.14547761590739472 -0.16833753372190458
v 0.9521158104661965 0.15386806146960616 -0.17809487266380547
v 0.9465545992521822 0.16213762484668004 -0.18772066630034553
v 0.9407289740694886 0.17028107236802972 -0.1972092160430198
v 0.9346470103066997 0.17829345268908428 -0.20655513004467435
v 0.928317016338181 0.18617010260565642 -0.21575332951672682
v 0.9217475074854287 0.19390665164152315 -0.22479905371353015
v 0.914947179983283 0.2014990254266805 -0.23368786360282645
v 0.9079248850838995 0.20894344789119126 -0.242415644249377
v 0.9006896034249953 0.21623644230663466 -0.2509786059465398
v 0.893250419781759 0.22337483121352683 -0.25937328413747135
v 0.8856164983140384 0.23035573527881734 -0.267596538173914
v 0.8777970584119809 0.23717657113278207 -0.2756455489660739
v 0.8698013512345384 0.24383504823886812 -0.2835178155818821
v 0.8616386370260928 0.250329164853964 -0.29121115085797283
v 0.8533181632870831 0.2566572031394587 -0.2987236760880546
v 0.8448491438651434 0.2628177234858922 -0.3060538148568466
v 0.8362407390237508 0.26880955811569446 -0.3132002860896831
v 0.8275020365361114 0.2746318040295612 -0.32016209638899956
v 0.818642033842787 0.2802838153625575 -0.32693853172948567
v 0.8096696213028394 0.28576519521583477 -0.3335291485835392
v 0.8005935665595451 0.2910757870294054 -0.3399337645480438
v 0.7914225000337715 0.2962156655601574 -0.3461524485423007
v 0.782164901550306 0.3011851275279385 -0.35218551064528003
v 0.7728290880952734 0.3059846819905203 -0.3580334916383403
v 0.7634232026961211 0.3106150405060736 -0.3636971523170674
v 0.7539552044094805 0.3150771071392592 -0.3691774626332103
v 0.7444328593966825 0.3193719683642485 -0.37447559072463504
v 0.7348637330616372 0.32350088291508194 -0.3795928918880522
v 0.7252551832214456 0.32746527163055394 -0.38453089754582226
v 0.7156143542761236 0.3312667073377513 -0.38929130425471914
v 0.7059481723405591 0.3349069048148898 -0.39387596280089193
v 0.6962633412989893 0.33838771087094244 -0.3982868674216778
v 0.6865663397399633 0.34171109457608084 -0.4025261451912995
v 0.6768634187280161 0.3448791376737278 -0.4065960456038625
v 0.6671606003668363 0.3478940252017343 -0.410498930383566
v 0.6574636771078355 0.3507580363470298 -0.4142372635485764
v 0.6477782117574853 0.3534735355550128 -0.4178136017516639
v 0.6381095381365746 0.356042963911984 -0.4212305849175099
v 0.6284627623447663 0.358468830816116 -0.4244909271934726
v 0.6188427645842377 0.36075370594969547 -0.42759740822771286
v 0.6092542014969307 0.3629002115629305 -0.43055286478579474
v 0.5997015089708676 0.36491101507712137 -0.4333601827142902
v 0.5901889053722175 0.3667888220128403 -0.43602228925748504
v 0.5807203951610507 0.3685363692466652 -0.438542145731055
v 0.5712997728502477 0.3701564185981135 -0.440922740554495
v 0.5619306272686379 0.3716517507466859 -0.44316708264220017
v 0.5526163460910881 0.3730251594773298 -0.4452781951513808
v 0.5433601206001122 0.3742794462512405 -0.44725910958342285
v 0.5341649506453363 0.37541741509756793 -0.44911286023393576
v 0.5250336497690307 0.3764418678205563 -0.4508424789854795
v 0.5159688504677903 0.3773555995155573 -0.45245099043589826
v 0.5069730095623465 0.3781613943865507 -0.45394140735422056
v 0.49804841364932045 0.3788620218570422 -0.4553167264553126
v 0.48919718461057493 0.37946023296557824 -0.45657992448375767
v 0.4804212851576552 0.3799587570366186 -0.4577339545969033
v 0.4717225243905045 0.3803602986170651 -0.458781743036547
v 0.46310256335141986 0.38066753466846526 -0.4597261860783864
v 0.45456292055681286 0.38088311200460345 -0.4605701472481018
v 0.4461049774909375 0.3810096449641249 -0.4613164547927718
v 0.43772998404725877 0.38104971330766013 -0.4619678993962203
v 0.4294390639046156 0.38100586032895595 -0.4625272321268671
v 0.4212332198266665 0.3808805911695301 -0.4629971626067046
v 0.413113338874427 0.3806763713264459 -0.4633803573900939
v 0.40508019752295343 0.38039562534295057 -0.463679438541235
v 0.3971344666743392 0.3800407356718673 -0.4638969823993388
v 0.38927671656032126 0.37961404170187085 -0.4640355185207499
v 0.3815074215287835 0.37911783893695383 -0.4640975287875299
v 0.37382696470936977 0.37855437831972016 -0.4640854466722831
v 0.3662356425543003 0.3779258656893435 -0.4640016566493081
v 0.35873366925131894 0.3772344613653883 -0.46384849374248815
v 0.3513211810063909 0.3764822798489578 -0.46362824320065565
v 0.3439982401944811 0.375671389632965 -0.4633431402915163
v 0.3367648393773699 0.37480381311365374 -0.46299537020557624
v 0.3296209051879895 0.3738815265957993 -0.46258706806185795
v 0.3225663020813278 0.37290646038439845 -0.46212031900756806
v 0.3156008359523808 0.3718804989559176 -0.4615971584042236
v 0.3087242576220385 0.37080548120257856 -0.4610195720931124
v 0.3019362661921779 0.36968320074341077 -0.46038949673330726
v 0.29523651227157444 0.36851540629617563 -0.45970882020580783
v 0.2886246010745021 0.36730380210455155 -0.4589793820777255
v 0.2821000953941697 0.36605004841528704 -0.45820297412075567
v 0.27566251845335954 0.36475576200032966 -0.4573813408785135
v 0.2693113566348005 0.3634225167192154 -0.45651618027761787
v 0.2630460620939989 0.36205184411731806 -0.4556091442777239
v 0.25686605525737344 0.360645234055779 -0.4546618395559906
v 0.25077072720862853 0.35920413536926055 -0.45367582822176294
v 0.2447594419664077 0.3577299565478567 -0.4526526285575115
v 0.2388315386563476 0.3562240664397921 -0.4515937157823515
v 0.2329863335806657 0.35468779497173125 -0.45050052283469666
v 0.22722312218847243 0.3531224338837616 -0.44937444117085573
v 0.22154118095001551 0.35152923747632264 -0.4482168215766056
v 0.21593976913804253 0.34990942336654113 -0.44702897498898997
v 0.21041813051948782 0.3482641732516497 -0.44581217332580314
v 0.2049754949606655 0.34659463367730975 -0.44456765032041434
v 0.19961107994908256 0.34490191680887344 -0.44329660235977275
v 0.19432409203502374 0.34318710120374063 -0.44200018932361285
v 0.18911372819591557 0.3414512325831502 -0.4406795354230369
v 0.1839791771265289 0.33969532460187385 -0.43933573003682286
v 0.17891962045794058 0.33792035961442046 -0.43796982854393895
v 0.17393423390816173 0.33612728943648834 -0.43658285315089385
v 0.16902218836724353 0.33431703610051017 -0.43517579371267373
v 0.16418265091962697 0.3324904926042777 -0.43374960854615124
v 0.15941478580642837 0.33064852365169334 -0.4323052252349508
v 0.15471775533024515 0.32879196638484137 -0.43084354142487247
v 0.15009072070505983 0.32692163110662487 -0.4293654256090744
v 0.14553284285365264 0.32503830199332123 -0.4278717179022951
v 0.14104328315495382 0.3231427377964844 -0.42636323080350447
v 0.1366212041436107 0.32123567253368934 -0.4248407499464306
v 0.13226577016401686 0.3193178161676938 -0.4233050348375018
v 0.1279761479809432 0.31738985527363767 -0.42175681958079375
v 0.1237515073488554 0.31545245369398767 -0.4201968135896568
v 0.11959102154192904 0.31350625318095404 -0.4186257022847391
v 0.11549386784666262 0.31155187402618917 -0.4170441477781831
v 0.11145922801898217 0.3095899156775974 -0.41545278954382603
v 0.10748628870757586 0.3076209573431445 -0.41385224507326995
v 0.10357424184521175 0.3056455585815873 -0.41224311051774415
v 0.09972228500965655 0.3036642598800793 -0.4106259613157063
v 0.09592962175578575 0.30167758321864313 -0.409001352806174
v 0.0921954619203868 0.29968603262152127 -0.4073698208278033
v 0.08851902190110753 0.29769009469546237 -0.40573188230376667
v 0.08489952491094586 0.2956902391549982 -0.4040880358125027
v 0.08133620120958103 0.2936869193348126 -0.4024387621444356
v 0.07782828831285042 0.2916805726893083 -0.4007845248447896
v 0.07437503118154179 0.2896716212794954 -0.3991257707426258
v 0.07097568239069625 0.28766047224735464 -0.39746293046627057
v 0.06762950228050173 0.28564751827782375 -0.3957964189452979
v 0.06433575908984307 0.28363313804858276 -0.39412663589925245
v 0.061093729073505444 0.28161769666780934 -0.3924539663133058
v 0.057902696603991284 0.27960154610010673 -0.3907787809010585
v 0.05476195425887398 0.2775850255807902 -0.38910143655469603
v 0.051670802894531714 0.27556846201874213 -0.3874222767827231
v 0.04862855170712198 0.2735521703880463 -0.38574163213550716
v 0.04563451828154599 0.2715364541086089 -0.3840598206188559
v 0.04268802862918323 0.26952160541599635 -0.38237714809587836
v 0.03978841721508688 0.26750790572070154 -0.3806939086773603
v 0.036935026975324387 0.2654956259570697 -0.37901038510090346
v 0.034127209325098565 0.263485026922099 -0.3773268490990664
v 0.031364324158258405 0.26147635960435595 -0.3756435617567609
v 0.028645739838788122 0.259469865503219 -0.373960773858144
v 0.025970833184797915 0.257465776938684 -0.3722787262232516
v 0.02333898944556683 0.2554643173519556 -0.37059765003462325
v 0.020749602272095245 0.25346570159704296 -0.36891776715415237
v 0.018202073681662264 0.2514701362235912 -0.36723929043041387
v 0.015695814016810264 0.24947781975116315 -0.36556242399670147
v 0.013230241899182876 0.247488942935193 -0.3638873635600177
v 0.010804784178605191 0.2455036890248205 -0.36221429668124133
v 0.008418875877779577 0.24352223401283088 -0.36054340304671695
v 0.006071960132960183 0.2415447468778998 -0.35887485473148467
v 0.003763488130917174 0.23957138981935427 -0.3572088164543776
v 0.0014929190425332557 0.2376023184846563 -0.35554544582521197
v -0.0007402800467017864 0.2356376821898002 -0.35388489358427877
v -0.0029366342089922164 0.23367762413283116 -0.3522273038343607
v -0.005096660749085619 0.2317222816006707 -0.3505728142654763
v -0.007220869281417222 0.22977178616943872 -0.3489215563725593
v -0.009309761809311052 0.22782626389846242 -0.34727365566627605
v -0.011363832806032885 0.22588583551814412 -0.34562923187717387
v -0.013383569297462998 0.22395061661187568 -0.34398839915335705
v -0.015369450946223715 0.22202071779216628 -0.3423512662518782
v -0.017321950137049468 0.2200962448711576 -0.3407179367240288
v -0.019241532063256434 0.21817729902568428 -0.3390885090947051
v -0.02112865481412728 0.2162639769570532 -0.33746307703603434
v -0.022983769463073657 0.21435637104568853 -0.33584172953542263
v -0.02480732015643189 0.2124545695008027 -0.3342245510581981
v -0.026599744202754832 0.21055865650524277 -0.33261162170501146
v -0.02836147216249032 0.20866871235565243 -0.33100301736414767
v -0.030092927937907705 0.20678481359810227 -0.3293988098589124
v -0.03179452886319157 0.20490703315931735 -0.327799067090235
v -0.0334666857945752 0.20303544047364583 -0.3262038531746433
v -0.03510980320044581 0.20117010160588863 -0.3246132285777425
v -0.036724279251313205 0.19931107937013065 -0.32302725024334755
v -0.038310505909573425 0.19745843344468977 -0.32144597171839784
v -0.039868869018988 0.19561222048330512 -0.3198694432737859
v -0.04139974839380658 0.1937724942226871 -0.3182977120212316
v -0.04290351790747927 0.1919393055865341 -0.3167308220263186
v -0.04438054558087973 0.1901127027861375 -0.3151688144178216
v -0.04583119367000775 0.18829273141767358 -0.3136117274934357
v -0.04725581875309659 0.18647943455629476 -0.31205959682202483
v -0.048654771817101615 0.18467285284711132 -0.31051245534249483
v -0.050028398343509 0.18287302459317406 -0.30897033345940456
v -0.05137703839343623 0.18107998584054483 -0.307433259135414
v -0.05270102669198581 0.17929377046055048 -0.30590125798067175
v -0.05400069271181708 0.17751441022931275 -0.30437435333924073
v -0.055276360755916985 0.17574193490463327 -0.30285256637265284
v -0.05652835003952615 0.17397637230033058 -0.301335916140691
v -0.0577569747712175 0.172217748358098 -0.29982441967948076
v -0.05896254423308523 0.1704660872169753 -0.2983180920769849
v -0.06014536286004567 0.16872141128049595 -0.2968169465459761
v -0.06130573031821686 0.16698374128159976 -0.2953209944945782
v -0.06244394158237236 0.1652530963453732 -0.2938302455944479
v -0.06356028701245388 0.16352949404969117 -0.2923447078466763
v -0.0646550524291295 0.16181295048383051 -0.29086438764548395
v -0.06572851918839794 0.1601034803051124 -0.28938928983977774
v -0.06678096425521564 0.15840109679365055 -0.28791941779264496
v -0.0678126602761605 0.15670581190525412 -0.28645477343884507
v -0.06882387565110795 0.15501763632255683 -0.284995357340371
v -0.06981487460393532 0.15333657950441706 -0.2835411687401346
v -0.07078591725223753 0.15166264973365864 -0.2820922056138451
v -0.07173725967606202 0.14999585416319722 -0.2806484647201358
v -0.07266915398566139 0.14833619886060842 -0.2792099416489957
v -0.07358184838826182 0.14668368885119035 -0.27777663086856413
v -0.0744755872538587 0.14503832815956205 -0.2763485257703367
v -0.07535061118002798 0.14340011984985834 -0.27492561871284193
v -0.07620715705577484 0.14176906606455392 -0.2735079010638319
v -0.07704545812440687 0.1401451680619719 -0.2720953632410391
v -0.07786574404545184 0.13852842625251394 -0.27068799475154676
v -0.07866824095561689 0.13691884023365394 -0.2692857842298133
v -0.07945317152879874 0.13531640882374066 -0.26788871947440324
v -0.08022075503515265 0.13372113009464276 -0.26649678748345884
v -0.08097120739922462 0.13213300140327985 -0.2651099744889606
v -0.08170474125716198 0.13055201942206726 -0.26372826598980936
v -0.0824215660129987 0.12897818016832327 -0.2623516467837755
v -0.0831218878940388 0.1274114790326594 -0.26098010099834895
v -0.08380591000533252 0.12585191080639802 -0.2596136121205253
v -0.08447383238326675 0.12429946970804276 -0.2582521630255674
v -0.08512585204827143 0.12275414940883381 -0.25689573600476884
v -0.08576216305665497 0.12121594305742184 -0.25554431279226003
v -0.08638295655157846 0.11968484330368512 -0.25419787459088333
v -0.08698842081317708 0.11816084232172298 -0.252856402097171
v -0.08757874130784488 0.11664393183204416 -0.25151987552545046
v -0.08815410073668271 0.11513410312298934 -0.2501882746311127
v -0.08871467908313366 0.1136313470714001 -0.24886157873306616
v -0.08926065365980289 0.11213565416256932 -0.247539766735404
v -0.08979219915448457 0.11064701450949102 -0.24622281714831423
v -0.09030948767539863 0.10916541787143276 -0.2449107081082498
v -0.09081268879565217 0.10769085367185728 -0.2436034173973924
v -0.09130196959693539 0.10622331101571017 -0.24230092246242654
v -0.09177749471246202 0.10476277870609949 -0.24100320043265103
v -0.09223942636916964 0.10330924526037842 -0.2397102281374444
v -0.09268792442918204 0.10186269892566444 -0.23842198212311214
v -0.09312314643055625 0.10042312769379914 -0.2371384386691315
v -0.09354524762731287 0.09899051931577922 -0.23585957380381506
v -0.09395438102877152 0.09756486131566831 -0.23458536331941415
v -0.09435069743819446 0.09614614100400876 -0.23331578278667586
v -0.09473434549075296 0.09473434549075307 -0.23205080756887736
v -0.0951054716908261 0.09332946169772662 -0.23079041283535126
v -0.0954642204486416 0.09193147637064174 -0.22953457357452114
v -0.09581073411627349 0.09054037609067006 -0.22828326460645929
v -0.09614515302299874 0.08915614728559997 -0.22703646059498792
v -0.09646761551003416 0.0877787762405799 -0.22579413605933588
v -0.09677825796465288 0.0864082491084725 -0.22455626538536536
v -0.0970772148536996 0.08504455191982432 -0.2233228228363852
v -0.09736461875650908 0.08368767059246726 -0.22209378256356033
v -0.09764060039723979 0.08233759094076523 -0.22086911861593578
v -0.09790528867663327 0.08099429868451498 -0.2196488049500846
v -0.0981588107032065 0.07965777945751643 -0.21843281543939383
v -0.09840129182389172 0.07832801881581586 -0.2172211238829983
v -0.09863285565412577 0.07700500224564504 -0.21601370401437728
v -0.09885362410740749 0.07568871517105301 -0.21481052950962293
v -0.09906371742432304 0.07437914296125238 -0.21361157399539135
v -0.09926325420105715 0.07307627093768171 -0.2124168110565497
v -0.09945235141739232 0.07178008438079603 -0.21122621424352328
v -0.09963112446420921 0.07049056853659687 -0.2100397570793606
v -0.09979968717049525 0.06920770862290655 -0.20885741306651923
v -0.09995815182987003 0.06793148983540032 -0.20767915569338663
v -0.10010662922663825 0.0666618973533955 -0.20650495844053915
v -0.10024522866137406 0.06539891634541933 -0.20533479478675462
v -0.1003740579760516 0.06414253197454822 -0.20416863821478162
v -0.10049322357872267 0.06289272940353882 -0.2030064622168756
v -0.10060283046775653 0.061649493799749065 -0.2018482403001111
v -0.1007029822556443 0.06041281033985941 -0.20069394599147256
v -0.10079378119237901 0.05918266421440298 -0.1995435528427379
v -0.10087532818841795 0.05795904063210774 -0.19839703443515655
v -0.10094772283723456 0.05674192482405871 -0.1972543643839312
v -0.10101106343746832 0.05553130204768705 -0.19611551634251065
v -0.10106544701467839 0.054327157590589446 -0.19498046400669572
v -0.10111096934271076 0.05312947677418468 -0.19384918111857097
v -0.10114772496468252 0.05193824495721638 -0.1927216414702629
v -0.10117580721359404 0.05075344753910078 -0.19159781890753444
v -0.10119530823257247 0.04957506996312868 -0.19047768733321555
v -0.10120631899475604 0.04840309771952731 -0.18936122071048309
v -0.10120892932282383 0.04723751634838431 -0.18824839306598887
v -0.10120322790817896 0.04607831144243998 -0.18713917849284384
v -0.10118930232979058 0.044925468649752914 -0.18603355115346404
v -0.10116723907270106 0.04377897367624151 -0.18493148528227862
v -0.10113712354620628 0.04263881228810586 -0.1838329551883114
v -0.10109904010171145 0.04150497031413826 -0.1827379352576337
v -0.1010530720502729 0.040377433647919715 -0.18164639995569895
v -0.10099930167982799 0.03925618824991014 -0.18055832382955608
v -0.1009378102721209 0.038141220149436536 -0.17947368150995308
v -0.10086867811932955 0.03703251544658059 -0.17839244771332946
v -0.10079198454039891 0.035930060313970204 -0.1773145972437036
v -0.10070780789708655 0.034833840998479 -0.17624010499445908
v -0.10061622560972518 0.03374384382283531 -0.17516894595003005
v -0.1005173141727086 0.03266005518714405 -0.17410109518749448
v -0.10041114916970442 0.03158246157032836 -0.1730365278780739
v -0.10029780528860108 0.030511049531487745 -0.17197521928854625
v -0.10017735633619133 0.029445805711179288 -0.17091714478257078
v -0.1000498752525994 0.028386716832625197 -0.1698622798219328
v -0.09991543412545555 0.02733376970284727 -0.1688105999677083
v -0.09977410420382263 0.02628695121373185 -0.1677620808813508
v -0.09962595591188024 0.025246248343028535 -0.16671669832570657
v -0.09947105886236912 0.024211648155283278 -0.1656744281659548
v -0.09930948186980294 0.023183137802708347 -0.164635246370482
v -0.09914129296344906 0.022160704525995483 -0.16359912901168835
v -0.09896655940008478 0.021144335655067938 -0.1625660522667315
v -0.09878534767653177 0.02013401860977762 -0.1615359924182058
v -0.09859772354197356 0.01912974090054936 -0.16050892585476448
v -0.09840375201006026 0.01813149012897285 -0.15948482907168365
v -0.09820349737080356 0.017139253988344504 -0.15846367867136993
v -0.0979970232022677 0.016153020264162397 -0.15744545136381727
v -0.09778439238205754 0.015172776834573937 -0.15643012396700837
v -0.09756566709861032 0.014198511670778426 -0.1554176734072702
v -0.09734090886229303 0.013230212837389937 -0.15440807671957965
v -0.09711017851630961 0.012267868492755903 -0.153401311047825
v -0.09687353624742102 0.01131146688923701 -0.15239735364502022
v -0.09663104159648266 0.010360996373449912 -0.15139618187347947
v -0.09638275346880142 0.009416445386472577 -0.1503977732049492
v -0.09612873014431657 0.008477802464014512 -0.1494021052207005
v -0.09586902928760752 0.007545056236553888 -0.1484091556115848
v -0.09560370795773092 0.006618195429441471 -0.14741890217805054
v -0.09533282261789167 0.005697208862972457 -0.1464313228301268
v -0.09505642914494995 0.00478208545243192 -0.14544639558737213
v -0.09477458283876732 0.0038728142081062484 -0.1444640985787905
v -0.09448733843139587 0.0029693842352731576 -0.1434844100427175
v -0.09419475009611128 0.0020717847341591754 -0.1425073083266733
v -0.09389687145629538 0.0011800049998761735 -0.14153277188718982
v -0.09359375559416867 0.0002940344223315836 -0.14056077928960825
v -0.09328545505937719 -0.0005861375138836183 -0.1395913092078513
v -0.0929720218774351 -0.0014605212296299297 -0.13862434042416735
v -0.09265350755802673 -0.0023291270513766363 -0.13765985182885254
v -0.0923299631031705 -0.0031919652113760514 -0.13669782241994774
v -0.09200143901524627 -0.004049045847862433 -0.13573823130291307
v -0.09166798530489062 -0.004900379005263602 -0.13478105769028167
v -0.09132965149875989 -0.005745974634436273 -0.13382628090129028
v -0.09098648664716594 -0.006585842592914216 -0.132873880361492
v -0.09063853933158547 -0.007419992645174591 -0.13192383560234885
v -0.09028585767204583 -0.00824843446291875 -0.13097612626080707
v -0.08992848933438892 -0.009071177625368495 -0.13003073207885224
v -0.08956648153741643 -0.009888231619577395 -0.12908763290305053
v -0.08919988105991793 -0.010699605840751986 -0.12814680868407205
v -0.08882873424758396 -0.011505309592590782 -0.1272082394761992
v -0.08845308701980698 -0.012305352087629565 -0.1262719054368212
v -0.08807298487637068 -0.013099742447603875 -0.1253377868259124
v -0.08768847290403148 -0.013888489703818242 -0.12440586400549923
v -0.08729959578299311 -0.014671602797527591 -0.1234761174391131
v -0.08690639779327691 -0.015449090580327604 -0.12254852769123256
v -0.08650892282098857 -0.016220961814554655 -0.12162307542671108
v -0.08610721436448456 -0.016987225173695584 -0.12069974141019635
v -0.08570131554043989 -0.01774788924280233 -0.11977850650553776
v -0.08529126908981763 -0.018502962518919027 -0.11885935167518373
v -0.08487711738374448 -0.019252453411510898 -0.11794225797957077
v -0.08445890242929094 -0.019996370242905296 -0.11702720657650076
v -0.08403666587516087 -0.020734721248735287 -0.11611417872051225
v -0.0836104490172902 -0.021467514578390863 -0.11520315576224222
v -0.08318029280435732 -0.022194758295474924 -0.11429411914778106
v -0.08274623784320595 -0.022916460378264742 -0.11338705041801818
v -0.08230832440418284 -0.02363262872017933 -0.11248193120798294
v -0.08186659242639203 -0.02434327113024789 -0.11157874324617775
v -0.08142108152286574 -0.025048395333586944 -0.110677468353905
v -0.08097183098565609 -0.025748008971875916 -0.10977808844458953
v -0.08051887979084535 -0.0264421196038412 -0.10888058552309278
v -0.08006226660347988 -0.02713073470573952 -0.10798494168502455
v -0.0796020297824269 -0.027813861671845838 -0.1070911391160483
v -0.0791382073851567 -0.02849150781494279 -0.10619916009118345
v -0.07867083717245023 -0.029163680366812772 -0.10530898697410095
v -0.07819995661303461 -0.02983038647873278 -0.10442060221641708
v -0.07772560288814857 -0.030491633221967972 -0.10353398835698313
v -0.07724781289603606 -0.031147427588270694 -0.10264912802117038
v -0.076766623256374 -0.03179777649037603 -0.10176600392015474
v -0.07628207031462979 -0.03244268676250254 -0.10088459885019435
v -0.07579419014635515 -0.03308216516085063 -0.1000048956919084
v -0.07530301856141394 -0.033716218364102664 -0.099126877409551
v -0.07480859110814687 -0.03434485297392252 -0.09825052705028489
v -0.0743109430774732 -0.03496807551545567 -0.09737582774345038
v -0.07381010950693084 -0.03558589243782976 -0.09650276269983493
v -0.07330612518465764 -0.036198310114652105 -0.09563131521094007
v -0.0727990246533113 -0.03680533484451058 -0.0947614686482466
v -0.07228884221393378 -0.03740697285146914 -0.09389320646248006
v -0.07177561192975587 -0.03800323028556682 -0.09302651218287225
v -0.07125936762994808 -0.038594113223312534 -0.09216136941642468
v -0.07074014291331529 -0.039179627668179826 -0.09129776184716978
v -0.07021797115193766 -0.03975977955110024 -0.09043567323543147
v -0.06969288549475959 -0.04033457473095386 -0.08957508741708667
v -0.069164918871124 -0.04090401899506098 -0.08871598830282373
v -0.06863410399425902 -0.04146811805966794 -0.08785835987740342
v -0.06810047336471124 -0.04202687757043514 -0.08700218619891806
v -0.06756405927373282 -0.04258030310291869 -0.08614745139805238
v -0.06702489380661723 -0.043128400163053866 -0.08529413967734203
v -0.06648300884598976 -0.0436711741876334 -0.08444223531043471
v -0.06593843607505051 -0.04420863054478438 -0.08359172264135054
v -0.06539120698077167 -0.04474077453444263 -0.08274258608374278
v -0.06484135285705078 -0.04526761138882321 -0.08189481012016063
v -0.06428890480781785 -0.04578914627289092 -0.08104837930130984
v -0.06373389375010192 -0.04630538428482397 -0.08020327824531678
v -0.0631763504170525 -0.046816330456478795 -0.07935949163699176
v -0.06261630536092218 -0.047321989753847674 -0.07851700422709476
v -0.06205378895600521 -0.04782236707751711 -0.07767580083159968
v -0.06148883140153828 -0.048317467263120244 -0.07683586633096212
v -0.060921462724560976 -0.048807295081787 -0.07599718566938696
v -0.06035171278273725 -0.04929185524059091 -0.07515974385409711
v -0.05977961126714034 -0.04977115238299135 -0.07432352595460492
v -0.05920518770499768 -0.05024519108927491 -0.0734885171019822
v -0.05862847146240269 -0.0507139758769893 -0.07265470248813406
v -0.05804949174698721 -0.05117751120137759 -0.07182206736507293
v -0.05746827761056242 -0.051635801455804965 -0.0709905970441951
v -0.0568848579517213 -0.05208885097218507 -0.07016027689555658
v -0.05629926151841006 -0.05253666402140012 -0.06933109234715285
v -0.05571151691046508 -0.05297924481371812 -0.06850302888419886
v -0.05512165258211731 -0.05341659749920625 -0.06767607204841086
v -0.05452969684446554 -0.05384872616813893 -0.06685020743729078
v -0.05393567786791584 -0.05427563485140465 -0.06602542070341005
v -0.053339623684593586 -0.054697327520904934 -0.06520169755369742
v -0.05274156219072182 -0.05511380808995296 -0.06437902374872716
v -0.05214152114897341 -0.05552508041366446 -0.06355738510201031
v -0.05153952819079056 -0.05593114828934753 -0.06273676747928533
v -0.05093561081867844 -0.056332015456886035 -0.06191715679781295
v -0.05032979640846985 -0.056727685599119726 -0.06109853902567162
v -0.049722112211562176 -0.05711816234221978 -0.060280900181054656
v -0.04911258535712886 -0.05750344925605935 -0.05946422633157054
v -0.04850124285430163 -0.05788354985458175 -0.05864850359354259
v -0.0478881115943306 -0.05825846759616107 -0.05783371813131281
v -0.047273218352715425 -0.05862820588396177 -0.05701985615654626
v -0.04665658979131515 -0.058992768066290516 -0.05620690392753863
v -0.0460382524604302 -0.059352157436946405 -0.05539484774852324
v -0.04541823280086305 -0.059706377235564705 -0.054583673968982394
v -0.044796557145954576 -0.0600554306479569 -0.05377336898295931
v -0.04417325172359727 -0.06039932080644608 -0.05296391922837195
v -0.043548342658227476 -0.060738050790197014 -0.05215531118632983
v -0.04292185597279257 -0.061071623625543484 -0.051347531380450374
v -0.04229381759070072 -0.06140004228630834 -0.05054056637617946
v -0.04166425333774544 -0.06172330969412164 -0.04973440278011233
v -0.041033188944013706 -0.06204142871873148 -0.048929027239317836
v -0.04040065004576969 -0.06235440217831261 -0.04812442644066205
v -0.03976666218732182 -0.06266223283976863 -0.047320587110136154
v -0.03913125082286916 -0.06296492341903016 -0.04651749601218481
v -0.03849444131832892 -0.06326247658134848 -0.04571513994903648
v -0.03785625895314665 -0.06355489494158337 -0.04491350576003653
v -0.03721672892208539 -0.06384218106448825 -0.04411258032097987
v -0.03657587633700126 -0.06412433746498804 -0.04331235054344769
v -0.03593372622859756 -0.06440136660845458 -0.04251280337414455
v -0.03529030354816552 -0.0646732709109754 -0.04171392579423752
v -0.034645633169306106 -0.06494005273961902 -0.040915704818697884
v -0.0339997398896368 -0.06520171441269473 -0.04011812749564231
v -0.033352648432481743 -0.06545825820000817 -0.03932118090567805
v -0.03270438344854715 -0.0657096863231116 -0.03852485216124828
v -0.032054969517583284 -0.06595600095554872 -0.0377291284059805
v -0.03140443115002693 -0.06619720422309705 -0.03693399681403423
v -0.030752792788635547 -0.0664332982040023 -0.036139444589452535
v -0.030100078810102335 -0.06666428492921081 -0.035345458965514
v -0.029446313526661706 -0.06689016638259479 -0.03455202720408617
v -0.028791521187678665 -0.06711094450117448 -0.033759136594981684
v -0.028135725981226833 -0.06732662117533439 -0.03296677445531358
v -0.02747895203565263 -0.06753719824903542 -0.03217492812885436
v -0.026821223421128162 -0.0677426775200217 -0.03138358498539502
v -0.02616256415119368 -0.06794306074002203 -0.030592732420106974
v -0.025502998184283567 -0.06813834961494823 -0.02980235785290294
v -0.02484254942524715 -0.06832854580508647 -0.02901244872780154
v -0.02418124172685346 -0.06851365092528555 -0.028222992512292062
v -0.02351909889128923 -0.06869366654513889 -0.027433976696700453
v -0.022856144671643954 -0.06886859418916273 -0.02664538879355771
v -0.022192402773386376 -0.06903843533696875 -0.025857216336967342
v -0.021527896855830064 -0.06920319142343252 -0.025069446881976133
v -0.0208626505335906 -0.06936286383885636 -0.02428206800394481
v -0.02019668737803516 -0.0695174539291273 -0.023495067297921203
v -0.019530030918718404 -0.0696669629958714 -0.022708432378012195
v -0.01886270464481604 -0.06981139229660147 -0.021922150876759073
v -0.01819473200654498 -0.06995074304486133 -0.02113621044451273
v -0.017526136416579702 -0.07008501641036419 -0.020350598748809925
v -0.0168569412514581 -0.07021421351912686 -0.01956530347375161
v -0.01618716985298169 -0.07033833545359869 -0.018780312319379964
v -0.015516845529607469 -0.07045738325278597 -0.01799561300105863
v -0.01484599155783401 -0.07057135791237107 -0.0172111932488524
v -0.014174631183582725 -0.07068026038482669 -0.016427040806909148
v -0.013502787623567828 -0.07078409157952599 -0.01564314343284034
v -0.012830484066666769 -0.07088285236284678 -0.01485948889710454
v -0.012157743675279737 -0.07097654355827163 -0.014076064982390524
v -0.011484589586687913 -0.07106516594648273 -0.013292859483001166
v -0.010811044914403819 -0.071148720265452 -0.012509860204239035
v -0.010137132749518492 -0.07122720721052622 -0.011727054961790473
v -0.009462876162042808 -0.07130062743450757 -0.010944431581112473
v -0.008788298202245642 -0.07136898154772903 -0.010161977896818804
v -0.008113421901989541 -0.07143227011812467 -0.00937968175206799
v -0.007438270276057676 -0.07149049367129592 -0.008597530997949592
v -0.006762866323483653 -0.07154365269057202 -0.007815513492873169
v -0.006087233028872887 -0.07159174761706623 -0.00703361710195655
v -0.0054113933637251295 -0.07163477884972677 -0.0062518296964145115
v -0.004735370287751544 -0.07167274674538324 -0.005470139152948921
v -0.004059186750190976 -0.07170565161878785 -0.004688533353136981
v -0.003382865691122862 -0.0717334937426521 -0.003907000182822
v -0.002706430042779544 -0.07175627334767827 -0.0031255275315032727
v -0.002029902730857024 -0.07177399062258631 -0.002344103291726207
v -0.001353306675823142 -0.07178664571413562 -0.0015627153584737215
v -0.0006766647942259912 -0.07179423872714222 -0.0007813516285555815
v 1.6909135005341792e-17 -0.07179676972449081 -5.3302113333160314e-17
v 0.0006766647942260251 -0.07179423872714222 0.0007813516285556958
v 0.0013533066758234294 -0.07178664571413562 0.0015627153584738356
v 0.0020299027308570577 -0.07177399062258631 0.0023441032917263216
v 0.002706430042779324 -0.0717562733476783 0.003125527531503166
v 0.0033828656911226484 -0.07173349374265212 0.003907000182821894
v 0.00405918675019101 -0.07170565161878785 0.004688533353137096
v 0.004735370287751832 -0.07167274674538322 0.005470139152949034
v 0.005411393363725169 -0.07163477884972677 0.006251829696414626
v 0.006087233028872926 -0.07159174761706623 0.007033617101956443
v 0.006762866323483682 -0.07154365269057202 0.007815513492873283
v 0.007438270276057962 -0.0714904936712959 0.008597530997949706
v 0.008113421901989581 -0.07143227011812467 0.009379681752068105
v 0.008788298202245677 -0.071368981547729 0.010161977896818919
v 0.009462876162042595 -0.0713006274345076 0.010944431581112368
v 0.010137132749518525 -0.07122720721052622 0.011727054961790587
v 0.010811044914404112 -0.07114872026545195 0.01250986020423915
v 0.011484589586687946 -0.07106516594648273 0.013292859483001278
v 0.012157743675279777 -0.07097654355827163 0.01407606498239042
v 0.012830484066666804 -0.07088285236284678 0.014859488897104655
v 0.013502787623568118 -0.07078409157952595 0.015643143432840453
v 0.014174631183582758 -0.07068026038482669 0.016427040806909262
v 0.014845991557834044 -0.07057135791237107 0.01721119324885251
v 0.015516845529607255 -0.07045738325278603 0.01799561300105853
v 0.01618716985298173 -0.07033833545359872 0.018780312319380085
v 0.016856941251458386 -0.0702142135191268 0.019565303473751725
v 0.017526136416579737 -0.07008501641036417 0.020350598748810043
v 0.01819473200654502 -0.06995074304486132 0.021136210444512624
v 0.018862704644816073 -0.06981139229660147 0.021922150876759187
v 0.019530030918718688 -0.06966696299587131 0.022708432378012306
v 0.020196687378035195 -0.06951745392912728 0.023495067297921318
v 0.02086265053359063 -0.06936286383885634 0.024282068003944928
v 0.021527896855829846 -0.06920319142343258 0.025069446881976022
v 0.022192402773386403 -0.06903843533696875 0.025857216336967456
v 0.022856144671644235 -0.06886859418916264 0.026645388793557826
v 0.023519098891289263 -0.06869366654513889 0.027433976696700564
v 0.024181241726853486 -0.06851365092528552 0.02822299251229195
v 0.024842549425247187 -0.06832854580508647 0.02901244872780166
v 0.02550299818428384 -0.06813834961494813 0.029802357852903055
v 0.026162564151193713 -0.06794306074002202 0.03059273242010709
v 0.0268212234211282 -0.0677426775200217 0.031383584985395147
v 0.02747895203565242 -0.0675371982490355 0.03217492812885425
v 0.028135725981226864 -0.06732662117533438 0.032966774455313694
v 0.028791521187678935 -0.06711094450117439 0.033759136594981795
v 0.02944631352666174 -0.06689016638259479 0.03455202720408628
v 0.030100078810102373 -0.06666428492921078 0.035345458965513894
v 0.03075279278863559 -0.06643329820400232 0.03613944458945267
v 0.031404431150027216 -0.06619720422309694 0.03693399681403435
v 0.03205496951758332 -0.06595600095554872 0.037729128405980625
v 0.03270438344854718 -0.06570968632311157 0.03852485216124839
v 0.033352648432481535 -0.06545825820000827 0.03932118090567794
v 0.03399973988963684 -0.06520171441269472 0.040118127495642426
v 0.03464563316930637 -0.06494005273961888 0.040915704818697995
v 0.03529030354816556 -0.06467327091097537 0.04171392579423764
v 0.03593372622859758 -0.06440136660845454 0.042512803374144446
v 0.03657587633700105 -0.06412433746498812 0.04331235054344757
v 0.037216728922085655 -0.06384218106448811 0.04411258032098
v 0.03785625895314668 -0.06355489494158337 0.044913505760036644
v 0.038494441318328965 -0.06326247658134848 0.04571513994903661
v 0.03913125082286908 -0.06296492341903023 0.0465174960121847
v 0.03976666218732186 -0.06266223283976861 0.04732058711013627
v 0.040400650045769836 -0.06235440217831253 0.048124426440662164
v 0.04103318894401374 -0.06204142871873148 0.04892902723931794
v 0.0416642533377456 -0.06172330969412156 0.04973440278011246
v 0.04229381759070053 -0.06140004228630846 0.05054056637617935
v 0.04292185597279283 -0.06107162362554333 0.0513475313804505
v 0.04354834265822751 -0.06073805079019699 0.05215531118632994
v 0.044173251723597304 -0.06039932080644607 0.05296391922837207
v 0.04479655714595449 -0.060055430647956945 0.0537733689829592
v 0.045418232800863094 -0.059706377235564705 0.05458367396898251
v 0.04603825246043035 -0.059352157436946315 0.05539484774852336
v 0.046656589791315206 -0.058992768066290516 0.056206903927538764
v 0.04727321835271557 -0.05862820588396169 0.0570198561565464
v 0.047888111594330415 -0.05825846759616119 0.05783371813131269
v 0.048501242854301865 -0.057883549854581565 0.0586485035935427
v 0.04911258535712891 -0.05750344925605935 0.059464226331570655
v 0.04972211221156222 -0.05711816234221976 0.060280900181054774
v 0.05032979640846978 -0.05672768559911978 0.0610985390256715
v 0.050935610818678485 -0.05633201545688604 0.06191715679781308
v 0.05153952819079069 -0.05593114828934743 0.06273676747928546
v 0.05214152114897345 -0.055525080413664454 0.06355738510201044
v 0.052741562190721965 -0.05511380808995286 0.0643790237487273
v 0.05333962368459341 -0.05469732752090508 0.0652016975536973
v 0.05393567786791607 -0.05427563485140444 0.06602542070341015
v 0.05452969684446558 -0.05384872616813892 0.0668502074372909
v 0.055121652582117354 -0.05341659749920623 0.067676072048411
v 0.05571151691046502 -0.05297924481371819 0.06850302888419875
v 0.05629926151841009 -0.05253666402140011 0.06933109234715296
v 0.056884857951721435 -0.05208885097218495 0.07016027689555669
v 0.057468277610562474 -0.05163580145580496 0.07099059704419522
v 0.058049491746987356 -0.05117751120137747 0.07182206736507307
v 0.05862847146240251 -0.05071397587698946 0.07265470248813397
v 0.05920518770499791 -0.050245191089274686 0.07348851710198229
v 0.05977961126714039 -0.04977115238299135 0.07432352595460505
v 0.060351712782737287 -0.049291855240590876 0.07515974385409724
v 0.0609214627245609 -0.04880729508178707 0.07599718566938686
v 0.06148883140153833 -0.04831746726312023 0.07683586633096226
v 0.06205378895600533 -0.04782236707751698 0.07767580083159982
v 0.06261630536092222 -0.04732198975384765 0.07851700422709487
v 0.06317635041705262 -0.04681633045647865 0.07935949163699187
v 0.06373389375010177 -0.04630538428482417 0.08020327824531667
v 0.06428890480781807 -0.04578914627289068 0.08104837930130998
v 0.06484135285705084 -0.04526761138882319 0.08189481012016075
v 0.0653912069807717 -0.04474077453444261 0.08274258608374291
v 0.06593843607505044 -0.04420863054478446 0.08359172264135041
v 0.06648300884598976 -0.04367117418763335 0.08444223531043459
v 0.06702489380661734 -0.04312840016305372 0.08529413967734216
v 0.06756405927373287 -0.04258030310291866 0.0861474513980525
v 0.06810047336471135 -0.04202687757043501 0.08700218619891817
v 0.06863410399425887 -0.04146811805966814 0.08785835987740329
v 0.06916491887112418 -0.040904018995060715 0.08871598830282386
v 0.06969288549475962 -0.04033457473095383 0.0895750874170868
v 0.0702179711519377 -0.03975977955110022 0.0904356732354316
v 0.07074014291331521 -0.03917962766817991 0.09129776184716966
v 0.07125936762994808 -0.038594113223312486 0.09216136941642457
v 0.07177561192975597 -0.03800323028556667 0.09302651218287238
v 0.07228884221393381 -0.037406972851469114 0.09389320646248017
v 0.07279902465331141 -0.036805334844510436 0.09476146864824674
v 0.0733061251846575 -0.03619831011465233 0.09563131521093993
v 0.07381010950693101 -0.035585892437829475 0.09650276269983506
v 0.07431094307747324 -0.034968075515455645 0.09737582774345052
v 0.07480859110814693 -0.0343448529739225 0.09825052705028504
v 0.07530301856141397 -0.03371621836410263 0.09912687740955113
v 0.07579419014635513 -0.03308216516085059 0.10000489569190828
v 0.07628207031462987 -0.03244268676250237 0.10088459885019448
v 0.07676662325637404 -0.031797776490376004 0.10176600392015486
v 0.07724781289603617 -0.031147427588270535 0.10264912802117053
v 0.07772560288814843 -0.030491633221968188 0.10353398835698295
v 0.07819995661303476 -0.02983038647873247 0.10442060221641722
v 0.07867083717245024 -0.029163680366812737 0.10530898697410106
v 0.07913820738515674 -0.028491507814942765 0.10619916009118359
v 0.07960202978242693 -0.027813861671845803 0.10709113911604842
v 0.08006226660347986 -0.027130734705739474 0.10798494168502441
v 0.08051887979084543 -0.026442119603841022 0.10888058552309289
v 0.08097183098565615 -0.025748008971875885 0.10977808844458964
v 0.08142108152286583 -0.02504839533358676 0.11067746835390514
v 0.08186659242639192 -0.02434327113024813 0.11157874324617763
v 0.08230832440418297 -0.023632628720179006 0.11248193120798308
v 0.08274623784320602 -0.02291646037826471 0.11338705041801832
v 0.08318029280435735 -0.02219475829547489 0.11429411914778118
v 0.08361044901729021 -0.02146751457839083 0.11520315576224231
v 0.08403666587516084 -0.020734721248735228 0.11611417872051212
v 0.08445890242929101 -0.01999637024290511 0.11702720657650084
v 0.08487711738374451 -0.019252453411510856 0.11794225797957089
v 0.08529126908981768 -0.01850296251891884 0.11885935167518386
v 0.0857013155404398 -0.017747889242802586 0.11977850650553763
v 0.08610721436448467 -0.016987225173695247 0.12069974141019649
v 0.08650892282098861 -0.016220961814554624 0.12162307542671122
v 0.08690639779327695 -0.01544909058032757 0.12254852769123271
v 0.08729959578299315 -0.014671602797527558 0.12347611743911323
v 0.08768847290403145 -0.013888489703818186 0.12440586400549912
v 0.08807298487637073 -0.013099742447603684 0.12533778682591254
v 0.08845308701980703 -0.012305352087629525 0.12627190543682135
v 0.08882873424758402 -0.011505309592590576 0.1272082394761993
v 0.08919988105991786 -0.010699605840752257 0.1281468086840719
v 0.08956648153741649 -0.00988823161957704 0.12908763290305064
v 0.08992848933438896 -0.009071177625368462 0.13003073207885235
v 0.09028585767204586 -0.008248434462918704 0.1309761262608072
v 0.09063853933158551 -0.007419992645174552 0.131923835602349
v 0.09098648664716592 -0.0065858425929141776 0.13287388036149186
v 0.09132965149875992 -0.005745974634436066 0.1338262809012904
v 0.09166798530489069 -0.004900379005263553 0.13478105769028184
v 0.09200143901524634 -0.004049045847862232 0.1357382313029132
v 0.09232996310317045 -0.003191965211376333 0.13669782241994763
v 0.09265350755802672 -0.0023291270513765843 0.1376598518288524
v 0.09297202187743514 -0.0014605212296298793 0.1386243404241675
v 0.09328545505937723 -0.0005861375138835747 0.13959130920785143
v 0.0935937555941687 0.00029403442233163514 0.14056077928960836
v 0.09389687145629534 0.0011800049998762173 0.1415327718871897
v 0.09419475009611132 0.002071784734159391 0.14250730832667344
v 0.09448733843139591 0.0029693842352732035 0.14348441004271764
v 0.09477458283876737 0.0038728142081064596 0.14446409857879064
v 0.09505642914494987 0.004782085452431625 0.14544639558737196
v 0.09533282261789161 0.005697208862972497 0.14643132283012664
v 0.09560370795773095 0.00661819542944152 0.14741890217805065
v 0.09586902928760756 0.007545056236553936 0.14840915561158494
v 0.09612873014431658 0.00847780246401457 0.1494021052207006
v 0.09638275346880135 0.009416445386472625 0.15039777320494907
v 0.09663104159648267 0.010360996373450131 0.15139618187347964
v 0.0968735362474211 0.01131146688923706 0.15239735364502036
v 0.09711017851630965 0.012267868492756127 0.15340131104782515
v 0.09734090886229307 0.013230212837389989 0.15440807671957982
v 0.09756566709861028 0.014198511670778468 0.15541767340727008
v 0.09778439238205754 0.01517277683457399 0.15643012396700853
v 0.09799702320226775 0.016153020264162442 0.1574454513638174
v 0.09820349737080361 0.01713925398834457 0.1584636786713701
v 0.09840375201006017 0.01813149012897288 0.1594848290716835
v 0.09859772354197358 0.0191297409005496 0.16050892585476462
v 0.09878534767653183 0.020134018609777673 0.16153599241820593
v 0.09896655940008481 0.021144335655068184 0.16256605226673165
v 0.0991412929634491 0.022160704525995542 0.1635991290116885
v 0.0993094818698029 0.023183137802708385 0.16463524637048185
v 0.09947105886236914 0.024211648155283337 0.16567442816595493
v 0.09962595591188028 0.025246248343028608 0.16671669832570676
v 0.09977410420382267 0.026286951213731917 0.16776208088135097
v 0.09991543412545548 0.027333769702847305 0.16881059996770814
v 0.1000498752525994 0.028386716832625444 0.16986227982193297
v 0.10017735633619138 0.02944580571117936 0.17091714478257092
v 0.10029780528860109 0.030511049531487998 0.17197521928854642
v 0.10041114916970446 0.03158246157032843 0.17303652787807405
v 0.10051731417270851 0.032660055187144085 0.17410109518749434
v 0.10061622560972522 0.03374384382283538 0.17516894595003016
v 0.1007078078970866 0.03483384099847907 0.1762401049944592
v 0.10079198454039895 0.03593006031397027 0.17731459724370374
v 0.10086867811932945 0.03703251544658062 0.17839244771332935
v 0.10093781027212088 0.03814122014943678 0.17947368150995324
v 0.10099930167982805 0.039256188249910215 0.18055832382955625
v 0.10105307205027289 0.040377433647919965 0.1816463999556991
v 0.10109904010171149 0.041504970314138336 0.18273793525763385
v 0.1011371235462062 0.04263881228810587 0.18383295518831122
v 0.10116723907270112 0.04377897367624158 0.18493148528227885
v 0.10118930232979059 0.044925468649753 0.18603355115346418
v 0.10120322790817898 0.04607831144244004 0.18713917849284398
v 0.10120892932282376 0.047237516348384335 0.1882483930659887
v 0.10120631899475596 0.04840309771952757 0.18936122071048325
v 0.10119530823257251 0.04957506996312877 0.1904776873332157
v 0.101175807213594 0.05075344753910103 0.19159781890753463
v 0.10114772496468256 0.051938244957216446 0.19272164147026305
v 0.10111096934271069 0.053129476774184704 0.19384918111857077
v 0.1010654470146784 0.05432715759058952 0.19498046400669589
v 0.10101106343746839 0.05553130204768715 0.19611551634251087
v 0.1009477228372346 0.056741924824058806 0.1972543643839314
v 0.10087532818841785 0.05795904063210775 0.19839703443515636
v 0.10079378119237904 0.05918266421440281 0.19954355284273775
v 0.10070298225564432 0.060412810339859506 0.20069394599147275
v 0.10060283046775646 0.06164949379974934 0.20184824030011128
v 0.10049322357872274 0.06289272940353892 0.2030064622168758
v 0.10037405797605152 0.06414253197454822 0.20416863821478146
v 0.10024522866137414 0.06539891634541943 0.20533479478675484
v 0.10010662922663828 0.0666618973533956 0.20650495844053934
v 0.09995815182987006 0.06793148983540041 0.20767915569338677
v 0.09979968717049505 0.06920770862290702 0.20885741306651942
v 0.09963112446420923 0.07049056853659669 0.21003975707936046
v 0.09945235141739234 0.07178008438079611 0.21122621424352345
v 0.09926325420105703 0.07307627093768197 0.21241681105654983
v 0.09906371742432309 0.07437914296125248 0.21361157399539155
v 0.09885362410740738 0.075688715171053 0.21481052950962276
v 0.09863285565412583 0.07700500224564516 0.21601370401437747
v 0.09840129182389176 0.07832801881581597 0.2172211238829985
v 0.09815881070320652 0.07965777945751654 0.21843281543939402
v 0.09790528867663299 0.08099429868451542 0.21964880495008476
v 0.09764060039723985 0.08233759094076505 0.22086911861593564
v 0.09736461875650909 0.08368767059246736 0.22209378256356047
v 0.09707721485369948 0.0850445519198246 0.22332282283638533
v 0.09677825796465289 0.08640824910847261 0.2245562653853655
v 0.09646761551003406 0.08777877624057989 0.22579413605933574
v 0.09614515302299875 0.08915614728560009 0.22703646059498814
v 0.0958107341162735 0.09054037609067017 0.22828326460645945
v 0.09546422044864165 0.09193147637064188 0.2295345735745214
v 0.09510547169082578 0.09332946169772709 0.23079041283535146
v 0.09473434549075299 0.09473434549075299 0.23205080756887728
v 0.09435069743819446 0.09614614100400876 0.23331578278667586
v 0.09395438102877147 0.09756486131566844 0.23458536331941426
v 0.09354524762731281 0.09899051931577942 0.23585957380381517
v 0.09312314643055619 0.10042312769379909 0.23713843866913134
v 0.09268792442918217 0.10186269892566432 0.23842198212311214
v 0.09223942636916954 0.10330924526037856 0.23971022813744441
v 0.09177749471246208 0.10476277870609954 0.24100320043265117
v 0.09130196959693519 0.10622331101571046 0.2423009224624267
v 0.0908126887956522 0.10769085367185716 0.24360341739739233
v 0.09030948767539863 0.10916541787143276 0.2449107081082498
v 0.08979219915448453 0.11064701450949112 0.24622281714831434
v 0.08926065365980283 0.11213565416256949 0.24753976673540418
v 0.0887146790831336 0.11363134707139999 0.24886157873306597
v 0.08815410073668284 0.11513410312298923 0.2501882746311127
v 0.08757874130784475 0.11664393183204426 0.2515198755254505
v 0.08698842081317715 0.11816084232172304 0.25285640209717114
v 0.08638295655157824 0.11968484330368541 0.25419787459088355
v 0.08576216305665503 0.12121594305742171 0.2555443127922599
v 0.08512585204827144 0.1227541494088338 0.25689573600476884
v 0.08447383238326672 0.12429946970804286 0.2582521630255675
v 0.08380591000533244 0.1258519108063982 0.25961361212052547
v 0.08312188789403874 0.1274114790326593 0.26098010099834873
v 0.08242156601299885 0.12897818016832313 0.2623516467837754
v 0.08170474125716187 0.1305520194220674 0.2637282659898094
v 0.08097120739922468 0.1321330014032799 0.2651099744889608
v 0.08022075503515241 0.13372113009464306 0.266496787483459
v 0.07945317152879881 0.13531640882374057 0.2678887194744031
v 0.07866824095561689 0.13691884023365394 0.2692857842298133
v 0.07786574404545178 0.138528426252514 0.27068799475154676
v 0.07704545812440676 0.14014516806197205 0.2720953632410393
v 0.0762071570557748 0.14176906606455378 0.27350790106383177
v 0.07535061118002813 0.1434001198498582 0.2749256187128418
v 0.07447558725385853 0.1450383281595622 0.27634852577033675
v 0.07358184838826189 0.14668368885119043 0.27777663086856424
v 0.07266915398566114 0.14833619886060873 0.279209941648996
v 0.0717372596760621 0.1499958541631971 0.28064846472013577
v 0.07078591725223753 0.15166264973365862 0.28209220561384507
v 0.06981487460393528 0.15333657950441715 0.2835411687401347
v 0.06882387565110784 0.15501763632255702 0.2849953573403712
v 0.06781266027616031 0.15670581190525443 0.2864547734388453
v 0.06678096425521583 0.15840109679365036 0.2879194177926448
v 0.06572851918839781 0.16010348030511248 0.2893892898397778
v 0.06465505242912957 0.16181295048383054 0.290864387645484
v 0.06356028701245357 0.16352949404969142 0.2923447078466765
v 0.062443941582372466 0.16525309634537305 0.29383024559444787
v 0.06130573031821688 0.1669837412815997 0.29532099449457816
v 0.06014536286004562 0.168721411280496 0.2968169465459761
v 0.058962544233085126 0.17046608721697545 0.298318092076985
v 0.05775697477121728 0.17221774835809828 0.299824419679481
v 0.05652835003952637 0.17397637230033042 0.3013359161406909
v 0.05527636075591683 0.17574193490463333 0.30285256637265284
v 0.054000692711817136 0.17751441022931275 0.3043743533392408
v 0.05270102669198549 0.1792937704605507 0.3059012579806719
v 0.051377038393436346 0.18107998584054466 0.30743325913541386
v 0.050028398343509035 0.182873024593174 0.3089703334594045
v 0.048654771817101566 0.18467285284711135 0.3105124553424949
v 0.047255818753096424 0.18647943455629495 0.312059596822025
v 0.04583119367000752 0.18829273141767391 0.313611727493436
v 0.04438054558087996 0.19011270278613734 0.3151688144178215
v 0.042903517907479094 0.1919393055865342 0.3167308220263186
v 0.041399748393806654 0.19377249422268714 0.31829771202123164
v 0.03986886901898761 0.19561222048330532 0.319869443273786
v 0.03831050590957356 0.19745843344468966 0.3214459717183977
v 0.03672427925131326 0.19931107937013065 0.32302725024334755
v 0.035109803200445745 0.2011701016058887 0.32461322857774255
v 0.033466685794575034 0.20303544047364608 0.32620385317464345
v 0.031794528863191326 0.2049070331593177 0.3277990670902352
v 0.030092927937908017 0.20678481359810208 0.32939880985891223
v 0.02836147216249017 0.20866871235565243 0.33100301736414767
v 0.026599744202754926 0.21055865650524283 0.3326116217050115
v 0.024807320156431476 0.21245456950080288 0.3342245510581983
v 0.022983769463073858 0.2143563710456884 0.3358417295354225
v 0.021128654814127342 0.2162639769570531 0.3374630770360343
v 0.01924153206325639 0.21817729902568442 0.33908850909470517
v 0.01732195013704927 0.22009624487115778 0.3407179367240289
v 0.015369450946223405 0.2220207177921666 0.34235126625187845
v 0.013383569297463345 0.22395061661187554 0.34398839915335694
v 0.011363832806032708 0.22588583551814412 0.34562923187717387
v 0.00930976180931113 0.22782626389846258 0.34727365566627616
v 0.007220869281416777 0.22977178616943897 0.34892155637255945
v 0.0050966607490858335 0.23172228160067057 0.3505728142654762
v 0.0029366342089922897 0.23367762413283114 0.3522273038343606
v 0.0007402800467017678 0.2356376821898002 0.3538848935842787
v -0.001492919042533443 0.2376023184846564 0.355545445825212
v -0.00376348813091746 0.23957138981935455 0.3572088164543778
v -0.006071960132959779 0.24154474687789965 0.3588748547314845
v -0.00841887587777975 0.24352223401283088 0.36054340304671695
v -0.010804784178605097 0.24550368902482061 0.36221429668124133
v -0.013230241899183395 0.24748894293519322 0.3638873635600179
v -0.015695814016810486 0.2494778197511636 0.36556242399670186
v -0.018202073681662156 0.25147013622359116 0.36723929043041376
v -0.020749602272095293 0.25346570159704307 0.36891776715415253
v -0.02333898944556705 0.25546431735195585 0.3705976500346234
v -0.02597083318479825 0.2574657769386843 0.3722787262232518
v -0.02864573983878765 0.2594698655032188 0.37396077385814386
v -0.03136432415825858 0.26147635960435583 0.3756435617567609
v -0.034127209325098475 0.26348502692209913 0.37732684909906644
v -0.03693502697532493 0.2654956259570699 0.3790103851009036
v -0.03978841721508718 0.267507905720702 0.38069390867736064
v -0.04268802862918309 0.2695216054159963 0.3823771480958783
v -0.04563451828154601 0.2715364541086089 0.38405982061885585
v -0.04862855170712215 0.27355217038804647 0.3857416321355073
v -0.0516708028945321 0.27556846201874247 0.3874222767827234
v -0.05476195425887343 0.27758502558079 0.3891014365546959
v -0.05790269660399145 0.2796015461001066 0.39077878090105844
v -0.0610937290735053 0.28161769666780945 0.39245396631330587
v -0.06433575908984367 0.283633138048583 0.39412663589925256
v -0.06762950228050206 0.28564751827782425 0.39579641894529827
v -0.07097568239069603 0.2876604722473545 0.3974629304662705
v -0.0743750311815418 0.2896716212794954 0.39912577074262573
v -0.0778282883128506 0.2916805726893083 0.40078452484478966
v -0.08133620120958153 0.29368691933481295 0.40243876214443597
v -0.08489952491094523 0.2956902391549981 0.4040880358125025
v -0.08851902190110773 0.29769009469546226 0.4057318823037666
v -0.09219546192038666 0.2996860326215213 0.4073698208278033
v -0.09592962175578637 0.30167758321864313 0.4090013528061741
v -0.09972228500965687 0.30366425988007967 0.4106259613157065
v -0.10357424184521152 0.30564555858158726 0.41224311051774415
v -0.10748628870757584 0.30762095734314454 0.41385224507326995
v -0.11145922801898245 0.3095899156775976 0.41545278954382614
v -0.11549386784666313 0.31155187402618933 0.41704414777818327
v -0.11959102154192838 0.31350625318095404 0.41862570228473905
v -0.12375150734885554 0.3154524536939875 0.4201968135896568
v -0.1279761479809431 0.31738985527363783 0.42175681958079375
v -0.13226577016401753 0.31931781616769384 0.4233050348375019
v -0.13662120414361115 0.3212356725336898 0.42484074994643095
v -0.14104328315495349 0.32314273779648434 0.4263632308035044
v -0.14553284285365256 0.3250383019933211 0.42787171790229495
v -0.15009072070506005 0.3269216311066249 0.42936542560907437
v -0.15471775533024576 0.3287919663848415 0.4308435414248726
v -0.15941478580642757 0.33064852365169334 0.4323052252349505
v -0.16418265091962714 0.33249049260427754 0.43374960854615124
l 0 1
l 1 2
l 2 3
l 3 4
l 4 5
l 5 6
l 6 7
l 7 8
l 8 9
l 9 10
l 10 11
l 11 12
l 12 13
l 13 14
l 14 15
l 15 16
l 16 17
l 17 18
l 18 19
l 19 20
l 20 21
l 21 22
l 22 23
l 23 24
l 24 25
l 25 26
l 26 27
l 27 28
l 28 29
l 29 30
l 30 31
l 31 32
l 32 33
l 33 34
l 34 35
l 35 36
l 36 37
l 37 38
l 38 39
l 39 40
l 40 41
l 41 42
l 42 43
l 43 44
l 44 45
l 45 46
l 46 47
l 47 48
l 48 49
l 49 50
l 50 51
l 51 52
l 52 53
l 53 54
l 54 55
l 55 56
l 56 57
l 57 58
l 58 59
l 59 60
l 60 61
l 61 62
l 62 63
l 63 64
l 64 65
l 65 66
l 66 67
l 67 68
l 68 69
l 69 70
l 70 71
l 71 72
l 72 73
l 73 74
l 74 75
l 75 76
l 76 77
l 77 78
l 78 79
l 79 80
l 80 81
l 81 82
l 82 83
l 83 84
l 84 85
l 85 86
l 86 87
l 87 88
l 88 89
l 89 90
l 90 91
l 91 92
l 92 93
l 93 94
l 94 95
l 95 96
l 96 97
l 97 98
l 98 99
l 99 100
l 100 101
l 101 102
l 102 103
l 103 104
l 104 105
l 105 106
l 106 107
l 107 108
l 108 109
l 109 110
l 110 111
l 111 112
l 112 113
l 113 114
l 114 115
l 115 116
l 116 117
l 117 118
l 118 119
l 119 120
l 120 121
l 121 122
l 122 123
l 123 124
l 124 125
l 125 126
l 126 127
l 127 128
l 128 129
l 129 130
l 130 131
l 131 132
l 132 133
l 133 134
l 134 135
l 135 136
l 136 137
l 137 138
l 138 139
l 139 140
l 140 141
l 141 142
l 142 143
l 143 144
l 144 145
l 145 146
l 146 147
l 147 148
l 148 149
l 149 150
l 150 151
l 151 152
l 152 153
l 153 154
l 154 155
l 155 156
l 156 157
l 157 158
l 158 159
l 159 160
l 160 161
l 161 162
l 162 163
l 163 164
l 164 165
l 165 166
l 166 167
l 167 168
l 168 169
l 169 170
l 170 171
l 171 172
l 172 173
l 173 174
l 174 175
l 175 176
l 176 177
l 177 178
l 178 179
l 179 180
l 180 181
l 181 182
l 182 183
l 183 184
l 184 185
l 185 186
l 186 187
l 187 188
l 188 189
l 189 190
l 190 191
l 191 192
l 192 193
l 193 194
l 194 195
l 195 196
l 196 197
l 197 198
l 198 199
l 199 200
l 200 201
l 201 202
l 202 203
l 203 204
l 204 205
l 205 206
l 206 207
l 207 208
l 208 209
l 209 210
l 210 211
l 211 212
l 212 213
l 213 214
l 214 215
l 215 216
l 216 217
l 217 218
l 218 219
l 219 220
l 220 221
l 221 222
l 222 223
l 223 224
l 224 225
l 225 226
l 226 227
l 227 228
l 228 229
l 229 230
l 230 231
l 231 232
l 232 233
l 233 234
l 234 235
l 235 236
l 236 237
l 237 238
l 238 239
l 239 240
l 240 241
l 241 242
l 242 243
l 243 244
l 244 245
l 245 246
l 246 247
l 247 248
l 248 249
l 249 250
l 250 251
l 251 252
l 252 253
l 253 254
l 254 255
l 255 256
l 256 257
l 257 258
l 258 259
l 259 260
l 260 261
l 261 262
l 262 263
l 263 264
l 264 265
l 265 266
l 266 267
l 267 268
l 268 269
l 269 270
l 270 271
l 271 272
l 272 273
l 273 274
l 274 275
l 275 276
l 276 277
l 277 278
l 278 279
l 279 280
l 280 281
l 281 282
l 282 283
l 283 284
l 284 285
l 285 286
l 286 287
l 287 288
l 288 289
l 289 290
l 290 291
l 291 292
l 292 293
l 293 294
l 294 295
l 295 296
l 296 297
l 297 298
l 298 299
l 299 300
l 300 301
l 301 302
l 302 303
l 303 304
l 304 305
l 305 306
l 306 307
l 307 308
l 308 309
l 309 310
l 310 311
l 311 312
l 312 313
l 313 314
l 314 315
l 315 316
l 316 317
l 317 318
l 318 319
l 319 320
l 320 321
l 321 322
l 322 323
l 323 324
l 324 325
l 325 326
l 326 327
l 327 328
l 328 329
l 329 330
l 330 331
l 331 332
l 332 333
l 333 334
l 334 335
l 335 336
l 336 337
l 337 338
l 338 339
l 339 340
l 340 341
l 341 342
l 342 343
l 343 344
l 344 345
l 345 346
l 346 347
l 347 348
l 348 349
l 349 350
l 350 351
l 351 352
l 352 353
l 353 354
l 354 355
l 355 356
l 356 357
l 357 358
l 358 359
l 359 360
l 360 361
l 361 362
l 362 363
l 363 364
l 364 365
l 365 366
l 366 367
l 367 368
l 368 369
l 369 370
l 370 371
l 371 372
l 372 373
l 373 374
l 374 375
l 375 376
l 376 377
l 377 378
l 378 379
l 379 380
l 380 381
l 381 382
l 382 383
l 383 384
l 384 385
l 385 386
l 386 387
l 387 388
l 388 389
l 389 390
l 390 391
l 391 392
l 392 393
l 393 394
l 394 395
l 395 396
l 396 397
l 397 398
l 398 399
l 399 400
l 400 401
l 401 402
l 402 403
l 403 404
l 404 405
l 405 406
l 406 407
l 407 408
l 408 409
l 409 410
l 410 411
l 411 412
l 412 413
l 413 414
l 414 415
l 415 416
l 416 417
l 417 418
l 418 419
l 419 420
l 420 421
l 421 422
l 422 423
l 423 424
l 424 425
l 425 426
l 426 427
l 427 428
l 428 429
l 429 430
l 430 431
l 431 432
l 432 433
l 433 434
l 434 435
l 435 436
l 436 437
l 437 438
l 438 439
l 439 440
l 440 441
l 441 442
l 442 443
l 443 444
l 444 445
l 445 446
l 446 447
l 447 448
l 448 449
l 449 450
l 450 451
l 451 452
l 452 453
l 453 454
l 454 455
l 455 456
l 456 457
l 457 458
l 458 459
l 459 460
l 460 461
l 461 462
l 462 463
l 463 464
l 464 465
l 465 466
l 466 467
l 467 468
l 468 469
l 469 470
l 470 471
l 471 472
l 472 473
l 473 474
l 474 475
l 475 476
l 476 477
l 477 478
l 478 479
l 479 480
l 480 481
l 481 482
l 482 483
l 483 484
l 484 485
l 485 486
l 486 487
l 487 488
l 488 489
l 489 490
l 490 491
l 491 492
l 492 493
l 493 494
l 494 495
l 495 496
l 496 497
l 497 498
l 498 499
l 499 500
l 500 501
l 501 502
l 502 503
l 503 504
l 504 505
l 505 506
l 506 507
l 507 508
l 508 509
l 509 510
l 510 511
l 511 512
l 512 513
l 513 514
l 514 515
l 515 516
l 516 517
l 517 518
l 518 519
l 519 520
l 520 521
l 521 522
l 522 523
l 523 524
l 524 525
l 525 526
l 526 527
l 527 528
l 528 529
l 529 530
l 530 531
l 531 532
l 532 533
l 533 534
l 534 535
l 535 536
l 536 537
l 537 538
l 538 539
l 539 540
l 540 541
l 541 542
l 542 543
l 543 544
l 544 545
l 545 546
l 546 547
l 547 548
l 548 549
l 549 550
l 550 551
l 551 552
l 552 553
l 553 554
l 554 555
l 555 556
l 556 557
l 557 558
l 558 559
l 559 560
l 560 561
l 561 562
l 562 563
l 563 564
l 564 565
l 565 566
l 566 567
l 567 568
l 568 569
l 569 570
l 570 571
l 571 572
l 572 573
l 573 574
l 574 575
l 575 576
l 576 577
l 577 578
l 578 579
l 579 580
l 580 581
l 581 582
l 582 583
l 583 584
l 584 585
l 585 586
l 586 587
l 587 588
l 588 589
l 589 590
l 590 591
l 591 592
l 592 593
l 593 594
l 594 595
l 595 596
l 596 597
l 597 598
l 598 599
l 599 600
l 600 601
l 601 602
l 602 603
l 603 604
l 604 605
l 605 606
l 606 607
l 607 608
l 608 609
l 609 610
l 610 611
l 611 612
l 612 613
l 613 614
l 614 615
l 615 616
l 616 617
l 617 618
l 618 619
l 619 620
l 620 621
l 621 622
l 622 623
l 623 624
l 624 625
l 625 626
l 626 627
l 627 628
l 628 629
l 629 630
l 630 631
l 631 632
l 632 633
l 633 634
l 634 635
l 635 636
l 636 637
l 637 638
l 638 639
l 639 640
l 640 641
l 641 642
l 642 643
l 643 644
l 644 645
l 645 646
l 646 647
l 647 648
l 648 649
l 649 650
l 650 651
l 651 652
l 652 653
l 653 654
l 654 655
l 655 656
l 656 657
l 657 658
l 658 659
l 659 660
l 660 661
l 661 662
l 662 663
l 663 664
l 664 665
l 665 666
l 666 667
l 667 668
l 668 669
l 669 670
l 670 671
l 671 672
l 672 673
l 673 674
l 674 675
l 675 676
l 676 677
l 677 678
l 678 679
l 679 680
l 680 681
l 681 682
l 682 683
l 683 684
l 684 685
l 685 686
l 686 687
l 687 688
l 688 689
l 689 690
l 690 691
l 691 692
l 692 693
l 693 694
l 694 695
l 695 696
l 696 697
l 697 698
l 698 699
l 699 700
l 700 701
l 701 702
l 702 703
l 703 704
l 704 705
l 705 706
l 706 707
l 707 708
l 708 709
l 709 710
l 710 711
l 711 712
l 712 713
l 713 714
l 714 715
l 715 716
l 716 717
l 717 718
l 718 719
l 719 720
l 720 721
l 721 722
l 722 723
l 723 724
l 724 725
l 725 726
l 726 727
l 727 728
l 728 729
l 729 730
l 730 731
l 731 732
l 732 733
l 733 734
l 734 735
l 735 736
l 736 737
l 737 738
l 738 739
l 739 740
l 740 741
l 741 742
l 742 743
l 743 744
l 744 745
l 745 746
l 746 747
l 747 748
l 748 749
l 749 750
l 750 751
l 751 752
l 752 753
l 753 754
l 754 755
l 755 756
l 756 757
l 757 758
l 758 759
l 759 760
l 760 761
l 761 762
l 762 763
l 763 764
l 764 765
l 765 766
l 766 767
l 767 768
l 768 769
l 769 770
l 770 771
l 771 772
l 772 773
l 773 774
l 774 775
l 775 776
l 776 777
l 777 778
l 778 779
l 779 780
l 780 781
l 781 782
l 782 783
l 783 784
l 784 785
l 785 786
l 786 787
l 787 788
l 788 789
l 789 790
l 790 791
l 791 792
l 792 793
l 793 794
l 794 795
l 795 796
l 796 797
l 797 798
l 798 799
l 799 800
l 800 801
l 801 802
l 802 803
l 803 804
l 804 805
l 805 806
l 806 807
l 807 808
l 808 809
l 809 810
l 810 811
l 811 812
l 812 813
l 813 814
l 814 815
l 815 816
l 816 817
l 817 818
l 818 819
l 819 820
l 820 821
l 821 822
l 822 823
l 823 824
l 824 825
l 825 826
l 826 827
l 827 828
l 828 829
l 829 830
l 830 831
l 831 832
l 832 833
l 833 834
l 834 835
l 835 836
l 836 837
l 837 838
l 838 839
l 839 840
l 840 841
l 841 842
l 842 843
l 843 844
l 844 845
l 845 846
l 846 847
l 847 848
l 848 849
l 849 850
l 850 851
l 851 852
l 852 853
l 853 854
l 854 855
l 855 856
l 856 857
l 857 858
l 858 859
l 859 860
l 860 861
l 861 862
l 862 863
l 863 864
l 864 865
l 865 866
l 866 867
l 867 868
l 868 869
l 869 870
l 870 871
l 871 872
l 872 873
l 873 874
l 874 875
l 875 876
l 876 877
l 877 878
l 878 879
l 879 880
l 880 881
l 881 882
l 882 883
l 883 884
l 884 885
l 885 886
l 886 887
l 887 888
l 888 889
l 889 890
l 890 891
l 891 892
l 892 893
l 893 894
l 894 895
l 895 896
l 896 897
l 897 898
l 898 899
l 899 900
l 900 901
l 901 902
l 902 903
l 903 904
l 904 905
l 905 906
l 906 907
l 907 908
l 908 909
l 909 910
l 910 911
l 911 912
l 912 913
l 913 914
l 914 915
l 915 916
l 916 917
l 917 918
l 918 919
l 919 920
l 920 921
l 921 922
l 922 923
l 923 924
l 924 925
l 925 926
l 926 927
l 927 928
l 928 929
l 929 930
l 930 931
l 931 932
l 932 933
l 933 934
l 934 935
l 935 936
l 936 937
l 937 938
l 938 939
l 939 940
l 940 941
l 941 942
l 942 943
l 943 944
l 944 945
l 945 946
l 946 947
l 947 948
l 948 949
l 949 950
l 950 951
l 951 952
l 952 953
l 953 954
l 954 955
l 955 956
l 956 957
l 957 958
l 958 959
l 959 960
l 960 961
l 961 962
l 962 963
l 963 964
l 964 965
l 965 966
l 966 967
l 967 968
l 968 969
l 969 970
l 970 971
l 971 972
l 972 973
l 973 974
l 974 975
l 975 976
l 976 977
l 977 978
l 978 979
l 979 980
l 980 981
l 981 982
l 982 983
l 983 984
l 984 985
l 985 986
l 986 987
l 987 988
l 988 989
l 989 990
l 990 991
l 991 992
l 992 993
l 993 994
l 994 995
l 995 996
l 996 997
l 997 998
l 998 999
l 999 1000
l 1000 1001
l 1001 1002
l 1002 1003
l 1003 1004
l 1004 1005
l 1005 1006
l 1006 1007
l 1007 1008
l 1008 1009
l 1009 1010
l 1010 1011
l 1011 1012
l 1012 1013
l 1013 1014
l 1014 1015
l 1015 1016
l 1016 1017
l 1017 1018
l 1018 1019
l 1019 1020
l 1020 1021
l 1021 1022
l 1022 1023
l 1023 1024
l 1024 1025
l 1025 1026
l 1026 1027
l 1027 1028
l 1028 1029
l 1029 1030
l 1030 1031
l 1031 1032
l 1032 1033
l 1033 1034
l 1034 1035
l 1035 1036
l 1036 1037
l 1037 1038
l 1038 1039
l 1039 1040
l 1040 1041
l 1041 1042
l 1042 1043
l 1043 1044
l 1044 1045
l 1045 1046
l 1046 1047
l 1047 1048
l 1048 1049
l 1049 1050
l 1050 1051
l 1051 1052
l 1052 1053
l 1053 1054
l 1054 1055
l 1055 1056
l 1056 1057
l 1057 1058
l 1058 1059
l 1059 1060
l 1060 1061
l 1061 1062
l 1062 1063
l 1063 1064
l 1064 1065
l 1065 1066
l 1066 1067
l 1067 1068
l 1068 1069
l 1069 1070
l 1070 1071
l 1071 1072
l 1072 1073
l 1073 1074
l 1074 1075
l 1075 1076
l 1076 1077
l 1077 1078
l 1078 1079
l 1079 1080
l 1080 1081
l 1081 1082
l 1082 1083
l 1083 1084
l 1084 1085
l 1085 1086
l 1086 1087
l 1087 1088
l 1088 1089
l 1089 1090
l 1090 1091
l 1091 1092
l 1092 1093
l 1093 1094
l 1094 1095
l 1095 1096
l 1096 1097
l 1097 1098
l 1098 1099
l 1099 1100
l 1100 1101
l 1101 1102
l 1102 1103
l 1103 1104
l 1104 1105
l 1105 1106
l 1106 1107
l 1107 1108
l 1108 1109
l 1109 1110
l 1110 1111
l 1111 1112
l 1112 1113
l 1113 1114
l 1114 1115
l 1115 1116
l 1116 1117
l 1117 1118
l 1118 1119
l 1119 1120
l 1120 1121
l 1121 1122
l 1122 1123
l 1123 1124
l 1124 1125
l 1125 1126
l 1126 1127
l 1127 1128
l 1128 1129
l 1129 1130
l 1130 1131
l 1131 1132
l 1132 1133
l 1133 1134
l 1134 1135
l 1135 1136
l 1136 1137
l 1137 1138
l 1138 1139
l 1139 1140
l 1140 1141
l 1141 1142
l 1142 1143
l 1143 1144
l 1144 1145
l 1145 1146
l 1146 1147
l 1147 1148
l 1148 1149
l 1149 1150
l 1150 1151
l 1151 1152
l 1152 1153
l 1153 1154
l 1154 1155
l 1155 1156
l 1156 1157
l 1157 1158
l 1158 1159
l 1159 1160
l 1160 1161
l 1161 1162
l 1162 1163
l 1163 1164
l 1164 1165
l 1165 1166
l 1166 1167
l 1167 1168
l 1168 1169
l 1169 1170
l 1170 1171
l 1171 1172
l 1172 1173
l 1173 1174
l 1174 1175
l 1175 1176
l 1176 1177
l 1177 1178
l 1178 1179
l 1179 1180
l 1180 1181
l 1181 1182
l 1182 1183
l 1183 1184
l 1184 1185
l 1185 1186
l 1186 1187
l 1187 1188
l 1188 1189
l 1189 1190
l 1190 1191
l 1191 1192
l 1192 1193
l 1193 1194
l 1194 1195
l 1195 1196
l 1196 1197
l 1197 1198
l 1198 1199
l 1199 1200
l 1200 1201
l 1201 1202
l 1202 1203
l 1203 1204
l 1204 1205
l 1205 1206
l 1206 1207
l 1207 1208
l 1208 1209
l 1209 1210
l 1210 1211
l 1211 1212
l 1212 1213
l 1213 1214
l 1214 1215
l 1215 1216
l 1216 1217
l 1217 1218
l 1218 1219
l 1219 1220
l 1220 1221
l 1221 1222
l 1222 1223
l 1223 1224
l 1224 1225
l 1225 1226
l 1226 1227
l 1227 1228
l 1228 1229
l 1229 1230
l 1230 1231
l 1231 1232
l 1232 1233
l 1233 1234
l 1234 1235
l 1235 1236
l 1236 1237
l 1237 1238
l 1238 1239
l 1239 1240
l 1240 1241
l 1241 1242
l 1242 1243
l 1243 1244
l 1244 1245
l 1245 1246
l 1246 1247
l 1247 1248
l 1248 1249
l 1249 1250
l 1250 1251
l 1251 1252
l 1252 1253
l 1253 1254
l 1254 1255
l 1255 1256
l 1256 1257
l 1257 1258
l 1258 1259
l 1259 1260
l 1260 1261
l 1261 1262
l 1262 1263
l 1263 1264
l 1264 1265
l 1265 1266
l 1266 1267
l 1267 1268
l 1268 1269
l 1269 1270
l 1270 1271
l 1271 1272
l 1272 1273
l 1273 1274
l 1274 1275
l 1275 1276
l 1276 1277
l 1277 1278
l 1278 1279
l 1279 1280
l 1280 1281
l 1281 1282
l 1282 1283
l 1283 1284
l 1284 1285
l 1285 1286
l 1286 1287
l 1287 1288
l 1288 1289
l 1289 1290
l 1290 1291
l 1291 1292
l 1292 1293
l 1293 1294
l 1294 1295
l 1295 1296
l 1296 1297
l 1297 1298
l 1298 1299
l 1299 1300
l 1300 1301
l 1301 1302
l 1302 1303
l 1303 1304
l 1304 1305
l 1305 1306
l 1306 1307
l 1307 1308
l 1308 1309
l 1309 1310
l 1310 1311
l 1311 1312
l 1312 1313
l 1313 1314
l 1314 1315
l 1315 1316
l 1316 1317
l 1317 1318
l 1318 1319
l 1319 1320
l 1320 1321
l 1321 1322
l 1322 1323
l 1323 1324
l 1324 1325
l 1325 1326
l 1326 1327
l 1327 1328
l 1328 1329
l 1329 1330
l 1330 1331
l 1331 1332
l 1332 1333
l 1333 1334
l 1334 1335
l 1335 1336
l 1336 1337
l 1337 1338
l 1338 1339
l 1339 1340
l 1340 1341
l 1341 1342
l 1342 1343
l 1343 1344
l 1344 1345
l 1345 1346
l 1346 1347
l 1347 1348
l 1348 1349
l 1349 1350
l 1350 1351
l 1351 1352
l 1352 1353
l 1353 1354
l 1354 1355
l 1355 1356
l 1356 1357
l 1357 1358
l 1358 1359
l 1359 1360
l 1360 1361
l 1361 1362
l 1362 1363
l 1363 1364
l 1364 1365
l 1365 1366
l 1366 1367
l 1367 1368
l 1368 1369
l 1369 1370
l 1370 1371
l 1371 1372
l 1372 1373
l 1373 1374
l 1374 1375
l 1375 1376
l 1376 1377
l 1377 1378
l 1378 1379
l 1379 1380
l 1380 1381
l 1381 1382
l 1382 1383
l 1383 1384
l 1384 1385
l 1385 1386
l 1386 1387
l 1387 1388
l 1388 1389
l 1389 1390
l 1390 1391
l 1391 1392
l 1392 1393
l 1393 1394
l 1394 1395
l 1395 1396
l 1396 1397
l 1397 1398
l 1398 1399
l 1399 1400
l 1400 1401
l 1401 1402
l 1402 1403
l 1403 1404
l 1404 1405
l 1405 1406
l 1406 1407
l 1407 1408
l 1408 1409
l 1409 1410
l 1410 1411
l 1411 1412
l 1412 1413
l 1413 1414
l 1414 1415
l 1415 1416
l 1416 1417
l 1417 1418
l 1418 1419
l 1419 1420
l 1420 1421
l 1421 1422
l 1422 1423
l 1423 1424
l 1424 1425
l 1425 1426
l 1426 1427
l 1427 1428
l 1428 1429
l 1429 1430
l 1430 1431
l 1431 1432
l 1432 1433
l 1433 1434
l 1434 1435
l 1435 1436
l 1436 1437
l 1437 1438
l 1438 1439
l 1439 1440
l 1440 1441
l 1441 1442
l 1442 1443
l 1443 1444
l 1444 1445
l 1445 1446
l 1446 1447
l 1447 1448
l 1448 1449
l 1449 1450
l 1450 1451
l 1451 1452
l 1452 1453
l 1453 1454
l 1454 1455
l 1455 1456
l 1456 1457
l 1457 1458
l 1458 1459
l 1459 1460
l 1460 1461
l 1461 1462
l 1462 1463
l 1463 1464
l 1464 1465
l 1465 1466
l 1466 1467
l 1467 1468
l 1468 1469
l 1469 1470
l 1470 1471
l 1471 1472
l 1472 1473
l 1473 1474
l 1474 1475
l 1475 1476
l 1476 1477
l 1477 1478
l 1478 1479
l 1479 1480
l 1480 1481
l 1481 1482
l 1482 1483
l 1483 1484
l 1484 1485
l 1485 1486
l 1486 1487
l 1487 1488
l 1488 1489
l 1489 1490
l 1490 1491
l 1491 1492
l 1492 1493
l 1493 1494
l 1494 1495
l 1495 1496
l 1496 1497
l 1497 1498
l 1498 1499
l 1499 1500
l 1500 1501
l 1501 1502
l 1502 1503
l 1503 1504
l 1504 1505
l 1505 1506
l 1506 1507
l 1507 1508
l 1508 1509
l 1509 1510
l 1510 1511
l 1511 1512
l 1512 1513
l 1513 1514
l 1514 1515
l 1515 1516
l 1516 1517
l 1517 1518
l 1518 1519
l 1519 1520
l 1520 1521
l 1521 1522
l 1522 1523
l 1523 1524
l 1524 1525
l 1525 1526
l 1526 1527
l 1527 1528
l 1528 1529
l 1529 1530
l 1530 1531
l 1531 1532
l 1532 1533
l 1533 1534
l 1534 1535
l 1535 1536
l 1536 1537
l 1537 1538
l 1538 1539
l 1539 1540
l 1540 1541
l 1541 1542
l 1542 1543
l 1543 1544
l 1544 1545
l 1545 1546
l 1546 1547
l 1547 1548
l 1548 1549
l 1549 1550
l 1550 1551
l 1551 1552
l 1552 1553
l 1553 1554
l 1554 1555
l 1555 1556
l 1556 1557
l 1557 1558
l 1558 1559
l 1559 1560
l 1560 1561
l 1561 1562
l 1562 1563
l 1563 1564
l 1564 1565
l 1565 1566
l 1566 1567
l 1567 1568
l 1568 1569
l 1569 1570
l 1570 1571
l 1571 1572
l 1572 1573
l 1573 1574
l 1574 1575
l 1575 1576
l 1576 1577
l 1577 1578
l 1578 1579
l 1579 1580
l 1580 1581
l 1581 1582
l 1582 1583
l 1583 1584
l 1584 1585
l 1585 1586
l 1586 1587
l 1587 1588
l 1588 1589
l 1589 1590
l 1590 1591
l 1591 1592
l 1592 1593
l 1593 1594
l 1594 1595
l 1595 1596
l 1596 1597
l 1597 1598
l 1598 1599
l 1599 1600
l 1600 1601
l 1601 1602
l 1602 1603
l 1603 1604
l 1604 1605
l 1605 1606
l 1606 1607
l 1607 1608
l 1608 1609
l 1609 1610
l 1610 1611
l 1611 1612
l 1612 1613
l 1613 1614
l 1614 1615
l 1615 1616
l 1616 1617
l 1617 1618
l 1618 1619
l 1619 1620
l 1620 1621
l 1621 1622
l 1622 1623
l 1623 1624
l 1624 1625
l 1625 1626
l 1626 1627
l 1627 1628
l 1628 1629
l 1629 1630
l 1630 1631
l 1631 1632
l 1632 1633
l 1633 1634
l 1634 1635
l 1635 1636
l 1636 1637
l 1637 1638
l 1638 1639
l 1639 1640
l 1640 1641
l 1641 1642
l 1642 1643
l 1643 1644
l 1644 1645
l 1645 1646
l 1646 1647
l 1647 1648
l 1648 1649
l 1649 1650
l 1650 1651
l 1651 1652
l 1652 1653
l 1653 1654
l 1654 1655
l 1655 1656
l 1656 1657
l 1657 1658
l 1658 1659
l 1659 1660
l 1660 1661
l 1661 1662
l 1662 1663
l 1663 1664
l 1664 1665
l 1665 1666
l 1666 1667
l 1667 1668
l 1668 1669
l 1669 1670
l 1670 1671
l 1671 1672
l 1672 1673
l 1673 1674
l 1674 1675
l 1675 1676
l 1676 1677
l 1677 1678
l 1678 1679
l 1679 1680
l 1680 1681
l 1681 1682
l 1682 1683
l 1683 1684
l 1684 1685
l 1685 1686
l 1686 1687
l 1687 1688
l 1688 1689
l 1689 1690
l 1690 1691
l 1691 1692
l 1692 1693
l 1693 1694
l 1694 1695
l 1695 1696
l 1696 1697
l 1697 1698
l 1698 1699
l 1699 1700
l 1700 1701
l 1701 1702
l 1702 1703
l 1703 1704
l 1704 1705
l 1705 1706
l 1706 1707
l 1707 1708
l 1708 1709
l 1709 1710
l 1710 1711
l 1711 1712
l 1712 1713
l 1713 1714
l 1714 1715
l 1715 1716
l 1716 1717
l 1717 1718
l 1718 1719
l 1719 1720
l 1720 1721
l 1721 1722
l 1722 1723
l 1723 1724
l 1724 1725
l 1725 1726
l 1726 1727
l 1727 1728
l 1728 1729
l 1729 1730
l 1730 1731
l 1731 1732
l 1732 1733
l 1733 1734
l 1734 1735
l 1735 1736
l 1736 1737
l 1737 1738
l 1738 1739
l 1739 1740
l 1740 1741
l 1741 1742
l 1742 1743
l 1743 1744
l 1744 1745
l 1745 1746
l 1746 1747
l 1747 1748
l 1748 1749
l 1749 1750
l 1750 1751
l 1751 1752
l 1752 1753
l 1753 1754
l 1754 1755
l 1755 1756
l 1756 1757
l 1757 1758
l 1758 1759
l 1759 1760
l 1760 1761
l 1761 1762
l 1762 1763
l 1763 1764
l 1764 1765
l 1765 1766
l 1766 1767
l 1767 1768
l 1768 1769
l 1769 1770
l 1770 1771
l 1771 1772
l 1772 1773
l 1773 1774
l 1774 1775
l 1775 1776
l 1776 1777
l 1777 1778
l 1778 1779
l 1779 1780
l 1780 1781
l 1781 1782
l 1782 1783
l 1783 1784
l 1784 1785
l 1785 1786
l 1786 1787
l 1787 1788
l 1788 1789
l 1789 1790
l 1790 1791
l 1791 1792
l 1792 1793
l 1793 1794
l 1794 1795
l 1795 1796
l 1796 1797
l 1797 1798
l 1798 1799
l 1799 1800
l 1800 1801
l 1801 1802
l 1802 1803
l 1803 1804
l 1804 1805
l 1805 1806
l 1806 1807
l 1807 1808
l 1808 1809
l 1809 1810
l 1810 1811
l 1811 1812
l 1812 1813
l 1813 1814
l 1814 1815
l 1815 1816
l 1816 1817
l 1817 1818
l 1818 1819
l 1819 1820
l 1820 1821
l 1821 1822
l 1822 1823
l 1823 1824
l 1824 1825
l 1825 1826
l 1826 1827
l 1827 1828
l 1828 1829
l 1829 1830
l 1830 1831
l 1831 1832
l 1832 1833
l 1833 1834
l 1834 1835
l 1835 1836
l 1836 1837
l 1837 1838
l 1838 1839
l 1839 1840
l 1840 1841
l 1841 1842
l 1842 1843
l 1843 1844
l 1844 1845
l 1845 1846
l 1846 1847
l 1847 1848
l 1848 1849
l 1849 1850
l 1850 1851
l 1851 1852
l 1852 1853
l 1853 1854
l 1854 1855
l 1855 1856
l 1856 1857
l 1857 1858
l 1858 1859
l 1859 1860
l 1860 1861
l 1861 1862
l 1862 1863
l 1863 1864
l 1864 1865
l 1865 1866
l 1866 1867
l 1867 1868
l 1868 1869
l 1869 1870
l 1870 1871
l 1871 1872
l 1872 1873
l 1873 1874
l 1874 1875
l 1875 1876
l 1876 1877
l 1877 1878
l 1878 1879
l 1879 1880
l 1880 1881
l 1881 1882
l 1882 1883
l 1883 1884
l 1884 1885
l 1885 1886
l 1886 1887
l 1887 1888
l 1888 1889
l 1889 1890
l 1890 1891
l 1891 1892
l 1892 1893
l 1893 1894
l 1894 1895
l 1895 1896
l 1896 1897
l 1897 1898
l 1898 1899
l 1899 1900
l 1900 1901
l 1901 1902
l 1902 1903
l 1903 1904
l 1904 1905
l 1905 1906
l 1906 1907
l 1907 1908
l 1908 1909
l 1909 1910
l 1910 1911
l 1911 1912
l 1912 1913
l 1913 1914
l 1914 1915
l 1915 1916
l 1916 1917
l 1917 1918
l 1918 1919
l 1919 1920
l 1920 1921
l 1921 1922
l 1922 1923
l 1923 1924
l 1924 1925
l 1925 1926
l 1926 1927
l 1927 1928
l 1928 1929
l 1929 1930
l 1930 1931
l 1931 1932
l 1932 1933
l 1933 1934
l 1934 1935
l 1935 1936
l 1936 1937
l 1937 1938
l 1938 1939
l 1939 1940
l 1940 1941
l 1941 1942
l 1942 1943
l 1943 1944
l 1944 1945
l 1945 1946
l 1946 1947
l 1947 1948
l 1948 1949
l 1949 1950
l 1950 1951
l 1951 1952
l 1952 1953
l 1953 1954
l 1954 1955
l 1955 1956
l 1956 1957
l 1957 1958
l 1958 1959
l 1959 1960
l 1960 1961
l 1961 1962
l 1962 1963
l 1963 1964
l 1964 1965
l 1965 1966
l 1966 1967
l 1967 1968
l 1968 1969
l 1969 1970
l 1970 1971
l 1971 1972
l 1972 1973
l 1973 1974
l 1974 1975
l 1975 1976
l 1976 1977
l 1977 1978
l 1978 1979
l 1979 1980
l 1980 1981
l 1981 1982
l 1982 1983
l 1983 1984
l 1984 1985
l 1985 1986
l 1986 1987
l 1987 1988
l 1988 1989
l 1989 1990
l 1990 1991
l 1991 1992
l 1992 1993
l 1993 1994
l 1994 1995
l 1995 1996
l 1996 1997
l 1997 1998
l 1998 1999
