v -0.028323111334538464 0.4802508843949133 0.4802508843949134
v -0.0318900678374095 0.4819250567503673 0.4819250567503674
v -0.035469366715547346 0.48358020352976866 0.48358020352976877
v -0.03906086666436087 0.4852162593907566 0.48521625939075663
v -0.04266442589758179 0.486833159744647 0.4868331597446471
v -0.046279902152861874 0.48843084075898274 0.4884308407589828
v -0.04990715269738921 0.49000923936005275 0.49000923936005286
v -0.053546034333523174 0.4915682932353831 0.4915682932353832
v -0.05719640340444754 0.4931079408361962 0.4931079408361963
v -0.060858115799841794 0.4946281213798412 0.49462812137984125
v -0.06453102696157037 0.496128774852193 0.4961287748521931
v -0.06821499188938979 0.4976098420100223 0.49760984201002234
v -0.07190986514667252 0.49907126438333343 0.4990712643833335
v -0.07561550086614904 0.5005129842776737 0.5005129842776738
v -0.07933175275566623 0.5019349447764101 0.5019349447764101
v -0.08305847410396278 0.503337089742977 0.5033370897429771
v -0.08679551778646089 0.5047193638230921 0.5047193638230922
v -0.09054273627107495 0.5060817124469414 0.5060817124469414
v -0.09429998162403536 0.507424081831334 0.507424081831334
v -0.09806710551572909 0.508746418981825 0.5087464189818252
v -0.10184395922655523 0.510048671694808 0.510048671694808
v -0.10563039365279625 0.5113307885595758 0.5113307885595758
v -0.10942625931250446 0.5125927189603499 0.5125927189603499
v -0.11323140635140314 0.5138344130782786 0.5138344130782786
v -0.11704568454880268 0.5150558218934044 0.5150558218934044
v -0.12086894332353093 0.5162568971865987 0.5162568971865987
v -0.1247010317398779 0.5174375915414655 0.5174375915414655
v -0.12854179851355454 0.5185978583462133 0.5185978583462133
v -0.1323910920176651 0.5197376517954954 0.5197376517954955
v -0.13624876028869298 0.520856926892218 0.5208569268922181
v -0.14011465103250034 0.5219556394493167 0.5219556394493168
v -0.14398861163034 0.5230337460915012 0.5230337460915013
v -0.14787048914488085 0.5240912042569673 0.5240912042569673
v -0.15176013032624547 0.5251279721990771 0.5251279721990773
v -0.15565738161806017 0.5261440089880076 0.5261440089880077
v -0.15956208916351708 0.5271392745123662 0.5271392745123663
v -0.16347409881144825 0.5281137294807741 0.5281137294807741
v -0.16739325612241124 0.5290673354234176 0.5290673354234176
v -0.17131940637478604 0.5300000546935668 0.5300000546935669
v -0.17525239457088335 0.5309118504690623 0.5309118504690624
v -0.17919206544306357 0.531802686753768 0.5318026867537681
v -0.1831382634598664 0.5326725283789926 0.5326725283789927
v -0.18709083283215117 0.5335213410048784 0.5335213410048784
v -0.1910496175192469 0.5343490911217561 0.5343490911217562
v -0.19501446123511273 0.5351557460514684 0.5351557460514685
v -0.1989852074545076 0.5359412739486602 0.5359412739486602
v -0.2029616994191698 0.5367056438020349 0.536705643802035
v -0.20694378014400538 0.5374488254355795 0.5374488254355796
v -0.2109312924232858 0.5381707895097556 0.5381707895097557
v -0.2149240788368539 0.538871507522658 0.5388715075226581
v -0.2189219817563389 0.5395509518111392 0.5395509518111393
v -0.22292484335137902 0.5402090955519021 0.5402090955519022
v -0.22693250559585243 0.5408459127625587 0.5408459127625588
v -0.23094481027411604 0.541461378302656 0.5414613783026561
v -0.23496159898725122 0.5420554678746683 0.5420554678746684
v -0.23898271315931752 0.5426281580249565 0.5426281580249566
v -0.24300799404361256 0.5431794261446942 0.5431794261446943
v -0.2470372827289395 0.5437092504707597 0.5437092504707598
v -0.2510704201458802 0.5442176100865961 0.5442176100865961
v -0.2551072470730754 0.5447044849230359 0.544704484923036
v -0.25914760414351007 0.5451698557590946 0.5451698557590947
v -0.26319133185080534 0.5456137042227281 0.5456137042227283
v -0.26723827055551524 0.5460360127915593 0.5460360127915594
v -0.27128826049142923 0.546436764793569 0.546436764793569
v -0.2753411417718793 0.546815944407754 0.5468159444077542
v -0.27939675439605205 0.5471735366647528 0.5471735366647529
v -0.2834549382553056 0.5475095274474352 0.5475095274474352
v -0.28751553313948974 0.5478239034914605 0.5478239034914606
v -0.2915783787432714 0.5481166523858005 0.5481166523858007
v -0.2956433146724628 0.5483877625732306 0.5483877625732307
v -0.29971018045035375 0.5486372233507846 0.5486372233507847
v -0.3037788155240469 0.5488650248701779 0.548865024870178
v -0.3078490592707962 0.5490711581381968 0.549071158138197
v -0.3119207510043479 0.5492556150170529 0.549255615017053
v -0.31599372998128417 0.5494183882247043 0.5494183882247045
v -0.32006783540736916 0.5495594713351437 0.5495594713351437
v -0.3241429064438965 0.5496788587786513 0.5496788587786514
v -0.3282187822140394 0.5497765458420152 0.5497765458420152
v -0.33229530180920136 0.5498525286687175 0.5498525286687176
v -0.3363723042953691 0.5499068042590863 0.5499068042590863
v -0.34044962871946516 0.5499393704704142 0.5499393704704143
v -0.3445271141157031 0.549950226017043 0.549950226017043
v -0.3486045995119406 0.5499393704704142 0.5499393704704143
v -0.35268192393603703 0.5499068042590863 0.5499068042590863
v -0.3567589264222044 0.5498525286687175 0.5498525286687176
v -0.3608354460173668 0.5497765458420152 0.5497765458420152
v -0.3649113217875094 0.5496788587786513 0.5496788587786514
v -0.36898639282403706 0.5495594713351437 0.5495594713351437
v -0.3730604982501217 0.5494183882247043 0.5494183882247045
v -0.37713347722705837 0.5492556150170529 0.549255615017053
v -0.38120516896060974 0.5490711581381968 0.549071158138197
v -0.3852754127073588 0.5488650248701779 0.548865024870178
v -0.38934404778105236 0.5486372233507846 0.5486372233507847
v -0.39341091355894303 0.5483877625732306 0.5483877625732307
v -0.39747584948813475 0.5481166523858005 0.5481166523858007
v -0.40153869509191614 0.5478239034914605 0.5478239034914606
v -0.4055992899761006 0.5475095274474352 0.5475095274474352
v -0.4096574738353539 0.5471735366647528 0.5471735366647529
v -0.4137130864595264 0.546815944407754 0.5468159444077542
v -0.4177659677399768 0.546436764793569 0.546436764793569
v -0.42181595767589053 0.5460360127915593 0.5460360127915594
v -0.4258628963806008 0.5456137042227281 0.5456137042227283
v -0.4299066240878958 0.5451698557590946 0.5451698557590947
v -0.43394698115833075 0.5447044849230359 0.544704484923036
v -0.4379838080855257 0.5442176100865961 0.5442176100865961
v -0.44201694550246673 0.5437092504707597 0.5437092504707598
v -0.44604623418779343 0.543179426144694 0.5431794261446942
v -0.4500715150720882 0.5426281580249566 0.5426281580249567
v -0.45409262924415483 0.5420554678746682 0.5420554678746683
v -0.45810941795728977 0.5414613783026561 0.5414613783026562
v -0.4621217226355537 0.5408459127625587 0.5408459127625588
v -0.46612938488002686 0.5402090955519021 0.5402090955519022
v -0.47013224647506735 0.5395509518111391 0.5395509518111392
v -0.474130149394552 0.538871507522658 0.5388715075226581
v -0.4781229358081205 0.5381707895097556 0.5381707895097557
v -0.48211044808740056 0.5374488254355795 0.5374488254355795
v -0.48609252881223597 0.5367056438020349 0.536705643802035
v -0.4900690207768985 0.5359412739486602 0.5359412739486602
v -0.49403976699629304 0.5351557460514684 0.5351557460514685
v -0.4980046107121592 0.534349091121756 0.5343490911217561
v -0.5019633953992547 0.5335213410048784 0.5335213410048784
v -0.5059159647715398 0.5326725283789926 0.5326725283789927
v -0.5098621627883424 0.531802686753768 0.5318026867537681
v -0.5138018336605223 0.5309118504690623 0.5309118504690624
v -0.51773482185662 0.5300000546935668 0.5300000546935669
v -0.5216609721089945 0.5290673354234176 0.5290673354234176
v -0.5255801294199578 0.5281137294807741 0.5281137294807741
v -0.5294921390678888 0.5271392745123662 0.5271392745123663
v -0.533396846613346 0.5261440089880076 0.5261440089880077
v -0.5372940979051605 0.5251279721990771 0.5251279721990773
v -0.5411837390865254 0.5240912042569672 0.5240912042569673
v -0.545065616601066 0.5230337460915012 0.5230337460915013
v -0.5489395771989054 0.5219556394493167 0.5219556394493168
v -0.552805467942713 0.5208569268922179 0.520856926892218
v -0.5566631362137406 0.5197376517954954 0.5197376517954955
v -0.5605124297178515 0.5185978583462132 0.5185978583462133
v -0.5643531964915279 0.5174375915414655 0.5174375915414655
v -0.5681852849078752 0.5162568971865985 0.5162568971865986
v -0.5720085436826032 0.5150558218934044 0.5150558218934044
v -0.575822821880003 0.5138344130782784 0.5138344130782785
v -0.5796279689189016 0.5125927189603497 0.5125927189603499
v -0.5834238345786095 0.5113307885595758 0.5113307885595759
v -0.5872102690048508 0.5100486716948079 0.510048671694808
v -0.5909871227156768 0.508746418981825 0.5087464189818252
v -0.5947542466073708 0.5074240818313338 0.5074240818313339
v -0.5985114919603309 0.5060817124469413 0.5060817124469414
v -0.6022587104449453 0.5047193638230919 0.504719363823092
v -0.6059957541274432 0.503337089742977 0.5033370897429771
v -0.60972247547574 0.50193494477641 0.5019349447764101
v -0.613438727365257 0.5005129842776735 0.5005129842776737
v -0.6171443630847333 0.4990712643833335 0.49907126438333355
v -0.6208392363420163 0.4976098420100222 0.4976098420100223
v -0.6245232012698354 0.496128774852193 0.4961287748521931
v -0.6281961124315644 0.494628121379841 0.4946281213798411
v -0.6318578248269584 0.49310794083619613 0.4931079408361962
v -0.635508193897883 0.491568293235383 0.49156829323538304
v -0.6391470755340167 0.49000923936005275 0.49000923936005286
v -0.6427743260785443 0.48843084075898247 0.4884308407589826
v -0.6463898023338241 0.48683315974464697 0.486833159744647
v -0.6499933615670449 0.4852162593907566 0.48521625939075663
v -0.6535848615158587 0.48358020352976855 0.4835802035297686
v -0.6571641603939964 0.4819250567503673 0.4819250567503674
v -0.6607311168968677 0.48025088439491326 0.4802508843949133
v -0.6642855902071367 0.47855775255686467 0.4785577525568647
v -0.6678274400002839 0.47684572807816733 0.4768457280781674
v -0.6713565264501444 0.4751148785466158 0.4751148785466159
v -0.6748727102344272 0.4733652722931865 0.4733652722931866
v -0.6783758525402179 0.47159697838933806 0.4715969783893381
v -0.6818658150694556 0.4698100666442864 0.46981006664428643
v -0.6853424600443968 0.468004607602247 0.4680046076022471
v -0.6888056502130494 0.46618067253965195 0.466180672539652
v -0.6922552488545965 0.464338333462334 0.46433833346233405
v -0.6956911197847898 0.4624776631026858 0.46247766310268584
v -0.6991131273613282 0.46059873491678693 0.460598734916787
v -0.7025211364892128 0.4587016230815046 0.45870162308150464
v -0.7059150126260776 0.45678640249156627 0.4567864024915663
v -0.7092946217875047 0.4548531487566009 0.45485314875660093
v -0.7126598305523105 0.45290193819815616 0.4529019381981563
v -0.7160105060678161 0.45093284784668347 0.4509328478466836
v -0.7193465160550883 0.4489459554384988 0.44894595543849886
v -0.7226677288141661 0.44694133941271175 0.4469413394127118
v -0.7259740132292556 0.44491907890813104 0.4449190789081311
v -0.7292652387739098 0.4428792537601386 0.44287925376013865
v -0.7325412755161801 0.44082194449753814 0.44082194449753825
v -0.7358019941237446 0.4387472323393773 0.43874723233937735
v -0.7390472658690166 0.43665519919173895 0.436655199191739
v -0.7422769626342236 0.4345459276445102 0.4345459276445103
v -0.7454909569164685 0.43241950096811976 0.4324195009681199
v -0.7486891218327594 0.43027600311025205 0.4302760031102521
v -0.7518713311250219 0.4281155186925318 0.42811551869253184
v -0.7550374591650817 0.425938133007185 0.4259381330071851
v -0.7581873809596251 0.42374393201367 0.42374393201367005
v -0.761320972155134 0.4215330023352847 0.42153300233528473
v -0.7644381090427922 0.41930543125574754 0.4193054312557476
v -0.767538668563374 0.41706130671575 0.4170613067157501
v -0.7706225283120975 0.414800717309487 0.41480071730948703
v -0.7736895665434613 0.4125237522811569 0.41252375228115695
v -0.7767396621760467 0.41023050152144086 0.4102305015214409
v -0.7797726947973014 0.4079210555639515 0.40792105556395153
v -0.7827885446682901 0.4055955055816615 0.40559550558166163
v -0.7857870927284244 0.403253943383302 0.40325394338330206
v -0.7887682206001616 0.4008964614097387 0.4008964614097388
v -0.791731810593677 0.39852315273032396 0.398523152730324
v -0.7946777457115131 0.39613411103922 0.3961341110392201
v -0.7976059096531944 0.39372943065170285 0.3937294306517029
v -0.8005161868198238 0.391309206500436 0.39130920650043605
v -0.8034084623186406 0.3888735341317255 0.38887353413172554
v -0.8062826219675615 0.3864225097017452 0.38642250970174524
v -0.8091385522996841 0.3839562299727437 0.38395622997274376
v -0.8119761405677695 0.38147479230922116 0.3814747923092212
v -0.8147952747486916 0.3789782946740874 0.37897829467408745
v -0.8175958435478599 0.37646683562479494 0.376466835624795
v -0.8203777364036138 0.37394051430944625 0.3739405143094463
v -0.8231408434915863 0.37139943046288165 0.3713994304628817
v -0.8258850557290414 0.3688436844027397 0.36884368440273974
v -0.8286102647791778 0.36627337702549945 0.3662733770254995
v -0.8313163630554097 0.36368860980249434 0.3636886098024944
v -0.8340032437256099 0.36108948477590924 0.3610894847759093
v -0.8366708007163303 0.3584761045547494 0.35847610455474943
v -0.8393189287169891 0.35584857231079076 0.3558485723107908
v -0.8419475231840263 0.35320699177450804 0.3532069917745081
v -0.844556480345034 0.35055146723097697 0.350551467230977
v -0.8471456972028502 0.34788210351576015 0.3478821035157602
v -0.8497150715396268 0.3451990060107662 0.34519900601076625
v -0.852264501920865 0.3425022806400899 0.34250228064009
v -0.854793887699418 0.3397920338658322 0.33979203386583223
v -0.857303129019467 0.3370683726838941 0.33706837268389417
v -0.8597921268204605 0.33433140461975647 0.33433140461975647
v -0.8622607828410274 0.3315812377242311 0.33158123772423115
v -0.8647089996228551 0.3288179805691987 0.32881798056919875
v -0.8671366805145372 0.32604174224331967 0.3260417422433197
v -0.8695437296753884 0.3232526323477301 0.32325263234773016
v -0.8719300520792298 0.3204507609917127 0.32045076099171277
v -0.8742955535181391 0.31763623878835046 0.3176362387883505
v -0.8766401406061696 0.31480917685016163 0.3148091768501617
v -0.8789637207830379 0.31196968678471004 0.3119696867847101
v -0.8812662023177766 0.3091178806902022 0.30911788069020224
v -0.883547494312358 0.30625387115105895 0.30625387115105895
v -0.8858075067052796 0.3033777712334736 0.30337777123347365
v -0.8880461502751227 0.30048969448094554 0.3004896944809456
v -0.8902633366440713 0.29758975490980055 0.2975897549098006
v -0.8924589782814049 0.294678067004687 0.29467806700468707
v -0.894632988506951 0.29175474571405735 0.2917547457140574
v -0.8967852814945079 0.2888199064456315 0.28881990644563155
v -0.8989157722752344 0.28587366506183765 0.2858736650618377
v -0.9010243767410022 0.28291613787524167 0.2829161378752417
v -0.9031110116477175 0.279947441643952 0.279947441643952
v -0.9051755946186066 0.2769676935670134 0.27696769356701345
v -0.9072180441474701 0.273977011279777 0.2739770112797771
v -0.9092382796018967 0.2709755128492596 0.2709755128492596
v -0.9112362212264504 0.2679633167694792 0.2679633167694792
v -0.9132117901458169 0.26494054195677896 0.264940541956779
v -0.9151649083679176 0.26190730774513366 0.2619073077451337
v -0.9170954987869899 0.2588637338814353 0.2588637338814353
v -0.9190034851866293 0.2558099405207694 0.25580994052076944
v -0.9208887922428002 0.2527460482216681 0.25274604822166813
v -0.9227513455268075 0.249672177941354 0.24967217794135402
v -0.9245910715082375 0.2465884510309615 0.24658845103096153
v -0.926407897557858 0.2434949892307499 0.24349498923074994
v -0.9282017519504877 0.2403919146652936 0.24039191466529367
v -0.929972563867827 0.23727934983866278 0.23727934983866283
v -0.9317202634012529 0.23415741762958814 0.23415741762958817
v -0.9334447815545812 0.23102624128660673 0.2310262412866068
v -0.9351460502467871 0.22788594442320007 0.2278859444232001
v -0.9368240023146961 0.22473665101291077 0.2247366510129108
v -0.9384785715156342 0.22157848538444988 0.2215784853844499
v -0.9401096925300418 0.21841157221678908 0.2184115722167891
v -0.9417173009640541 0.21523603653423817 0.2152360365342382
v -0.943301333352043 0.212052003701508 0.21205200370150804
v -0.9448617271591224 0.20885959941876242 0.20885959941876245
v -0.9463984207836162 0.2056589497166572 0.20565894971665724
v -0.9479113535594915 0.2024501809513612 0.20245018095136125
v -0.9494004657587529 0.1992334197995719 0.19923341979957196
v -0.9508656985938004 0.19600879325351125 0.19600879325351128
v -0.9523069942197507 0.19277642861591326 0.1927764286159133
v -0.9537242957367205 0.18953645349499962 0.18953645349499965
v -0.9551175471920723 0.1862889957994409 0.18628899579944092
v -0.9564866935826246 0.1830341837333058 0.18303418373330582
v -0.9578316808568224 0.17977214579100118 0.17977214579100123
v -0.9591524559168705 0.17650301075220048 0.1765030107522005
v -0.960448966620832 0.1732269076767563 0.17322690767675633
v -0.9617211617846833 0.16994396589960953 0.16994396589960956
v -0.962968991184338 0.1666543150256797 0.16665431502567973
v -0.9641924055576285 0.16335808492475012 0.16335808492475015
v -0.9653913566062496 0.16005540572634153 0.16005540572634153
v -0.9665657969976671 0.15674640781457405 0.15674640781457408
v -0.967715680366985 0.1534312218230189 0.15343122182301894
v -0.9688409613187774 0.15010997862954206 0.1501099786295421
v -0.9699415954288785 0.14678280935113888 0.1467828093511389
v -0.9710175392461387 0.14344984533875443 0.14344984533875446
v -0.9720687502941379 0.14011121817210195 0.14011121817210195
v -0.9730951870728642 0.1367670596544649 0.1367670596544649
v -0.9740968090603512 0.1334175018074949 0.13341750180749493
v -0.975073576714278 0.1300626768660014 0.13006267686600143
v -0.9760254514735296 0.1267027172727277 0.12670271727272772
v -0.9769523957597207 0.12333775567312638 0.1233377556731264
v -0.9778543729786782 0.11996792491011864 0.11996792491011866
v -0.9787313475218854 0.11659335801885395 0.11659335801885397
v -0.9795832847678896 0.11321418822145397 0.11321418822145399
v -0.9804101510836667 0.10983054892175725 0.10983054892175727
v -0.9812119138259504 0.10644257370004913 0.10644257370004914
v -0.9819885413425206 0.1030503963077897 0.10305039630778971
v -0.9827400029734527 0.09965415066233509 0.0996541506623351
v -0.9834662690523281 0.09625397084164705 0.09625397084164707
v -0.9841673109074057 0.09284999107900388 0.0928499910790039
v -0.9848431008627535 0.08944234575769706 0.08944234575769708
v -0.9854936122393411 0.08603116940573007 0.08603116940573008
v -0.9861188193560932 0.0826165966905034 0.08261659669050342
v -0.9867186975309032 0.07919876241350214 0.07919876241350216
v -0.9872932230816083 0.07577780150497081 0.07577780150497082
v -0.9878423733269232 0.07235384901858795 0.07235384901858796
v -0.9883661265873366 0.06892704012613594 0.06892704012613596
v -0.9888644621859666 0.06549751011216129 0.06549751011216129
v -0.9893373604493769 0.06206539436863758 0.06206539436863759
v -0.9897848027083541 0.05863082838961718 0.05863082838961719
v -0.9902067712986438 0.05519394776588352 0.05519394776588353
v -0.9906032495616486 0.05175488817959926 0.051754888179599265
v -0.9909742218450857 0.04831378539894869 0.0483137853989487
v -0.991319673503604 0.04487077527277704 0.044870775272777046
v -0.991639590899364 0.041425993725228205 0.04142599372522821
v -0.9919339614025747 0.037979576750380245 0.037979576750380245
v -0.9922027733919926 0.034531660406873145 0.034531660406873145
v -0.9924460162553808 0.031082380812541343 0.031082380812541346
v -0.992663680389927 0.02763187413903662 0.027631874139036623
v -0.9928557572026246 0.024180276606453745 0.024180276606453752
v -0.9930222391106094 0.02072772447795372 0.020727724477953725
v -0.993163119541461 0.01727435405438334 0.017274354054383344
v -0.993278392933461 0.013820301668893323 0.013820301668893325
v -0.9933680547358135 0.010365703681557079 0.01036570368155708
v -0.9934321014088239 0.0069106964739889 0.006910696473988901
v -0.9934705304240392 0.0034554164439564495 0.00345541644395645
v -0.9934833402643479 -1.0102421759732026e-16 -1.0102421759732027e-16
v -0.9934705304240392 -0.003455416443956651 -0.0034554164439566516
v -0.9934321014088239 -0.0069106964739891015 -0.006910696473989102
v -0.9933680547358135 -0.010365703681557769 -0.01036570368155777
v -0.993278392933461 -0.013820301668893526 -0.01382030166889353
v -0.993163119541461 -0.01727435405438354 -0.017274354054383545
v -0.9930222391106094 -0.02072772447795441 -0.020727724477954415
v -0.9928557572026246 -0.024180276606453954 -0.024180276606453957
v -0.992663680389927 -0.027631874139036828 -0.02763187413903683
v -0.9924460162553808 -0.031082380812541544 -0.031082380812541548
v -0.9922027733919926 -0.034531660406873346 -0.03453166040687335
v -0.9919339614025747 -0.037979576750380446 -0.03797957675038045
v -0.9916395908993639 -0.04142599372522889 -0.0414259937252289
v -0.991319673503604 -0.04487077527277724 -0.04487077527277725
v -0.9909742218450857 -0.0483137853989489 -0.04831378539894891
v -0.9906032495616486 -0.051754888179599945 -0.05175488817959995
v -0.9902067712986438 -0.055193947765883725 -0.05519394776588373
v -0.9897848027083541 -0.058630828389617376 -0.05863082838961738
v -0.9893373604493769 -0.062065394368637776 -0.06206539436863778
v -0.9888644621859666 -0.06549751011216148 -0.0654975101121615
v -0.9883661265873366 -0.06892704012613615 -0.06892704012613615
v -0.9878423733269232 -0.07235384901858816 -0.07235384901858816
v -0.9872932230816083 -0.075777801504971 -0.07577780150497102
v -0.9867186975309032 -0.07919876241350235 -0.07919876241350236
v -0.986118819356093 -0.08261659669050408 -0.0826165966905041
v -0.985493612239341 -0.08603116940573027 -0.08603116940573029
v -0.9848431008627534 -0.08944234575769776 -0.08944234575769777
v -0.9841673109074057 -0.09284999107900407 -0.09284999107900409
v -0.9834662690523281 -0.09625397084164725 -0.09625397084164726
v -0.9827400029734525 -0.09965415066233528 -0.0996541506623353
v -0.9819885413425206 -0.1030503963077899 -0.10305039630778991
v -0.9812119138259503 -0.10644257370004932 -0.10644257370004934
v -0.9804101510836665 -0.10983054892175745 -0.10983054892175746
v -0.9795832847678895 -0.11321418822145464 -0.11321418822145465
v -0.9787313475218854 -0.11659335801885415 -0.11659335801885416
v -0.9778543729786779 -0.1199679249101193 -0.11996792491011933
v -0.9769523957597207 -0.12333775567312658 -0.1233377556731266
v -0.9760254514735296 -0.12670271727272792 -0.12670271727272794
v -0.9750735767142779 -0.1300626768660016 -0.13006267686600162
v -0.9740968090603512 -0.1334175018074951 -0.13341750180749512
v -0.9730951870728642 -0.1367670596544651 -0.1367670596544651
v -0.9720687502941379 -0.14011121817210215 -0.14011121817210218
v -0.9710175392461387 -0.1434498453387546 -0.14344984533875463
v -0.9699415954288784 -0.14678280935113905 -0.14678280935113908
v -0.9688409613187772 -0.15010997862954273 -0.15010997862954276
v -0.967715680366985 -0.15343122182301913 -0.15343122182301916
v -0.9665657969976671 -0.15674640781457427 -0.1567464078145743
v -0.9653913566062493 -0.16005540572634216 -0.1600554057263422
v -0.9641924055576283 -0.1633580849247503 -0.16335808492475032
v -0.9629689911843378 -0.1666543150256799 -0.16665431502567993
v -0.961721161784683 -0.1699439658996097 -0.16994396589960972
v -0.9604489666208318 -0.17322690767675653 -0.17322690767675653
v -0.9591524559168705 -0.17650301075220065 -0.17650301075220068
v -0.9578316808568221 -0.1797721457910019 -0.17977214579100192
v -0.9564866935826245 -0.183034183733306 -0.18303418373330604
v -0.9551175471920723 -0.18628899579944105 -0.18628899579944108
v -0.9537242957367202 -0.18953645349500028 -0.1895364534950003
v -0.9523069942197506 -0.19277642861591346 -0.19277642861591351
v -0.9508656985938002 -0.19600879325351145 -0.19600879325351148
v -0.9494004657587527 -0.19923341979957213 -0.19923341979957215
v -0.9479113535594915 -0.2024501809513614 -0.20245018095136144
v -0.946398420783616 -0.20565894971665738 -0.2056589497166574
v -0.9448617271591221 -0.2088595994187631 -0.20885959941876311
v -0.943301333352043 -0.2120520037015082 -0.21205200370150823
v -0.941717300964054 -0.21523603653423837 -0.2152360365342384
v -0.9401096925300415 -0.21841157221678975 -0.2184115722167898
v -0.9384785715156341 -0.22157848538445007 -0.2215784853844501
v -0.9368240023146961 -0.224736651012911 -0.22473665101291102
v -0.935146050246787 -0.22788594442320023 -0.22788594442320026
v -0.933444781554581 -0.2310262412866069 -0.23102624128660693
v -0.9317202634012528 -0.23415741762958833 -0.23415741762958836
v -0.9299725638678267 -0.23727934983866342 -0.23727934983866344
v -0.9282017519504877 -0.2403919146652938 -0.24039191466529386
v -0.926407897557858 -0.24349498923075005 -0.24349498923075008
v -0.9245910715082375 -0.2465884510309617 -0.24658845103096172
v -0.9227513455268075 -0.24967217794135413 -0.24967217794135418
v -0.9208887922427997 -0.2527460482216687 -0.25274604822166874
v -0.9190034851866291 -0.25580994052076955 -0.2558099405207696
v -0.9170954987869899 -0.2588637338814354 -0.25886373388143546
v -0.9151649083679175 -0.2619073077451338 -0.2619073077451339
v -0.9132117901458163 -0.26494054195677963 -0.2649405419567797
v -0.9112362212264502 -0.2679633167694794 -0.2679633167694794
v -0.9092382796018966 -0.27097551284925975 -0.27097551284925975
v -0.9072180441474701 -0.2739770112797772 -0.27397701127977725
v -0.9051755946186066 -0.2769676935670136 -0.2769676935670136
v -0.903111011647717 -0.2799474416439525 -0.2799474416439526
v -0.901024376741002 -0.28291613787524184 -0.2829161378752419
v -0.8989157722752343 -0.2858736650618378 -0.28587366506183787
v -0.8967852814945078 -0.28881990644563166 -0.2888199064456317
v -0.8946329885069506 -0.29175474571405796 -0.291754745714058
v -0.8924589782814047 -0.2946780670046872 -0.29467806700468724
v -0.8902633366440713 -0.2975897549098007 -0.2975897549098007
v -0.8880461502751225 -0.30048969448094576 -0.30048969448094576
v -0.8858075067052795 -0.30337777123347376 -0.30337777123347376
v -0.8835474943123576 -0.30625387115105945 -0.3062538711510595
v -0.8812662023177765 -0.30911788069020235 -0.3091178806902024
v -0.8789637207830377 -0.31196968678471015 -0.3119696867847102
v -0.8766401406061695 -0.3148091768501618 -0.3148091768501618
v -0.8742955535181387 -0.317636238788351 -0.31763623878835107
v -0.8719300520792297 -0.3204507609917128 -0.3204507609917129
v -0.8695437296753883 -0.3232526323477303 -0.32325263234773033
v -0.8671366805145371 -0.3260417422433198 -0.32604174224331983
v -0.864708999622855 -0.3288179805691988 -0.32881798056919886
v -0.8622607828410271 -0.33158123772423165 -0.3315812377242317
v -0.8597921268204602 -0.33433140461975663 -0.3343314046197567
v -0.8573031290194668 -0.33706837268389434 -0.3370683726838944
v -0.8547938876994179 -0.33979203386583234 -0.3397920338658324
v -0.8522645019208648 -0.34250228064009003 -0.3425022806400901
v -0.8497150715396266 -0.34519900601076636 -0.3451990060107664
v -0.8471456972028499 -0.3478821035157603 -0.3478821035157604
v -0.844556480345034 -0.3505514672309771 -0.35055146723097713
v -0.8419475231840261 -0.35320699177450826 -0.3532069917745083
v -0.8393189287169884 -0.3558485723107913 -0.35584857231079137
v -0.8366708007163302 -0.35847610455474954 -0.3584761045547496
v -0.8340032437256095 -0.3610894847759096 -0.36108948477590963
v -0.8313163630554092 -0.36368860980249484 -0.3636886098024949
v -0.8286102647791777 -0.36627337702549956 -0.3662733770254996
v -0.8258850557290409 -0.36884368440273996 -0.36884368440274
v -0.8231408434915861 -0.3713994304628818 -0.3713994304628819
v -0.8203777364036134 -0.3739405143094466 -0.37394051430944664
v -0.8175958435478596 -0.37646683562479516 -0.3764668356247952
v -0.8147952747486913 -0.37897829467408767 -0.3789782946740877
v -0.8119761405677692 -0.3814747923092213 -0.3814747923092214
v -0.8091385522996837 -0.383956229972744 -0.38395622997274403
v -0.8062826219675612 -0.3864225097017456 -0.38642250970174563
v -0.8034084623186404 -0.38887353413172565 -0.3888735341317257
v -0.8005161868198234 -0.3913092065004363 -0.3913092065004364
v -0.7976059096531943 -0.393729430651703 -0.39372943065170307
v -0.7946777457115126 -0.3961341110392204 -0.39613411103922047
v -0.791731810593677 -0.3985231527303241 -0.3985231527303242
v -0.7887682206001613 -0.40089646140973906 -0.4008964614097391
v -0.7857870927284243 -0.40325394338330217 -0.4032539433833022
v -0.7827885446682898 -0.4055955055816617 -0.40559550558166174
v -0.7797726947973009 -0.4079210555639518 -0.40792105556395186
v -0.7767396621760464 -0.4102305015214409 -0.41023050152144097
v -0.7736895665434609 -0.41252375228115723 -0.4125237522811573
v -0.7706225283120973 -0.41480071730948714 -0.4148007173094872
v -0.7675386685633736 -0.4170613067157503 -0.41706130671575037
v -0.7644381090427919 -0.41930543125574765 -0.4193054312557477
v -0.7613209721551334 -0.421533002335285 -0.42153300233528507
v -0.7581873809596249 -0.42374393201367017 -0.4237439320136702
v -0.7550374591650815 -0.4259381330071852 -0.42593813300718525
v -0.7518713311250215 -0.4281155186925321 -0.42811551869253217
v -0.748689121832759 -0.4302760031102521 -0.43027600311025216
v -0.745490956916468 -0.43241950096812004 -0.4324195009681201
v -0.7422769626342235 -0.4345459276445104 -0.43454592764451044
v -0.7390472658690161 -0.43665519919173923 -0.43665519919173934
v -0.7358019941237444 -0.4387472323393774 -0.43874723233937746
v -0.7325412755161796 -0.4408219444975384 -0.4408219444975385
v -0.7292652387739098 -0.44287925376013854 -0.4428792537601386
v -0.7259740132292554 -0.44491907890813115 -0.4449190789081312
v -0.7226677288141656 -0.44694133941271197 -0.4469413394127121
v -0.7193465160550881 -0.44894595543849886 -0.44894595543849897
v -0.7160105060678157 -0.45093284784668375 -0.4509328478466838
v -0.7126598305523103 -0.45290193819815633 -0.45290193819815644
v -0.7092946217875042 -0.4548531487566011 -0.45485314875660116
v -0.7059150126260774 -0.4567864024915663 -0.4567864024915664
v -0.7025211364892123 -0.4587016230815048 -0.45870162308150486
v -0.6991131273613284 -0.4605987349167868 -0.46059873491678693
v -0.6956911197847896 -0.46247766310268595 -0.462477663102686
v -0.6922552488545961 -0.46433833346233433 -0.4643383334623344
v -0.6888056502130492 -0.4661806725396521 -0.4661806725396522
v -0.6853424600443963 -0.46800460760224727 -0.4680046076022473
v -0.6818658150694554 -0.46981006664428654 -0.4698100666442866
v -0.6783758525402175 -0.47159697838933823 -0.4715969783893383
v -0.674872710234427 -0.47336527229318665 -0.47336527229318676
v -0.6713565264501443 -0.475114878546616 -0.47511487854661605
v -0.6678274400002839 -0.47684572807816733 -0.4768457280781674
v -0.6642855902071365 -0.47855775255686483 -0.4785577525568649
v -0.6607311168968673 -0.4802508843949134 -0.4802508843949135
v -0.6571641603939962 -0.4819250567503674 -0.48192505675036745
v -0.6535848615158583 -0.48358020352976877 -0.4835802035297688
v -0.6499933615670447 -0.48521625939075674 -0.4852162593907568
v -0.6463898023338237 -0.48683315974464725 -0.48683315974464736
v -0.6427743260785439 -0.48843084075898274 -0.4884308407589828
v -0.6391470755340165 -0.49000923936005275 -0.49000923936005286
v -0.6355081938978826 -0.4915682932353831 -0.4915682932353832
v -0.6318578248269582 -0.4931079408361963 -0.49310794083619636
v -0.6281961124315639 -0.49462812137984125 -0.4946281213798413
v -0.6245232012698352 -0.4961287748521931 -0.49612877485219314
v -0.6208392363420159 -0.49760984201002234 -0.4976098420100224
v -0.6171443630847331 -0.4990712643833335 -0.49907126438333355
v -0.6134387273652564 -0.5005129842776738 -0.5005129842776739
v -0.6097224754757395 -0.5019349447764101 -0.5019349447764102
v -0.605995754127443 -0.5033370897429771 -0.5033370897429772
v -0.6022587104449448 -0.5047193638230922 -0.5047193638230922
v -0.5985114919603307 -0.5060817124469414 -0.5060817124469416
v -0.5947542466073703 -0.507424081831334 -0.5074240818313341
v -0.5909871227156764 -0.508746418981825 -0.5087464189818252
v -0.5872102690048503 -0.5100486716948082 -0.5100486716948083
v -0.5834238345786092 -0.5113307885595759 -0.511330788559576
v -0.5796279689189012 -0.5125927189603499 -0.5125927189603499
v -0.5758228218800026 -0.5138344130782786 -0.5138344130782786
v -0.572008543682603 -0.5150558218934044 -0.5150558218934045
v -0.5681852849078748 -0.5162568971865987 -0.5162568971865988
v -0.5643531964915277 -0.5174375915414655 -0.5174375915414656
v -0.560512429717851 -0.5185978583462134 -0.5185978583462135
v -0.5566631362137404 -0.5197376517954955 -0.5197376517954955
v -0.5528054679427126 -0.520856926892218 -0.5208569268922181
v -0.5489395771989052 -0.5219556394493168 -0.5219556394493169
v -0.5450656166010658 -0.5230337460915012 -0.5230337460915013
v -0.5411837390865248 -0.5240912042569673 -0.5240912042569673
v -0.5372940979051603 -0.5251279721990773 -0.5251279721990773
v -0.5333968466133455 -0.5261440089880077 -0.5261440089880078
v -0.5294921390678885 -0.5271392745123663 -0.5271392745123663
v -0.5255801294199574 -0.5281137294807741 -0.5281137294807742
v -0.5216609721089943 -0.5290673354234176 -0.5290673354234177
v -0.5177348218566195 -0.5300000546935669 -0.530000054693567
v -0.5138018336605223 -0.5309118504690623 -0.5309118504690624
v -0.5098621627883422 -0.531802686753768 -0.5318026867537681
v -0.5059159647715393 -0.5326725283789927 -0.5326725283789927
v -0.5019633953992545 -0.5335213410048784 -0.5335213410048785
v -0.49800461071215874 -0.5343490911217561 -0.5343490911217562
v -0.4940397669962928 -0.5351557460514685 -0.5351557460514687
v -0.49006902077689796 -0.5359412739486602 -0.5359412739486603
v -0.48609252881223575 -0.5367056438020349 -0.536705643802035
v -0.48211044808740044 -0.5374488254355795 -0.5374488254355796
v -0.47812293580811993 -0.5381707895097557 -0.5381707895097558
v -0.4741301493945518 -0.538871507522658 -0.5388715075226581
v -0.4701322464750668 -0.5395509518111392 -0.5395509518111393
v -0.46612938488002664 -0.5402090955519021 -0.5402090955519022
v -0.4621217226355532 -0.5408459127625587 -0.5408459127625588
v -0.45810941795728954 -0.5414613783026561 -0.5414613783026562
v -0.4540926292441543 -0.5420554678746684 -0.5420554678746684
v -0.450071515072088 -0.5426281580249566 -0.5426281580249567
v -0.4460462341877932 -0.5431794261446942 -0.5431794261446943
v -0.44201694550246623 -0.5437092504707597 -0.5437092504707598
v -0.43798380808552545 -0.5442176100865961 -0.5442176100865961
v -0.4339469811583303 -0.5447044849230359 -0.544704484923036
v -0.4299066240878956 -0.5451698557590946 -0.5451698557590947
v -0.42586289638060015 -0.5456137042227281 -0.5456137042227283
v -0.4218159576758903 -0.5460360127915593 -0.5460360127915594
v -0.4177659677399763 -0.546436764793569 -0.5464367647935691
v -0.4137130864595265 -0.546815944407754 -0.5468159444077542
v -0.40965747383535367 -0.5471735366647528 -0.5471735366647529
v -0.40559928997610006 -0.5475095274474352 -0.5475095274474352
v -0.4015386950919159 -0.5478239034914605 -0.5478239034914606
v -0.3974758494881342 -0.5481166523858005 -0.5481166523858007
v -0.39341091355894275 -0.5483877625732306 -0.5483877625732307
v -0.3893440477810518 -0.5486372233507846 -0.5486372233507847
v -0.38527541270735854 -0.5488650248701779 -0.548865024870178
v -0.3812051689606093 -0.5490711581381968 -0.549071158138197
v -0.3771334772270578 -0.5492556150170529 -0.549255615017053
v -0.3730604982501215 -0.5494183882247043 -0.5494183882247045
v -0.36898639282403656 -0.5495594713351437 -0.5495594713351437
v -0.3649113217875091 -0.5496788587786513 -0.5496788587786514
v -0.3608354460173662 -0.5497765458420152 -0.5497765458420152
v -0.3567589264222042 -0.5498525286687175 -0.5498525286687176
v -0.3526819239360365 -0.5499068042590863 -0.5499068042590863
v -0.34860459951194034 -0.5499393704704142 -0.5499393704704143
v -0.34452711411570286 -0.549950226017043 -0.549950226017043
v -0.3404496287194653 -0.5499393704704142 -0.5499393704704143
v -0.3363723042953692 -0.5499068042590863 -0.5499068042590863
v -0.33229530180920147 -0.5498525286687175 -0.5498525286687176
v -0.32821878221403944 -0.5497765458420152 -0.5497765458420152
v -0.32414290644389654 -0.5496788587786513 -0.5496788587786514
v -0.32006783540736916 -0.5495594713351437 -0.5495594713351437
v -0.31599372998128417 -0.5494183882247043 -0.5494183882247045
v -0.31192075100434785 -0.5492556150170529 -0.549255615017053
v -0.3078490592707964 -0.5490711581381968 -0.549071158138197
v -0.30377881552404706 -0.5488650248701779 -0.548865024870178
v -0.29971018045035386 -0.5486372233507846 -0.5486372233507847
v -0.2956433146724629 -0.5483877625732306 -0.5483877625732307
v -0.29157837874327147 -0.5481166523858005 -0.5481166523858007
v -0.2875155331394898 -0.5478239034914605 -0.5478239034914606
v -0.28345493825530554 -0.5475095274474352 -0.5475095274474352
v -0.27939675439605205 -0.5471735366647528 -0.5471735366647529
v -0.2753411417718792 -0.546815944407754 -0.5468159444077542
v -0.2712882604914294 -0.546436764793569 -0.546436764793569
v -0.2672382705555154 -0.5460360127915593 -0.5460360127915594
v -0.26319133185080545 -0.5456137042227281 -0.5456137042227283
v -0.2591476041435102 -0.5451698557590946 -0.5451698557590947
v -0.2551072470730754 -0.5447044849230359 -0.544704484923036
v -0.2510704201458802 -0.5442176100865961 -0.5442176100865961
v -0.24703728272893943 -0.5437092504707597 -0.5437092504707598
v -0.2430079940436125 -0.543179426144694 -0.5431794261446942
v -0.23898271315931768 -0.5426281580249566 -0.5426281580249567
v -0.23496159898725139 -0.5420554678746683 -0.5420554678746684
v -0.23094481027411617 -0.5414613783026561 -0.5414613783026562
v -0.22693250559585254 -0.5408459127625587 -0.5408459127625588
v -0.22292484335137908 -0.5402090955519021 -0.5402090955519022
v -0.2189219817563389 -0.5395509518111392 -0.5395509518111393
v -0.21492407883685388 -0.538871507522658 -0.5388715075226581
v -0.21093129242328573 -0.5381707895097556 -0.5381707895097557
v -0.20694378014400527 -0.5374488254355795 -0.5374488254355796
v -0.20296169941916994 -0.5367056438020349 -0.536705643802035
v -0.1989852074545077 -0.5359412739486602 -0.5359412739486603
v -0.19501446123511282 -0.5351557460514685 -0.5351557460514687
v -0.19104961751924698 -0.5343490911217561 -0.5343490911217562
v -0.18709083283215117 -0.5335213410048784 -0.5335213410048784
v -0.1831382634598664 -0.5326725283789926 -0.5326725283789927
v -0.1791920654430635 -0.531802686753768 -0.5318026867537681
v -0.17525239457088326 -0.5309118504690623 -0.5309118504690624
v -0.1713194063747862 -0.5300000546935669 -0.530000054693567
v -0.16739325612241135 -0.5290673354234176 -0.5290673354234176
v -0.16347409881144834 -0.5281137294807741 -0.5281137294807741
v -0.15956208916351713 -0.5271392745123663 -0.5271392745123663
v -0.1556573816180602 -0.5261440089880077 -0.5261440089880078
v -0.15176013032624547 -0.5251279721990771 -0.5251279721990773
v -0.14787048914488077 -0.5240912042569673 -0.5240912042569673
v -0.1439886116303399 -0.5230337460915012 -0.5230337460915013
v -0.14011465103250048 -0.5219556394493168 -0.5219556394493169
v -0.13624876028869315 -0.520856926892218 -0.5208569268922181
v -0.13239109201766522 -0.5197376517954955 -0.5197376517954955
v -0.12854179851355466 -0.5185978583462133 -0.5185978583462134
v -0.12470103173987798 -0.5174375915414655 -0.5174375915414655
v -0.12086894332353093 -0.5162568971865987 -0.5162568971865987
v -0.11704568454880268 -0.5150558218934044 -0.5150558218934044
v -0.11323140635140308 -0.5138344130782786 -0.5138344130782786
v -0.10942625931250438 -0.5125927189603499 -0.5125927189603499
v -0.10563039365279639 -0.5113307885595758 -0.5113307885595759
v -0.10184395922655534 -0.510048671694808 -0.5100486716948082
v -0.09806710551572917 -0.508746418981825 -0.5087464189818252
v -0.09429998162403541 -0.507424081831334 -0.507424081831334
v -0.09054273627107495 -0.5060817124469414 -0.5060817124469414
v -0.08679551778646089 -0.5047193638230921 -0.5047193638230922
v -0.08305847410396267 -0.503337089742977 -0.5033370897429771
v -0.07933175275566617 -0.5019349447764101 -0.5019349447764101
v -0.07561550086614921 -0.5005129842776737 -0.5005129842776738
v -0.07190986514667264 -0.4990712643833335 -0.49907126438333355
v -0.06821499188938984 -0.4976098420100223 -0.49760984201002234
v -0.06453102696157048 -0.496128774852193 -0.4961287748521931
v -0.060858115799841794 -0.4946281213798412 -0.49462812137984125
v -0.05719640340444748 -0.4931079408361962 -0.4931079408361963
v -0.053546034333523174 -0.4915682932353831 -0.4915682932353832
v -0.04990715269738916 -0.49000923936005275 -0.49000923936005286
v -0.04627990215286182 -0.48843084075898274 -0.4884308407589828
v -0.04266442589758196 -0.4868331597446472 -0.48683315974464725
v -0.03906086666436098 -0.48521625939075663 -0.48521625939075674
v -0.0354693667155474 -0.48358020352976877 -0.4835802035297688
v -0.03189006783740961 -0.4819250567503673 -0.4819250567503674
v -0.02832311133453841 -0.4802508843949133 -0.4802508843949134
v -0.025793520355506742 -0.47909982541158713 -0.47895136143497224
v -0.023118978140778342 -0.4778788242559208 -0.47756972114842505
v -0.020304203600997536 -0.4765858060981193 -0.4761068619771666
v -0.01735391564680857 -0.4752186961083875 -0.4745636823630916
v -0.014272833188855678 -0.4737754194569305 -0.4729410807480947
v -0.011065675137783202 -0.4722539013139532 -0.47123995557407067
v -0.007737160404235378 -0.47065206684966054 -0.4694612052829143
v -0.004292007898856438 -0.46896784123425755 -0.46760572831652014
v -0.0007349365322907343 -0.4671991496379492 -0.4656744231167831
v 0.0029293347848175014 -0.46534391723094043 -0.46366818812559774
v 0.006696087141824042 -0.4634000691834361 -0.46158792178485886
v 0.010560601628084532 -0.46136553066564145 -0.4594345225364612
v 0.014518159332954743 -0.4592382268477612 -0.45720888882229943
v 0.018564041345790434 -0.4570160829000004 -0.45491191908426826
v 0.022693528755947268 -0.45469702399256406 -0.45254451176426247
v 0.026901902652781 -0.45227897529565714 -0.4501075653041767
v 0.031184444125647408 -0.44975986197948453 -0.44760197814590574
v 0.03553643426390213 -0.44713760921425133 -0.4450286487313443
v 0.03995315415690094 -0.4444101421701624 -0.4423884755023871
v 0.04442988489399963 -0.4415753860174227 -0.4396823569009288
v 0.048961907564553805 -0.4386312659262373 -0.4369111913688642
v 0.05354450325791926 -0.4355757070668111 -0.43407587734808795
v 0.05817295306345177 -0.432406634609349 -0.4311773132804948
v 0.06284253807050696 -0.42912197372405614 -0.42821639760797947
v 0.06754853936844062 -0.4257196495811374 -0.42519402877243667
v 0.07228623804660851 -0.42219758735079765 -0.4221111052157612
v 0.07705091519436624 -0.41855371220324206 -0.41896852537984763
v 0.08183785190106964 -0.41478594930867546 -0.41576718770659077
v 0.08664232925607447 -0.41089222383730284 -0.41250799063788535
v 0.09145962834873633 -0.4068704609593292 -0.409191832615626
v 0.09628503026841105 -0.4027185858449595 -0.4058196120817076
v 0.10111381610445438 -0.3984345236643987 -0.4023922274780247
v 0.10594096868404232 -0.39401673412220806 -0.39891080976034915
v 0.11076027778563302 -0.38946581506037403 -0.3953774199399604
v 0.11556523492550477 -0.38478289885523936 -0.39179435154201503
v 0.12034933161993586 -0.379969117883147 -0.3881638980916696
v 0.12510605938520483 -0.3750256045204395 -0.38448835311408064
v 0.12982890973758998 -0.36995349114345966 -0.3807700101344047
v 0.1345113741933696 -0.36475391012855046 -0.37701116267779844
v 0.13914694426882224 -0.3594279938520544 -0.3732141042694182
v 0.14372911148022616 -0.35397687469031425 -0.3693811284344206
v 0.1482513673438597 -0.3484016850196731 -0.36551452869796236
v 0.1527072033760014 -0.34270355721647333 -0.3616165985851998
v 0.15709011109292959 -0.33688362365705793 -0.3576896316212895
v 0.16139358201092247 -0.3309430167177697 -0.3537359213313882
v 0.16561110764625864 -0.3248828687749512 -0.3497577612406522
v 0.16973617951521638 -0.31870431220494533 -0.3457574448742382
v 0.17376228913407402 -0.312408479384095 -0.34173726575730273
v 0.17768292801911006 -0.3059965026887427 -0.33769951741500226
v 0.1814915876866028 -0.2994695144952313 -0.3336464933724934
v 0.18518175965283057 -0.29282864717990376 -0.3295804871549327
v 0.1887469354340719 -0.28607503311910254 -0.32550379228747667
v 0.19218060654660507 -0.27920980468917056 -0.32141870229528186
v 0.19547626450670835 -0.27223409426645073 -0.31732751070350496
v 0.19862740083066036 -0.2651490342272854 -0.3132325110373022
v 0.2016275070347393 -0.25795575694801776 -0.30913599682183046
v 0.2044700746352236 -0.25065539480499055 -0.3050402615822462
v 0.20714859514839165 -0.24324908017454622 -0.30094759884370575
v 0.2096565600905218 -0.23573794543302776 -0.2968603021313658
v 0.21198746097789242 -0.22812312295677803 -0.29278066497038313
v 0.21413478932678193 -0.22040574512213953 -0.28871098088591396
v 0.2160920366534687 -0.21258694430545522 -0.2846535434031149
v 0.2178526944742311 -0.20466785288306796 -0.28061064604714264
v 0.2194102543053475 -0.19664960323132022 -0.2765845823431536
v 0.22075970464500796 -0.18853467011311775 -0.27257698173913364
v 0.22190202191904898 -0.18033089783761788 -0.2685868173743858
v 0.22283967953521888 -0.1720474731005402 -0.264612398311042
v 0.22357515090126584 -0.16369358259760475 -0.26065203361123457
v 0.2241109094249381 -0.15527841302453174 -0.2567040323370959
v 0.22444942851398395 -0.14681115107704074 -0.2527667035507578
v 0.22459318157615155 -0.13830098345085182 -0.24883835631435275
v 0.22454464201918917 -0.12975709684168518 -0.24491729969001294
v 0.22430628325084503 -0.12118867794526032 -0.2410018427398704
v 0.22388057867886735 -0.11260491345729745 -0.23709029452605745
v 0.22327000171100442 -0.10401499007351664 -0.2331809641107063
v 0.2224770257550044 -0.09542809448963749 -0.229272160555949
v 0.22150412421861557 -0.08685341340138013 -0.2253621929239179
v 0.22035377050958613 -0.07830013350446467 -0.22144937027674516
v 0.21902843803566435 -0.06977744149461074 -0.2175320016765629
v 0.2175306002045984 -0.06129452406753838 -0.21360839618550337
v 0.21586273042413662 -0.05286056791896776 -0.2096768628656988
v 0.21402730210202714 -0.04448475974461849 -0.2057357107792813
v 0.21202678864601823 -0.03617628624021069 -0.20178324898838307
v 0.20986366346385815 -0.027944334101464435 -0.19781778655513646
v 0.20754039996329507 -0.019798090024099352 -0.19383763254167347
v 0.20505947155207727 -0.011746740703835551 -0.18984109601012633
v 0.20242335163795303 -0.0037994728363931474 -0.1858264860226274
v 0.19963451362867043 0.004034526882508244 -0.18179211164130865
v 0.19669543093197783 0.011746071757148507 -0.17773628192830238
v 0.19360857695562347 0.019325975091807557 -0.17365730594574086
v 0.1903764251073555 0.026765050190765777 -0.1695534927557561
v 0.18700144879492217 0.034054110358303025 -0.16542315142048042
v 0.18348612142607185 0.041183968898699214 -0.1612645910020461
v 0.17983291640855253 0.04814543911623473 -0.1570761205625851
v 0.1760443071501126 0.05492933431518948 -0.15285604916422976
v 0.17212276705850035 0.061526467799843276 -0.14860268586911235
v 0.16807103666560397 0.06792910894563595 -0.14431480365639573
v 0.1638929249998722 0.07413535141264363 -0.13999303117336626
v 0.15959250821389398 0.080144744932102 -0.13563846098434115
v 0.15517386246025794 0.08595683923524708 -0.13125218565363742
v 0.150641063891553 0.09157118405331449 -0.12683529774557223
v 0.14599818866036804 0.09698732911753985 -0.12238888982446286
v 0.14124931291929171 0.10220482415915916 -0.11791405445462622
v 0.13639851282091292 0.10722321890940803 -0.11341188420037954
v 0.13144986451782056 0.11204206309952214 -0.10888347162604008
v 0.12640744416260327 0.11666090646073743 -0.10432990929592476
v 0.12127532790784995 0.12107929872428955 -0.0997522897743508
v 0.11605759190614952 0.12529678962141413 -0.09515170562563544
v 0.11075831231009059 0.12931292888334714 -0.09052924941409564
v 0.10538156527226208 0.13312726624132423 -0.08588601370404861
v 0.09993142694525292 0.13673935142658108 -0.08122309105981158
v 0.0944119734816517 0.1401487341703536 -0.0765415740457015
v 0.08882728103404733 0.1433549642038774 -0.07184255522603561
v 0.08318142575502877 0.14635759125838824 -0.06712712716513111
v 0.07747848379718457 0.14915616506512197 -0.06239638242730497
v 0.07172253131310367 0.1517502353553143 -0.05765141357687441
v 0.06591764445537504 0.15413935186020086 -0.05289331317815665
v 0.0600678993765872 0.15632306431101758 -0.048123173795468654
v 0.05417737222932913 0.15830092243900012 -0.04334208799312764
v 0.04825013916618974 0.1600724759753842 -0.03855114833545083
v 0.0422902763397576 0.16163727465140568 -0.03375144738675517
v 0.036301859902621664 0.1629948681983002 -0.028944077711357888
v 0.030288966007370882 0.16414480634730352 -0.024130131873576238
v 0.024255670806593743 0.16508663882965147 -0.019310702437727145
v 0.01820605045287929 0.16581991537657975 -0.014486881968127835
v 0.012144181098816431 0.16634418571932408 -0.009659763029095547
v 0.006074138896993653 0.16665899958912025 -0.004830438184947189
v 2.7755575615628914e-17 0.166763906717204 -5.551115123125783e-17
v -0.006074158976297183 0.16665860681360217 0.004830458724734503
v -0.012144259562915453 0.1663433995035056 0.009659844241467066
v -0.018206222827594234 0.1658187343908963 0.014487062565714403
v -0.024255969838072988 0.16508506107975623 0.019311019712993267
v -0.0302894216620904 0.16414282917406742 0.0241306216988198
v -0.036302499367385936 0.1629924882778118 0.028944774538710746
v -0.042291124021699066 0.16163448799497127 0.033752384248182866
v -0.04825121669276847 0.16006927792952794 0.0385523568427523
v -0.054178698448333604 0.1582973076854637 0.043343598337935794
v -0.060069490356133945 0.15631902686676047 0.04812501474925011
v -0.06591951348390818 0.1541348850774004 0.052895512092211376
v -0.07172468889939575 0.1517453319213653 0.05765399638233635
v -0.07748093767033613 0.1491508170026371 0.062399373635141794
v -0.08318418086446802 0.14635178992519796 0.06713054986614382
v -0.0888303395495309 0.14334870029302976 0.07184643109085923
v -0.09441533479326417 0.14014199771011435 0.07654592332480471
v -0.09993508766340657 0.13673213178043392 0.08122793258349648
v -0.10538551922769755 0.13311955210797036 0.08589136488245121
v -0.11076255055387657 0.12930470829670543 0.09053512623718571
v -0.11606210270968233 0.12528804995062148 0.0951581226632161
v -0.12128009676285428 0.12107002667370027 0.09975926017605914
v -0.12641245378113186 0.11665108806992361 0.10433744479123157
v -0.13145509483225382 0.11203168374327384 0.10889158252424952
v -0.13640394098395958 0.10721226329773274 0.11342057939062979
v -0.14125491330398857 0.10219327633728208 0.11792334140588907
v -0.14600393286007954 0.09697517246590424 0.12239877458554355
v -0.15064692071997193 0.09155840128758101 0.12684578494510995
v -0.15517979795140516 0.08594341240629408 0.13126327850010505
v -0.159598485622118 0.08013065542602592 0.13565016126604496
v -0.1638989047998499 0.07412057995075827 0.1400053392584465
v -0.16807697655234022 0.06791363558447283 0.1443277184928263
v -0.17212862194732778 0.06151027193115208 0.14861620498470063
v -0.17605003001555844 0.054912395271054106 0.15287016871453885
v -0.17983846163980333 0.048127738589542224 0.15709083552262101
v -0.1834914456658396 0.04116549154825701 0.16127989521417938
v -0.18700651093944493 0.03403484380883813 0.16543903759444661
v -0.1903811863063969 0.026744985032925286 0.16956995246865555
v -0.1936130006124727 0.019305104882159044 0.17367432964203833
v -0.1966994827034499 0.011724393018179097 0.1777538589198277
v -0.19963816142510613 0.004012039102625084 0.18181023010725644
v -0.2024265656232186 -0.0038227672028623705 0.1858451330095567
v -0.20506222414356487 -0.0117708362366436 0.1898602574319613
v -0.20754266583192255 -0.019822978337078967 0.1938572931797029
v -0.20986541953406884 -0.02797000384252782 0.19783793005801376
v -0.21202801409578134 -0.03620272309135053 0.2018038578721266
v -0.21402797836283763 -0.04451194642190745 0.20575676642727414
v -0.21586284118101493 -0.05288848417255791 0.20969834552868863
v -0.21753013139609084 -0.06132314668166228 0.2136302849816028
v -0.21902737785384288 -0.06980674428758095 0.21755427459124937
v -0.22035210940004837 -0.0783300873286732 0.22147200416286056
v -0.22150185488048485 -0.08688398614329944 0.22538516350166912
v -0.22247414314092984 -0.09545925106982008 0.22929544241290778
v -0.2232665030271607 -0.10404669244659433 0.23320453070180877
v -0.22387646338495493 -0.11263712061198262 0.23711411817360478
v -0.22430155306009 -0.12122134590434537 0.24102589463352858
v -0.22453930089834337 -0.12979017866204184 0.24494154988681244
v -0.2245872357454925 -0.13833442922343242 0.24886277373868898
v -0.22444288644731486 -0.14684490792687743 0.252791255994391
v -0.22410378184958793 -0.15531242511073629 0.25672868645915076
v -0.22356745079808915 -0.16372779111336933 0.2606767549382009
v -0.22283142213859594 -0.1720818162731369 0.2646371512367743
v -0.22189322471688588 -0.1803653109283983 0.268611565160103
v -0.22075038737873634 -0.18856908541751405 0.2726016865134198
v -0.21940043896992475 -0.19668395007884432 0.2766092051019575
v -0.21784240494243864 -0.20470205868622088 0.2806351471233384
v -0.21608129717310506 -0.21262093875536567 0.28467788434474595
v -0.21412362414496103 -0.22043946123747302 0.28873512492575365
v -0.21197589434104372 -0.22815649708373623 0.29280457702593454
v -0.20964461624439018 -0.2357709172453496 0.2968839488048622
v -0.20713629833803734 -0.2432815926735074 0.3009709484221101
v -0.2044574491050225 -0.250687394319403 0.3050632840372513
v -0.2016145770283826 -0.25798719313423063 0.30915866380985935
v -0.19861419059115457 -0.2651798600691846 0.31325479589950783
v -0.19546279827637578 -0.2722642660754583 0.3173493884657697
v -0.19216690856708313 -0.2792392821042459 0.32144014966821854
v -0.18873302994631355 -0.2861037791067418 0.32552478766642795
v -0.1851676708971044 -0.29285662803413925 0.3296010106199709
v -0.18147733990249262 -0.2994966998376326 0.3336665266884209
v -0.17766854544551508 -0.30602286546841606 0.3377190440313515
v -0.1737477960092092 -0.31243399587768306 0.3417562708083358
v -0.1697216000766119 -0.3187289620166278 0.3457759151789473
v -0.16559646613076 -0.32490663483644455 0.34977568530275954
v -0.16137890265469104 -0.3309658852883268 0.3537532893393456
v -0.1570754181314418 -0.3369055843234687 0.35770643544827896
v -0.15269252104404923 -0.34272460289306445 0.36163283178913314
v -0.1482367198755507 -0.34842181194830757 0.3655301865214813
v -0.1437145231089832 -0.3539960824403924 0.3693962078048968
v -0.1391324392273835 -0.35944628532051287 0.37322860379895334
v -0.13449697671378907 -0.36477129153986265 0.3770250826632239
v -0.12981464405123683 -0.369969972049636 0.38078335255728196
v -0.12509194972276366 -0.37504119780102696 0.38450112164070116
v -0.12033540221140697 -0.3799838397452291 0.38817609807305453
v -0.11555151000020367 -0.3847967688334367 0.3918059900139155
v -0.11074678157219058 -0.38947885601684384 0.3953885056228577
v -0.10592772541040522 -0.3940289722466441 0.39892135305945414
v -0.10110084999788442 -0.3984459884740317 0.40240224048327844
v -0.0962723652902531 -0.4027293095065842 0.4058291082776041
v -0.09144728713348849 -0.4068804755774126 0.4092008257205049
v -0.08663033284615534 -0.41090156077601186 0.4125164943137553
v -0.08182621974681838 -0.41479463919187703 0.41577521555912944
v -0.07703966515404292 -0.4185617849145025 0.41897609095840127
v -0.07227538638639366 -0.42220507203338337 0.4221182220133451
v -0.06753810076243531 -0.42572657463801444 0.4252007102257352
v -0.0628325256007332 -0.4291283668178904 0.42822265709734547
v -0.05816337821985203 -0.43241252266250607 0.4311831641299502
v -0.053535375938356514 -0.43558111626135654 0.43408133282532374
v -0.04895323607481197 -0.4386362217039362 0.4369162646852399
v -0.044421675947783096 -0.44157991307974004 0.4396870612114731
v -0.03994541287583463 -0.44441426447826304 0.4423928239057975
v -0.03552916417753184 -0.4471413499889998 0.4450326542699871
v -0.031177647171439477 -0.44976324370144516 0.44760565380581613
v -0.026895579176122245 -0.45228201970509413 0.4501109240150589
v -0.022687677510145443 -0.45469975208944124 0.4525475663994894
v -0.01855865949207379 -0.45701851494398144 0.45491468246088185
v -0.01451324244047203 -0.45924038235820963 0.45721137370101045
v -0.010556143673905408 -0.46136742842162043 0.4594367416216493
v -0.006692080510938683 -0.46340172722370876 0.4615898877245726
v -0.0029257702701366017 -0.4653453528539695 0.46366991351155457
v 0.0007380697299356337 -0.4672003794018973 0.46567592048436923
v 0.004294722170713222 -0.4689688809569871 0.46760701014479084
v 0.007739469733631446 -0.47065293160873367 0.4694622839945936
v 0.01106759510012506 -0.4722546054466318 0.47124084353555157
v 0.014274380951629306 -0.47377597656017634 0.472941790269439
v 0.017355109969579424 -0.4752191190388621 0.4745642256980301
v 0.020305064835410225 -0.4765861069721839 0.47610725132309883
v 0.023119528230556935 -0.4778790144496365 0.47756996864641954
v 0.025793782836454754 -0.4790999155607148 0.4789514791697664
v 0.028323111334538575 -0.4802508843949135 0.4802508843949134
v 0.03189006783740972 -0.48192505675036745 0.4819250567503674
v 0.03546936671554757 -0.4835802035297688 0.48358020352976877
v 0.03906086666436115 -0.4852162593907568 0.48521625939075674
v 0.04266442589758207 -0.48683315974464736 0.48683315974464725
v 0.04627990215286193 -0.4884308407589828 0.48843084075898274
v 0.04990715269738927 -0.49000923936005286 0.49000923936005275
v 0.053546034333523285 -0.4915682932353832 0.4915682932353831
v 0.05719640340444765 -0.49310794083619636 0.4931079408361963
v 0.060858115799841905 -0.4946281213798413 0.49462812137984125
v 0.06453102696157059 -0.49612877485219314 0.4961287748521931
v 0.06821499188939001 -0.4976098420100224 0.49760984201002234
v 0.07190986514667275 -0.49907126438333355 0.4990712643833335
v 0.07561550086614938 -0.5005129842776739 0.5005129842776738
v 0.07933175275566634 -0.5019349447764102 0.5019349447764101
v 0.08305847410396283 -0.5033370897429772 0.5033370897429771
v 0.08679551778646105 -0.5047193638230922 0.5047193638230922
v 0.09054273627107512 -0.5060817124469416 0.5060817124469414
v 0.09429998162403558 -0.5074240818313341 0.507424081831334
v 0.09806710551572934 -0.5087464189818252 0.508746418981825
v 0.10184395922655551 -0.5100486716948083 0.5100486716948082
v 0.10563039365279658 -0.511330788559576 0.5113307885595759
v 0.10942625931250455 -0.5125927189603499 0.5125927189603499
v 0.11323140635140322 -0.5138344130782786 0.5138344130782786
v 0.11704568454880282 -0.5150558218934045 0.5150558218934044
v 0.12086894332353107 -0.5162568971865988 0.5162568971865987
v 0.12470103173987812 -0.5174375915414656 0.5174375915414655
v 0.1285417985135548 -0.5185978583462135 0.5185978583462134
v 0.13239109201766536 -0.5197376517954955 0.5197376517954955
v 0.1362487602886933 -0.5208569268922181 0.520856926892218
v 0.14011465103250065 -0.5219556394493169 0.5219556394493168
v 0.14398861163034007 -0.5230337460915013 0.5230337460915012
v 0.14787048914488096 -0.5240912042569673 0.5240912042569673
v 0.1517601303262456 -0.5251279721990773 0.5251279721990773
v 0.15565738161806034 -0.5261440089880078 0.5261440089880077
v 0.1595620891635173 -0.5271392745123663 0.5271392745123663
v 0.1634740988114485 -0.5281137294807742 0.5281137294807741
v 0.16739325612241152 -0.5290673354234177 0.5290673354234176
v 0.17131940637478635 -0.530000054693567 0.5300000546935669
v 0.17525239457088343 -0.5309118504690624 0.5309118504690623
v 0.17919206544306368 -0.5318026867537681 0.531802686753768
v 0.18313826345986653 -0.5326725283789927 0.5326725283789927
v 0.18709083283215133 -0.5335213410048785 0.5335213410048784
v 0.1910496175192471 -0.5343490911217562 0.5343490911217561
v 0.195014461235113 -0.5351557460514687 0.5351557460514685
v 0.19898520745450787 -0.5359412739486603 0.5359412739486602
v 0.20296169941917008 -0.536705643802035 0.5367056438020349
v 0.20694378014400544 -0.5374488254355796 0.5374488254355795
v 0.21093129242328587 -0.5381707895097558 0.5381707895097557
v 0.21492407883685402 -0.5388715075226581 0.538871507522658
v 0.21892198175633903 -0.5395509518111393 0.5395509518111392
v 0.2229248433513792 -0.5402090955519022 0.5402090955519021
v 0.22693250559585265 -0.5408459127625588 0.5408459127625587
v 0.23094481027411629 -0.5414613783026562 0.5414613783026561
v 0.23496159898725152 -0.5420554678746684 0.5420554678746684
v 0.23898271315931785 -0.5426281580249567 0.5426281580249566
v 0.24300799404361265 -0.5431794261446943 0.5431794261446942
v 0.2470372827289396 -0.5437092504707598 0.5437092504707597
v 0.2510704201458804 -0.5442176100865961 0.5442176100865961
v 0.2551072470730756 -0.544704484923036 0.5447044849230359
v 0.2591476041435103 -0.5451698557590947 0.5451698557590946
v 0.2631913318508056 -0.5456137042227283 0.5456137042227281
v 0.2672382705555155 -0.5460360127915594 0.5460360127915593
v 0.2712882604914295 -0.5464367647935691 0.546436764793569
v 0.27534114177187935 -0.5468159444077542 0.546815944407754
v 0.27939675439605216 -0.5471735366647529 0.5471735366647528
v 0.28345493825530577 -0.5475095274474352 0.5475095274474352
v 0.2875155331394899 -0.5478239034914606 0.5478239034914605
v 0.29157837874327164 -0.5481166523858007 0.5481166523858005
v 0.2956433146724631 -0.5483877625732307 0.5483877625732306
v 0.299710180450354 -0.5486372233507847 0.5486372233507846
v 0.30377881552404723 -0.548865024870178 0.5488650248701779
v 0.30784905927079653 -0.549071158138197 0.5490711581381968
v 0.311920751004348 -0.549255615017053 0.5492556150170529
v 0.31599372998128433 -0.5494183882247045 0.5494183882247043
v 0.32006783540736927 -0.5495594713351437 0.5495594713351437
v 0.3241429064438967 -0.5496788587786514 0.5496788587786513
v 0.3282187822140396 -0.5497765458420152 0.5497765458420152
v 0.33229530180920164 -0.5498525286687176 0.5498525286687175
v 0.33637230429536935 -0.5499068042590863 0.5499068042590863
v 0.3404496287194655 -0.5499393704704143 0.5499393704704142
v 0.34452711411570297 -0.549950226017043 0.549950226017043
v 0.3486045995119405 -0.5499393704704143 0.5499393704704142
v 0.35268192393603665 -0.5499068042590863 0.5499068042590863
v 0.35675892642220436 -0.5498525286687176 0.5498525286687175
v 0.3608354460173664 -0.5497765458420152 0.5497765458420152
v 0.3649113217875093 -0.5496788587786514 0.5496788587786513
v 0.36898639282403667 -0.5495594713351437 0.5495594713351437
v 0.37306049825012166 -0.5494183882247045 0.5494183882247043
v 0.377133477227058 -0.549255615017053 0.5492556150170529
v 0.3812051689606094 -0.549071158138197 0.5490711581381968
v 0.38527541270735877 -0.548865024870178 0.5488650248701779
v 0.38934404778105197 -0.5486372233507847 0.5486372233507846
v 0.39341091355894287 -0.5483877625732307 0.5483877625732306
v 0.39747584948813436 -0.5481166523858007 0.5481166523858005
v 0.401538695091916 -0.5478239034914606 0.5478239034914605
v 0.4055992899761003 -0.5475095274474352 0.5475095274474352
v 0.4096574738353538 -0.5471735366647529 0.5471735366647528
v 0.41371308645952665 -0.5468159444077542 0.546815944407754
v 0.41776596773997643 -0.546436764793569 0.546436764793569
v 0.4218159576758904 -0.5460360127915594 0.5460360127915593
v 0.4258628963806004 -0.5456137042227283 0.5456137042227281
v 0.42990662408789565 -0.5451698557590947 0.5451698557590946
v 0.4339469811583304 -0.544704484923036 0.5447044849230359
v 0.4379838080855256 -0.5442176100865961 0.5442176100865961
v 0.4420169455024664 -0.5437092504707598 0.5437092504707597
v 0.4460462341877933 -0.5431794261446942 0.543179426144694
v 0.4500715150720881 -0.5426281580249567 0.5426281580249566
v 0.45409262924415444 -0.5420554678746684 0.5420554678746683
v 0.45810941795728966 -0.5414613783026562 0.5414613783026561
v 0.4621217226355533 -0.5408459127625588 0.5408459127625587
v 0.46612938488002675 -0.5402090955519022 0.5402090955519021
v 0.4701322464750669 -0.5395509518111393 0.5395509518111392
v 0.4741301493945519 -0.5388715075226581 0.538871507522658
v 0.4781229358081201 -0.5381707895097557 0.5381707895097556
v 0.48211044808740056 -0.5374488254355796 0.5374488254355795
v 0.48609252881223586 -0.536705643802035 0.5367056438020349
v 0.4900690207768982 -0.5359412739486603 0.5359412739486602
v 0.49403976699629304 -0.5351557460514687 0.5351557460514685
v 0.49800461071215885 -0.5343490911217562 0.5343490911217561
v 0.5019633953992546 -0.5335213410048784 0.5335213410048784
v 0.5059159647715394 -0.5326725283789927 0.5326725283789926
v 0.5098621627883424 -0.5318026867537681 0.531802686753768
v 0.5138018336605226 -0.5309118504690624 0.5309118504690623
v 0.5177348218566196 -0.530000054693567 0.5300000546935669
v 0.5216609721089944 -0.5290673354234176 0.5290673354234176
v 0.5255801294199575 -0.5281137294807741 0.5281137294807741
v 0.5294921390678887 -0.5271392745123663 0.5271392745123663
v 0.5333968466133456 -0.5261440089880078 0.5261440089880077
v 0.5372940979051604 -0.5251279721990773 0.5251279721990771
v 0.5411837390865251 -0.5240912042569673 0.5240912042569673
v 0.5450656166010659 -0.5230337460915013 0.5230337460915012
v 0.5489395771989054 -0.5219556394493169 0.5219556394493168
v 0.5528054679427127 -0.5208569268922181 0.520856926892218
v 0.5566631362137406 -0.5197376517954955 0.5197376517954955
v 0.5605124297178512 -0.5185978583462134 0.5185978583462133
v 0.5643531964915278 -0.5174375915414655 0.5174375915414655
v 0.5681852849078749 -0.5162568971865987 0.5162568971865987
v 0.5720085436826031 -0.5150558218934044 0.5150558218934044
v 0.5758228218800028 -0.5138344130782786 0.5138344130782786
v 0.5796279689189014 -0.5125927189603499 0.5125927189603499
v 0.5834238345786095 -0.5113307885595759 0.5113307885595758
v 0.5872102690048505 -0.5100486716948082 0.510048671694808
v 0.5909871227156767 -0.5087464189818252 0.508746418981825
v 0.5947542466073704 -0.507424081831334 0.507424081831334
v 0.5985114919603309 -0.5060817124469414 0.5060817124469414
v 0.602258710444945 -0.5047193638230922 0.5047193638230921
v 0.6059957541274432 -0.5033370897429771 0.503337089742977
v 0.6097224754757397 -0.5019349447764101 0.5019349447764101
v 0.6134387273652566 -0.5005129842776738 0.5005129842776737
v 0.6171443630847332 -0.49907126438333355 0.4990712643833335
v 0.620839236342016 -0.49760984201002234 0.4976098420100223
v 0.6245232012698354 -0.4961287748521931 0.496128774852193
v 0.628196112431564 -0.49462812137984125 0.4946281213798412
v 0.6318578248269584 -0.4931079408361963 0.4931079408361962
v 0.6355081938978826 -0.4915682932353832 0.4915682932353831
v 0.6391470755340167 -0.49000923936005286 0.49000923936005275
v 0.642774326078544 -0.4884308407589828 0.48843084075898274
v 0.6463898023338239 -0.48683315974464725 0.4868331597446472
v 0.6499933615670448 -0.48521625939075674 0.48521625939075663
v 0.6535848615158584 -0.4835802035297688 0.48358020352976877
v 0.6571641603939962 -0.4819250567503674 0.4819250567503673
v 0.6607311168968675 -0.4802508843949134 0.4802508843949133
v 0.6642855902071367 -0.47855775255686483 0.4785577525568647
v 0.6678274400002842 -0.47684572807816733 0.4768457280781672
v 0.6713565264501444 -0.47511487854661594 0.4751148785466159
v 0.6748727102344272 -0.47336527229318665 0.4733652722931866
v 0.6783758525402177 -0.4715969783893383 0.47159697838933823
v 0.6818658150694556 -0.46981006664428654 0.46981006664428643
v 0.6853424600443965 -0.46800460760224727 0.46800460760224716
v 0.6888056502130493 -0.4661806725396521 0.466180672539652
v 0.6922552488545963 -0.46433833346233433 0.4643383334623342
v 0.6956911197847897 -0.46247766310268595 0.4624776631026859
v 0.6991131273613285 -0.46059873491678693 0.4605987349167868
v 0.7025211364892125 -0.4587016230815048 0.45870162308150475
v 0.7059150126260775 -0.4567864024915663 0.45678640249156627
v 0.7092946217875045 -0.4548531487566011 0.45485314875660104
v 0.7126598305523104 -0.4529019381981563 0.45290193819815616
v 0.7160105060678157 -0.45093284784668375 0.45093284784668364
v 0.7193465160550883 -0.44894595543849886 0.4489459554384988
v 0.7226677288141659 -0.44694133941271197 0.4469413394127119
v 0.7259740132292556 -0.4449190789081311 0.44491907890813104
v 0.7292652387739099 -0.4428792537601386 0.44287925376013854
v 0.7325412755161798 -0.4408219444975384 0.4408219444975383
v 0.7358019941237444 -0.43874723233937735 0.4387472323393773
v 0.7390472658690164 -0.4366551991917392 0.4366551991917391
v 0.7422769626342236 -0.4345459276445104 0.43454592764451033
v 0.7454909569164683 -0.43241950096812 0.43241950096811993
v 0.7486891218327592 -0.43027600311025216 0.4302760031102521
v 0.7518713311250216 -0.428115518692532 0.42811551869253195
v 0.7550374591650816 -0.4259381330071851 0.425938133007185
v 0.7581873809596251 -0.42374393201367017 0.4237439320136701
v 0.7613209721551335 -0.4215330023352849 0.42153300233528485
v 0.7644381090427921 -0.4193054312557477 0.41930543125574765
v 0.7675386685633737 -0.4170613067157502 0.41706130671575015
v 0.7706225283120975 -0.41480071730948714 0.4148007173094871
v 0.7736895665434611 -0.4125237522811572 0.4125237522811571
v 0.7767396621760465 -0.4102305015214409 0.41023050152144086
v 0.7797726947973009 -0.40792105556395175 0.4079210555639517
v 0.7827885446682901 -0.4055955055816617 0.40559550558166163
v 0.7857870927284243 -0.4032539433833021 0.40325394338330206
v 0.7887682206001614 -0.400896461409739 0.40089646140973895
v 0.791731810593677 -0.398523152730324 0.39852315273032396
v 0.7946777457115128 -0.3961341110392203 0.39613411103922025
v 0.7976059096531944 -0.393729430651703 0.39372943065170296
v 0.8005161868198235 -0.39130920650043627 0.3913092065004362
v 0.8034084623186406 -0.3888735341317256 0.38887353413172554
v 0.8062826219675612 -0.3864225097017456 0.3864225097017455
v 0.8091385522996839 -0.383956229972744 0.3839562299727439
v 0.8119761405677695 -0.3814747923092213 0.38147479230922127
v 0.8147952747486914 -0.37897829467408767 0.3789782946740876
v 0.8175958435478597 -0.37646683562479505 0.376466835624795
v 0.8203777364036136 -0.3739405143094466 0.37394051430944647
v 0.8231408434915862 -0.3713994304628818 0.37139943046288176
v 0.825885055729041 -0.36884368440273996 0.3688436844027399
v 0.8286102647791778 -0.3662733770254995 0.36627337702549945
v 0.8313163630554092 -0.3636886098024948 0.36368860980249473
v 0.8340032437256095 -0.3610894847759095 0.36108948477590946
v 0.8366708007163302 -0.35847610455474954 0.3584761045547495
v 0.8393189287169888 -0.3558485723107911 0.35584857231079103
v 0.8419475231840263 -0.3532069917745082 0.35320699177450815
v 0.8445564803450338 -0.3505514672309773 0.35055146723097724
v 0.84714569720285 -0.3478821035157603 0.34788210351576027
v 0.8497150715396269 -0.34519900601076614 0.3451990060107661
v 0.852264501920865 -0.34250228064009 0.3425022806400899
v 0.854793887699418 -0.33979203386583223 0.33979203386583223
v 0.8573031290194668 -0.3370683726838944 0.33706837268389434
v 0.8597921268204605 -0.3343314046197566 0.3343314046197565
v 0.8622607828410273 -0.33158123772423137 0.3315812377242313
v 0.864708999622855 -0.32881798056919886 0.3288179805691988
v 0.8671366805145371 -0.32604174224331994 0.32604174224331994
v 0.8695437296753884 -0.3232526323477302 0.32325263234773016
v 0.8719300520792299 -0.3204507609917126 0.3204507609917126
v 0.874295553518139 -0.3176362387883508 0.31763623878835073
v 0.8766401406061696 -0.3148091768501617 0.31480917685016163
v 0.8789637207830376 -0.3119696867847103 0.31196968678471027
v 0.8812662023177765 -0.3091178806902023 0.30911788069020224
v 0.8835474943123578 -0.30625387115105923 0.3062538711510592
v 0.8858075067052796 -0.30337777123347365 0.3033777712334736
v 0.8880461502751225 -0.3004896944809458 0.30048969448094576
v 0.8902633366440713 -0.2975897549098007 0.29758975490980066
v 0.892458978281405 -0.29467806700468685 0.29467806700468685
v 0.8946329885069507 -0.2917547457140577 0.29175474571405763
v 0.8967852814945079 -0.2888199064456316 0.28881990644563155
v 0.8989157722752343 -0.2858736650618379 0.28587366506183787
v 0.901024376741002 -0.2829161378752418 0.2829161378752417
v 0.9031110116477172 -0.2799474416439523 0.27994744164395224
v 0.9051755946186066 -0.2769676935670135 0.27696769356701345
v 0.90721804414747 -0.27397701127977736 0.2739770112797773
v 0.9092382796018966 -0.27097551284925964 0.2709755128492596
v 0.9112362212264504 -0.26796331676947927 0.2679633167694792
v 0.9132117901458167 -0.2649405419567793 0.26494054195677924
v 0.9151649083679176 -0.26190730774513377 0.2619073077451337
v 0.9170954987869899 -0.2588637338814356 0.2588637338814356
v 0.9190034851866291 -0.25580994052076944 0.25580994052076944
v 0.9208887922428001 -0.2527460482216684 0.25274604822166835
v 0.9227513455268075 -0.24967217794135405 0.24967217794135402
v 0.9245910715082375 -0.2465884510309618 0.24658845103096177
v 0.9264078975578579 -0.24349498923075022 0.24349498923075016
v 0.9282017519504877 -0.2403919146652937 0.24039191466529367
v 0.9299725638678267 -0.23727934983866314 0.2372793498386631
v 0.9317202634012529 -0.23415741762958822 0.23415741762958817
v 0.933444781554581 -0.23102624128660706 0.231026241286607
v 0.9351460502467871 -0.22788594442320015 0.2278859444232001
v 0.9368240023146963 -0.22473665101291063 0.2247366510129106
v 0.9384785715156341 -0.22157848538445005 0.22157848538445002
v 0.9401096925300416 -0.21841157221678953 0.21841157221678947
v 0.941717300964054 -0.2152360365342384 0.21523603653423837
v 0.9433013333520431 -0.212052003701508 0.21205200370150798
v 0.9448617271591224 -0.20885959941876275 0.20885959941876273
v 0.9463984207836162 -0.2056589497166573 0.20565894971665724
v 0.9479113535594914 -0.20245018095136152 0.20245018095136147
v 0.9494004657587527 -0.19923341979957201 0.199233419799572
v 0.9508656985938004 -0.19600879325351123 0.1960087932535112
v 0.9523069942197506 -0.19277642861591346 0.19277642861591343
v 0.9537242957367205 -0.1895364534950001 0.18953645349500006
v 0.9551175471920723 -0.18628899579944108 0.18628899579944105
v 0.9564866935826246 -0.1830341837333059 0.18303418373330588
v 0.9578316808568222 -0.17977214579100154 0.1797721457910015
v 0.9591524559168705 -0.17650301075220057 0.17650301075220054
v 0.9604489666208316 -0.17322690767675664 0.1732269076767566
v 0.961721161784683 -0.16994396589960972 0.1699439658996097
v 0.962968991184338 -0.16665431502567968 0.16665431502567965
v 0.9641924055576283 -0.16335808492475032 0.1633580849247503
v 0.9653913566062494 -0.16005540572634194 0.16005540572634191
v 0.9665657969976671 -0.15674640781457425 0.15674640781457422
v 0.967715680366985 -0.153431221823019 0.15343122182301897
v 0.9688409613187773 -0.1501099786295424 0.15010997862954237
v 0.9699415954288785 -0.14678280935113897 0.14678280935113894
v 0.9710175392461385 -0.14344984533875474 0.1434498453387547
v 0.9720687502941379 -0.14011121817210215 0.14011121817210215
v 0.9730951870728642 -0.13676705965446487 0.13676705965446484
v 0.9740968090603512 -0.13341750180749512 0.1334175018074951
v 0.975073576714278 -0.13006267686600137 0.13006267686600134
v 0.9760254514735296 -0.12670271727272803 0.126702717272728
v 0.9769523957597207 -0.12333775567312646 0.12333775567312644
v 0.9778543729786782 -0.11996792491011897 0.11996792491011896
v 0.9787313475218854 -0.11659335801885402 0.11659335801885401
v 0.9795832847678895 -0.11321418822145443 0.1132141882214544
v 0.9804101510836665 -0.10983054892175746 0.10983054892175745
v 0.9812119138259504 -0.10644257370004906 0.10644257370004905
v 0.9819885413425206 -0.1030503963077899 0.10305039630778988
v 0.9827400029734525 -0.09965415066233516 0.09965415066233514
v 0.9834662690523281 -0.09625397084164737 0.09625397084164736
v 0.9841673109074057 -0.09284999107900395 0.09284999107900394
v 0.9848431008627535 -0.0894423457576974 0.08944234575769738
v 0.9854936122393411 -0.08603116940573016 0.08603116940573015
v 0.986118819356093 -0.08261659669050384 0.08261659669050382
v 0.9867186975309032 -0.07919876241350235 0.07919876241350234
v 0.9872932230816083 -0.07577780150497077 0.07577780150497075
v 0.9878423733269232 -0.07235384901858816 0.07235384901858814
v 0.9883661265873366 -0.06892704012613604 0.06892704012613603
v 0.9888644621859666 -0.06549751011216161 0.0654975101121616
v 0.9893373604493769 -0.06206539436863766 0.06206539436863765
v 0.9897848027083542 -0.05863082838961701 0.058630828389617
v 0.9902067712986438 -0.05519394776588372 0.05519394776588371
v 0.9906032495616486 -0.05175488817959969 0.051754888179599674
v 0.9909742218450857 -0.04831378539894889 0.048313785398948886
v 0.991319673503604 -0.044870775272777 0.04487077527277699
v 0.991639590899364 -0.04142599372522852 0.04142599372522851
v 0.9919339614025747 -0.037979576750380314 0.037979576750380314
v 0.9922027733919926 -0.034531660406873464 0.03453166040687346
v 0.9924460162553808 -0.031082380812541416 0.031082380812541412
v 0.992663680389927 -0.02763187413903657 0.027631874139036568
v 0.9928557572026246 -0.024180276606453943 0.02418027660645394
v 0.9930222391106094 -0.02072772447795416 0.020727724477954155
v 0.993163119541461 -0.017274354054383535 0.01727435405438353
v 0.993278392933461 -0.01382030166889327 0.013820301668893269
v 0.9933680547358135 -0.010365703681557393 0.01036570368155739
v 0.9934321014088239 -0.006910696473988969 0.006910696473988968
v 0.9934705304240392 -0.003455416443956761 0.0034554164439567605
v 0.9934833402643479 3.3674739199106763e-17 -3.367473919910676e-17
v 0.9934705304240392 0.0034554164439567062 -0.003455416443956706
v 0.9934321014088239 0.006910696473988914 -0.006910696473988912
v 0.9933680547358135 0.010365703681557337 -0.010365703681557335
v 0.993278392933461 0.01382030166889334 -0.013820301668893337
v 0.993163119541461 0.017274354054383476 -0.017274354054383476
v 0.9930222391106094 0.020727724477954103 -0.0207277244779541
v 0.9928557572026246 0.024180276606453888 -0.024180276606453884
v 0.992663680389927 0.027631874139036516 -0.027631874139036512
v 0.9924460162553808 0.031082380812541364 -0.031082380812541357
v 0.9922027733919926 0.03453166040687341 -0.0345316604068734
v 0.9919339614025747 0.037979576750380266 -0.03797957675038026
v 0.991639590899364 0.04142599372522847 -0.04142599372522846
v 0.991319673503604 0.044870775272776935 -0.04487077527277693
v 0.9909742218450857 0.04831378539894884 -0.04831378539894883
v 0.9906032495616486 0.05175488817959963 -0.051754888179599626
v 0.9902067712986438 0.05519394776588366 -0.055193947765883655
v 0.9897848027083542 0.05863082838961708 -0.05863082838961707
v 0.9893373604493769 0.062065394368637596 -0.06206539436863759
v 0.9888644621859666 0.06549751011216155 -0.06549751011216155
v 0.9883661265873366 0.06892704012613597 -0.06892704012613596
v 0.9878423733269232 0.07235384901858821 -0.0723538490185882
v 0.9872932230816083 0.07577780150497071 -0.0757778015049707
v 0.9867186975309032 0.0791987624135023 -0.07919876241350228
v 0.9861188193560932 0.0826165966905038 -0.08261659669050378
v 0.9854936122393411 0.08603116940573022 -0.0860311694057302
v 0.9848431008627535 0.08944234575769736 -0.08944234575769734
v 0.9841673109074057 0.09284999107900391 -0.0928499910790039
v 0.9834662690523281 0.09625397084164732 -0.0962539708416473
v 0.9827400029734527 0.0996541506623351 -0.09965415066233509
v 0.9819885413425206 0.10305039630778985 -0.10305039630778984
v 0.9812119138259504 0.10644257370004902 -0.106442573700049
v 0.9804101510836665 0.1098305489217574 -0.10983054892175738
v 0.9795832847678895 0.11321418822145436 -0.11321418822145435
v 0.9787313475218854 0.11659335801885397 -0.11659335801885395
v 0.9778543729786782 0.11996792491011891 -0.1199679249101189
v 0.9769523957597207 0.1233377556731264 -0.12333775567312638
v 0.9760254514735296 0.126702717272728 -0.12670271727272797
v 0.9750735767142779 0.13006267686600143 -0.1300626768660014
v 0.9740968090603512 0.13341750180749506 -0.13341750180749504
v 0.9730951870728642 0.1367670596544648 -0.13676705965446478
v 0.9720687502941379 0.14011121817210212 -0.1401112181721021
v 0.9710175392461385 0.1434498453387548 -0.1434498453387548
v 0.9699415954288785 0.1467828093511389 -0.14678280935113888
v 0.9688409613187773 0.15010997862954234 -0.1501099786295423
v 0.967715680366985 0.15343122182301897 -0.15343122182301894
v 0.9665657969976669 0.1567464078145743 -0.15674640781457427
v 0.9653913566062495 0.16005540572634186 -0.16005540572634186
v 0.9641924055576283 0.16335808492475026 -0.16335808492475024
v 0.962968991184338 0.1666543150256796 -0.1666543150256796
v 0.961721161784683 0.16994396589960967 -0.16994396589960964
v 0.9604489666208316 0.17322690767675658 -0.17322690767675655
v 0.9591524559168705 0.1765030107522005 -0.17650301075220048
v 0.9578316808568222 0.17977214579100148 -0.17977214579100145
v 0.9564866935826246 0.18303418373330582 -0.1830341837333058
v 0.9551175471920723 0.18628899579944105 -0.186288995799441
v 0.9537242957367205 0.18953645349500003 -0.189536453495
v 0.9523069942197507 0.19277642861591343 -0.1927764286159134
v 0.9508656985938004 0.1960087932535112 -0.19600879325351117
v 0.9494004657587527 0.1992334197995721 -0.19923341979957207
v 0.9479113535594915 0.20245018095136147 -0.20245018095136144
v 0.9463984207836162 0.20565894971665724 -0.2056589497166572
v 0.9448617271591224 0.20885959941876273 -0.2088595994187627
v 0.943301333352043 0.21205200370150804 -0.212052003701508
v 0.941717300964054 0.2152360365342383 -0.21523603653423828
v 0.9401096925300416 0.21841157221678947 -0.21841157221678945
v 0.9384785715156341 0.22157848538445002 -0.22157848538445
v 0.9368240023146961 0.2247366510129107 -0.22473665101291068
v 0.9351460502467871 0.2278859444232001 -0.22788594442320007
v 0.933444781554581 0.23102624128660698 -0.23102624128660693
v 0.9317202634012529 0.23415741762958817 -0.23415741762958814
v 0.9299725638678269 0.23727934983866306 -0.23727934983866303
v 0.9282017519504878 0.24039191466529358 -0.24039191466529353
v 0.926407897557858 0.24349498923075005 -0.24349498923075003
v 0.9245910715082374 0.24658845103096189 -0.24658845103096186
v 0.9227513455268075 0.24967217794135413 -0.2496721779413541
v 0.9208887922428001 0.25274604822166835 -0.2527460482216683
v 0.9190034851866293 0.25580994052076944 -0.25580994052076944
v 0.9170954987869899 0.2588637338814356 -0.2588637338814355
v 0.9151649083679176 0.2619073077451337 -0.26190730774513366
v 0.9132117901458168 0.26494054195677924 -0.2649405419567792
v 0.9112362212264504 0.2679633167694791 -0.2679633167694791
v 0.9092382796018966 0.27097551284925975 -0.2709755128492597
v 0.90721804414747 0.27397701127977736 -0.27397701127977736
v 0.9051755946186066 0.27696769356701356 -0.2769676935670135
v 0.9031110116477172 0.27994744164395224 -0.2799474416439522
v 0.9010243767410022 0.2829161378752417 -0.28291613787524167
v 0.8989157722752343 0.28587366506183787 -0.2858736650618378
v 0.8967852814945079 0.28881990644563155 -0.2888199064456315
v 0.8946329885069508 0.2917547457140575 -0.2917547457140575
v 0.8924589782814049 0.29467806700468696 -0.2946780670046869
v 0.8902633366440713 0.2975897549098007 -0.29758975490980066
v 0.8880461502751225 0.3004896944809458 -0.30048969448094576
v 0.8858075067052796 0.30337777123347365 -0.3033777712334736
v 0.8835474943123579 0.3062538711510592 -0.3062538711510591
v 0.8812662023177766 0.30911788069020224 -0.3091178806902022
v 0.8789637207830377 0.3119696867847102 -0.31196968678471015
v 0.8766401406061697 0.31480917685016163 -0.3148091768501616
v 0.8742955535181391 0.3176362387883506 -0.31763623878835057
v 0.8719300520792299 0.3204507609917126 -0.3204507609917126
v 0.8695437296753884 0.3232526323477302 -0.32325263234773016
v 0.8671366805145371 0.32604174224331994 -0.32604174224331994
v 0.864708999622855 0.32881798056919886 -0.3288179805691988
v 0.8622607828410273 0.3315812377242313 -0.33158123772423126
v 0.8597921268204605 0.33433140461975647 -0.33433140461975647
v 0.8573031290194668 0.3370683726838944 -0.33706837268389434
v 0.8547938876994181 0.3397920338658321 -0.33979203386583207
v 0.8522645019208648 0.34250228064009003 -0.34250228064009
v 0.8497150715396269 0.34519900601076614 -0.3451990060107661
v 0.84714569720285 0.3478821035157603 -0.34788210351576027
v 0.8445564803450338 0.3505514672309773 -0.35055146723097724
v 0.8419475231840263 0.3532069917745081 -0.35320699177450804
v 0.8393189287169889 0.3558485723107911 -0.35584857231079103
v 0.8366708007163303 0.3584761045547494 -0.3584761045547493
v 0.8340032437256096 0.3610894847759094 -0.36108948477590935
v 0.8313163630554095 0.3636886098024947 -0.3636886098024946
v 0.8286102647791778 0.3662733770254995 -0.36627337702549945
v 0.825885055729041 0.36884368440273996 -0.3688436844027399
v 0.8231408434915862 0.3713994304628818 -0.37139943046288176
v 0.8203777364036136 0.37394051430944647 -0.3739405143094464
v 0.8175958435478599 0.376466835624795 -0.37646683562479494
v 0.8147952747486915 0.3789782946740875 -0.37897829467408745
v 0.8119761405677695 0.38147479230922116 -0.3814747923092211
v 0.8091385522996839 0.38395622997274387 -0.3839562299727438
v 0.8062826219675612 0.3864225097017456 -0.3864225097017455
v 0.8034084623186404 0.3888735341317256 -0.38887353413172554
v 0.8005161868198235 0.39130920650043627 -0.3913092065004362
v 0.7976059096531944 0.393729430651703 -0.39372943065170296
v 0.7946777457115128 0.39613411103922025 -0.39613411103922014
v 0.791731810593677 0.398523152730324 -0.39852315273032396
v 0.7887682206001614 0.40089646140973895 -0.4008964614097389
v 0.7857870927284245 0.40325394338330206 -0.403253943383302
v 0.78278854466829 0.40559550558166174 -0.4055955055816617
v 0.7797726947973009 0.40792105556395175 -0.4079210555639517
v 0.7767396621760465 0.4102305015214409 -0.41023050152144086
v 0.7736895665434611 0.4125237522811572 -0.4125237522811571
v 0.7706225283120975 0.41480071730948703 -0.414800717309487
v 0.7675386685633738 0.4170613067157502 -0.41706130671575015
v 0.7644381090427922 0.4193054312557476 -0.41930543125574754
v 0.7613209721551337 0.4215330023352849 -0.42153300233528485
v 0.7581873809596251 0.42374393201367 -0.42374393201366994
v 0.7550374591650815 0.4259381330071852 -0.4259381330071851
v 0.7518713311250216 0.428115518692532 -0.42811551869253195
v 0.7486891218327592 0.43027600311025216 -0.4302760031102521
v 0.7454909569164683 0.43241950096812 -0.43241950096811993
v 0.7422769626342236 0.4345459276445104 -0.43454592764451033
v 0.7390472658690164 0.4366551991917392 -0.4366551991917391
v 0.7358019941237446 0.4387472323393773 -0.43874723233937724
v 0.7325412755161798 0.4408219444975383 -0.44082194449753825
v 0.7292652387739098 0.4428792537601386 -0.44287925376013854
v 0.7259740132292555 0.4449190789081312 -0.44491907890813115
v 0.7226677288141659 0.44694133941271197 -0.4469413394127119
v 0.7193465160550883 0.44894595543849886 -0.4489459554384988
v 0.7160105060678158 0.45093284784668375 -0.45093284784668364
v 0.7126598305523105 0.4529019381981563 -0.45290193819815616
v 0.7092946217875045 0.454853148756601 -0.45485314875660093
v 0.7059150126260776 0.4567864024915663 -0.45678640249156627
v 0.7025211364892128 0.45870162308150475 -0.45870162308150464
v 0.6991131273613285 0.46059873491678693 -0.4605987349167868
v 0.6956911197847897 0.46247766310268595 -0.4624776631026859
v 0.6922552488545963 0.46433833346233433 -0.4643383334623342
v 0.6888056502130494 0.4661806725396521 -0.466180672539652
v 0.6853424600443965 0.46800460760224727 -0.46800460760224716
v 0.6818658150694559 0.46981006664428643 -0.4698100666442864
v 0.6783758525402177 0.4715969783893383 -0.47159697838933823
v 0.6748727102344273 0.4733652722931866 -0.4733652722931865
v 0.6713565264501443 0.47511487854661594 -0.4751148785466159
v 0.667827440000284 0.47684572807816733 -0.4768457280781672
v 0.6642855902071367 0.47855775255686483 -0.4785577525568647
v 0.6607311168968674 0.4802508843949134 -0.4802508843949133
v 0.6571641603939964 0.4819250567503674 -0.4819250567503673
v 0.6535848615158585 0.48358020352976877 -0.48358020352976866
v 0.649993361567045 0.48521625939075663 -0.4852162593907566
v 0.646389802333824 0.4868331597446471 -0.486833159744647
v 0.6427743260785439 0.4884308407589828 -0.48843084075898274
v 0.6391470755340166 0.49000923936005286 -0.49000923936005275
v 0.6355081938978826 0.4915682932353832 -0.4915682932353831
v 0.6318578248269583 0.4931079408361963 -0.4931079408361962
v 0.628196112431564 0.49462812137984125 -0.4946281213798412
v 0.6245232012698354 0.4961287748521931 -0.496128774852193
v 0.6208392363420161 0.49760984201002234 -0.4976098420100223
v 0.6171443630847333 0.4990712643833335 -0.49907126438333343
v 0.6134387273652568 0.5005129842776738 -0.5005129842776737
v 0.6097224754757395 0.5019349447764101 -0.5019349447764101
v 0.605995754127443 0.5033370897429771 -0.503337089742977
v 0.602258710444945 0.5047193638230922 -0.5047193638230921
v 0.5985114919603309 0.5060817124469414 -0.5060817124469414
v 0.5947542466073705 0.507424081831334 -0.507424081831334
v 0.5909871227156768 0.5087464189818252 -0.508746418981825
v 0.5872102690048506 0.510048671694808 -0.510048671694808
v 0.5834238345786096 0.5113307885595758 -0.5113307885595758
v 0.5796279689189013 0.5125927189603499 -0.5125927189603499
v 0.5758228218800027 0.5138344130782786 -0.5138344130782786
v 0.5720085436826031 0.5150558218934044 -0.5150558218934044
v 0.5681852849078749 0.5162568971865987 -0.5162568971865987
v 0.5643531964915279 0.5174375915414655 -0.5174375915414655
v 0.5605124297178513 0.5185978583462133 -0.5185978583462133
v 0.5566631362137408 0.5197376517954955 -0.5197376517954954
v 0.5528054679427128 0.5208569268922181 -0.520856926892218
v 0.5489395771989055 0.5219556394493168 -0.5219556394493167
v 0.5450656166010659 0.5230337460915013 -0.5230337460915012
v 0.541183739086525 0.5240912042569673 -0.5240912042569673
v 0.5372940979051604 0.5251279721990773 -0.5251279721990771
v 0.5333968466133456 0.5261440089880077 -0.5261440089880076
v 0.5294921390678887 0.5271392745123663 -0.5271392745123662
v 0.5255801294199576 0.5281137294807741 -0.5281137294807741
v 0.5216609721089946 0.5290673354234176 -0.5290673354234176
v 0.5177348218566198 0.5300000546935669 -0.5300000546935668
v 0.5138018336605225 0.5309118504690624 -0.5309118504690623
v 0.5098621627883423 0.5318026867537681 -0.531802686753768
v 0.5059159647715394 0.5326725283789927 -0.5326725283789926
v 0.5019633953992546 0.5335213410048784 -0.5335213410048784
v 0.49800461071215896 0.5343490911217562 -0.5343490911217561
v 0.49403976699629304 0.5351557460514685 -0.5351557460514684
v 0.49006902077689823 0.5359412739486602 -0.5359412739486602
v 0.4860925288122361 0.536705643802035 -0.5367056438020349
v 0.48211044808740044 0.5374488254355796 -0.5374488254355795
v 0.47812293580812004 0.5381707895097557 -0.5381707895097556
v 0.4741301493945519 0.5388715075226581 -0.538871507522658
v 0.4701322464750669 0.5395509518111393 -0.5395509518111392
v 0.4661293848800268 0.5402090955519022 -0.5402090955519021
v 0.4621217226355534 0.5408459127625588 -0.5408459127625587
v 0.45810941795728977 0.5414613783026561 -0.541461378302656
v 0.4540926292441546 0.5420554678746684 -0.5420554678746683
v 0.4500715150720883 0.5426281580249566 -0.5426281580249565
v 0.4460462341877933 0.5431794261446943 -0.5431794261446942
v 0.4420169455024663 0.5437092504707598 -0.5437092504707597
v 0.4379838080855256 0.5442176100865961 -0.5442176100865961
v 0.4339469811583304 0.544704484923036 -0.5447044849230359
v 0.4299066240878958 0.5451698557590947 -0.5451698557590946
v 0.4258628963806005 0.5456137042227283 -0.5456137042227281
v 0.4218159576758906 0.5460360127915594 -0.5460360127915593
v 0.4177659677399766 0.546436764793569 -0.546436764793569
v 0.41371308645952654 0.5468159444077542 -0.546815944407754
v 0.4096574738353538 0.5471735366647529 -0.5471735366647528
v 0.40559928997610023 0.5475095274474352 -0.5475095274474352
v 0.4015386950919161 0.5478239034914606 -0.5478239034914605
v 0.3974758494881344 0.5481166523858007 -0.5481166523858005
v 0.39341091355894303 0.5483877625732307 -0.5483877625732306
v 0.389344047781052 0.5486372233507847 -0.5486372233507846
v 0.38527541270735893 0.548865024870178 -0.5488650248701779
v 0.38120516896060963 0.549071158138197 -0.5490711581381968
v 0.3771334772270579 0.549255615017053 -0.5492556150170529
v 0.37306049825012166 0.5494183882247045 -0.5494183882247043
v 0.36898639282403667 0.5495594713351437 -0.5495594713351437
v 0.36491132178750935 0.5496788587786514 -0.5496788587786513
v 0.36083544601736645 0.5497765458420152 -0.5497765458420152
v 0.35675892642220447 0.5498525286687176 -0.5498525286687175
v 0.35268192393603676 0.5499068042590863 -0.5499068042590863
v 0.34860459951194067 0.5499393704704143 -0.5499393704704142
v 0.34452711411570275 0.549950226017043 -0.549950226017043
v 0.3404496287194652 0.5499393704704143 -0.5499393704704142
v 0.3363723042953688 0.5499068042590863 -0.5499068042590863
v 0.3322953018092014 0.5498525286687176 -0.5498525286687175
v 0.32821878221403905 0.5497765458420152 -0.5497765458420152
v 0.32414290644389643 0.5496788587786514 -0.5496788587786513
v 0.3200678354073688 0.5495594713351437 -0.5495594713351437
v 0.3159937299812841 0.5494183882247045 -0.5494183882247043
v 0.31192075100434746 0.549255615017053 -0.5492556150170529
v 0.30784905927079603 0.549071158138197 -0.5490711581381968
v 0.303778815524047 0.548865024870178 -0.5488650248701779
v 0.29971018045035347 0.5486372233507847 -0.5486372233507846
v 0.2956433146724628 0.5483877625732307 -0.5483877625732306
v 0.2915783787432711 0.5481166523858007 -0.5481166523858005
v 0.2875155331394897 0.5478239034914606 -0.5478239034914605
v 0.2834549382553052 0.5475095274474352 -0.5475095274474352
v 0.27939675439605194 0.5471735366647529 -0.5471735366647528
v 0.2753411417718794 0.5468159444077542 -0.546815944407754
v 0.271288260491429 0.546436764793569 -0.546436764793569
v 0.2672382705555153 0.5460360127915594 -0.5460360127915593
v 0.26319133185080507 0.5456137042227283 -0.5456137042227281
v 0.25914760414351007 0.5451698557590947 -0.5451698557590946
v 0.2551072470730751 0.544704484923036 -0.5447044849230359
v 0.2510704201458801 0.5442176100865961 -0.5442176100865961
v 0.2470372827289391 0.5437092504707598 -0.5437092504707597
v 0.2430079940436124 0.5431794261446942 -0.543179426144694
v 0.23898271315931757 0.5426281580249567 -0.5426281580249566
v 0.234961598987251 0.5420554678746683 -0.5420554678746682
v 0.23094481027411606 0.5414613783026562 -0.5414613783026561
v 0.22693250559585215 0.5408459127625588 -0.5408459127625587
v 0.22292484335137897 0.5402090955519022 -0.5402090955519021
v 0.21892198175633854 0.5395509518111392 -0.5395509518111391
v 0.2149240788368538 0.5388715075226581 -0.538871507522658
v 0.21093129242328534 0.5381707895097557 -0.5381707895097556
v 0.20694378014400522 0.5374488254355795 -0.5374488254355795
v 0.20296169941916986 0.536705643802035 -0.5367056438020349
v 0.19898520745450735 0.5359412739486602 -0.5359412739486602
v 0.19501446123511273 0.5351557460514685 -0.5351557460514684
v 0.19104961751924662 0.5343490911217561 -0.534349091121756
v 0.1870908328321511 0.5335213410048784 -0.5335213410048784
v 0.18313826345986606 0.5326725283789927 -0.5326725283789926
v 0.1791920654430634 0.5318026867537681 -0.531802686753768
v 0.17525239457088346 0.5309118504690624 -0.5309118504690623
v 0.17131940637478585 0.5300000546935669 -0.5300000546935668
v 0.16739325612241127 0.5290673354234176 -0.5290673354234176
v 0.16347409881144798 0.5281137294807741 -0.5281137294807741
v 0.15956208916351705 0.5271392745123663 -0.5271392745123662
v 0.15565738161805984 0.5261440089880077 -0.5261440089880076
v 0.15176013032624538 0.5251279721990773 -0.5251279721990771
v 0.14787048914488046 0.5240912042569673 -0.5240912042569672
v 0.1439886116303398 0.5230337460915013 -0.5230337460915012
v 0.1401146510325004 0.5219556394493168 -0.5219556394493167
v 0.1362487602886928 0.520856926892218 -0.5208569268922179
v 0.13239109201766514 0.5197376517954955 -0.5197376517954954
v 0.1285417985135543 0.5185978583462133 -0.5185978583462132
v 0.1247010317398779 0.5174375915414655 -0.5174375915414655
v 0.1208689433235306 0.5162568971865986 -0.5162568971865985
v 0.11704568454880257 0.5150558218934044 -0.5150558218934044
v 0.11323140635140277 0.5138344130782785 -0.5138344130782784
v 0.10942625931250427 0.5125927189603499 -0.5125927189603497
v 0.10563039365279633 0.5113307885595759 -0.5113307885595758
v 0.10184395922655501 0.510048671694808 -0.5100486716948079
v 0.09806710551572909 0.5087464189818252 -0.508746418981825
v 0.09429998162403508 0.5074240818313339 -0.5074240818313338
v 0.0905427362710749 0.5060817124469414 -0.5060817124469413
v 0.08679551778646055 0.504719363823092 -0.5047193638230919
v 0.08305847410396261 0.5033370897429771 -0.503337089742977
v 0.07933175275566584 0.5019349447764101 -0.50193494477641
v 0.07561550086614888 0.5005129842776737 -0.5005129842776735
v 0.07190986514667252 0.49907126438333355 -0.4990712643833335
v 0.06821499188938956 0.4976098420100223 -0.4976098420100222
v 0.06453102696157037 0.4961287748521931 -0.496128774852193
v 0.06085811579984146 0.4946281213798411 -0.494628121379841
v 0.05719640340444743 0.4931079408361962 -0.49310794083619613
v 0.053546034333522785 0.49156829323538304 -0.491568293235383
v 0.0499071526973891 0.49000923936005286 -0.49000923936005275
v 0.046279902152861485 0.4884308407589826 -0.48843084075898247
v 0.042664425897581626 0.486833159744647 -0.48683315974464697
v 0.03906086666436093 0.48521625939075663 -0.4852162593907566
v 0.035469366715547124 0.4835802035297686 -0.48358020352976855
v 0.0318900678374095 0.4819250567503674 -0.4819250567503673
v 0.02832311133453813 0.4802508843949133 -0.48025088439491326
v 0.0257935203555068 0.47909982541158713 -0.47895136143497224
v 0.0231189781407784 0.4778788242559208 -0.47756972114842505
v 0.020304203600997595 0.4765858060981193 -0.4761068619771666
v 0.01735391564680863 0.4752186961083875 -0.4745636823630916
v 0.014272833188855735 0.4737754194569305 -0.4729410807480947
v 0.01106567513778326 0.4722539013139532 -0.47123995557407067
v 0.007737160404235435 0.47065206684966054 -0.4694612052829143
v 0.004292007898856495 0.46896784123425755 -0.46760572831652014
v 0.0007349365322907916 0.4671991496379492 -0.4656744231167831
v -0.0029293347848174446 0.46534391723094043 -0.46366818812559774
v -0.006696087141823986 0.4634000691834361 -0.46158792178485886
v -0.010560601628084474 0.46136553066564145 -0.4594345225364612
v -0.014518159332954687 0.4592382268477612 -0.45720888882229943
v -0.01856404134579038 0.4570160829000004 -0.45491191908426826
v -0.022693528755947212 0.45469702399256406 -0.45254451176426247
v -0.026901902652780946 0.45227897529565714 -0.4501075653041767
v -0.031184444125647352 0.44975986197948453 -0.44760197814590574
v -0.03553643426390207 0.44713760921425133 -0.4450286487313443
v -0.039953154156900886 0.4444101421701624 -0.4423884755023871
v -0.04442988489399957 0.4415753860174227 -0.4396823569009288
v -0.04896190756455375 0.4386312659262373 -0.4369111913688642
v -0.05354450325791921 0.4355757070668111 -0.43407587734808795
v -0.058172953063451716 0.432406634609349 -0.4311773132804948
v -0.06284253807050691 0.42912197372405614 -0.42821639760797947
v -0.06754853936844056 0.4257196495811374 -0.42519402877243667
v -0.07228623804660846 0.42219758735079765 -0.4221111052157612
v -0.07705091519436619 0.41855371220324206 -0.41896852537984763
v -0.08183785190106958 0.41478594930867546 -0.41576718770659077
v -0.08664232925607442 0.41089222383730284 -0.41250799063788535
v -0.09145962834873628 0.4068704609593292 -0.409191832615626
v -0.096285030268411 0.4027185858449595 -0.4058196120817076
v -0.10111381610445433 0.3984345236643987 -0.4023922274780247
v -0.10594096868404228 0.39401673412220806 -0.39891080976034915
v -0.11076027778563298 0.38946581506037403 -0.3953774199399604
v -0.11556523492550473 0.38478289885523936 -0.39179435154201503
v -0.12034933161993581 0.379969117883147 -0.3881638980916696
v -0.12510605938520478 0.3750256045204395 -0.38448835311408064
v -0.12982890973758993 0.36995349114345966 -0.3807700101344047
v -0.13451137419336953 0.36475391012855046 -0.37701116267779844
v -0.13914694426882218 0.3594279938520544 -0.3732141042694182
v -0.1437291114802261 0.35397687469031425 -0.3693811284344206
v -0.14825136734385966 0.3484016850196731 -0.36551452869796236
v -0.15270720337600135 0.34270355721647333 -0.3616165985851998
v -0.15709011109292956 0.33688362365705793 -0.3576896316212895
v -0.16139358201092244 0.3309430167177697 -0.3537359213313882
v -0.1656111076462586 0.3248828687749512 -0.3497577612406522
v -0.16973617951521636 0.31870431220494533 -0.3457574448742382
v -0.173762289134074 0.312408479384095 -0.34173726575730273
v -0.17768292801911004 0.3059965026887427 -0.33769951741500226
v -0.18149158768660278 0.2994695144952313 -0.3336464933724934
v -0.18518175965283054 0.29282864717990376 -0.3295804871549327
v -0.18874693543407187 0.28607503311910254 -0.32550379228747667
v -0.19218060654660504 0.27920980468917056 -0.32141870229528186
v -0.19547626450670832 0.27223409426645073 -0.31732751070350496
v -0.19862740083066033 0.2651490342272854 -0.3132325110373022
v -0.20162750703473928 0.25795575694801776 -0.30913599682183046
v -0.20447007463522357 0.25065539480499055 -0.3050402615822462
v -0.20714859514839162 0.24324908017454624 -0.30094759884370575
v -0.20965656009052178 0.23573794543302778 -0.2968603021313658
v -0.2119874609778924 0.22812312295677806 -0.29278066497038313
v -0.2141347893267819 0.22040574512213956 -0.28871098088591396
v -0.21609203665346868 0.21258694430545524 -0.2846535434031149
v -0.21785269447423108 0.204667852883068 -0.28061064604714264
v -0.21941025430534747 0.19664960323132025 -0.2765845823431536
v -0.22075970464500794 0.18853467011311778 -0.27257698173913364
v -0.22190202191904895 0.1803308978376179 -0.2685868173743858
v -0.22283967953521885 0.17204747310054022 -0.264612398311042
v -0.2235751509012658 0.16369358259760478 -0.26065203361123457
v -0.22411090942493808 0.15527841302453177 -0.2567040323370959
v -0.22444942851398392 0.14681115107704076 -0.2527667035507578
v -0.22459318157615152 0.13830098345085184 -0.24883835631435275
v -0.22454464201918914 0.1297570968416852 -0.24491729969001294
v -0.224306283250845 0.12118867794526035 -0.2410018427398704
v -0.22388057867886735 0.11260491345729748 -0.23709029452605745
v -0.22327000171100442 0.10401499007351667 -0.2331809641107063
v -0.2224770257550044 0.09542809448963752 -0.229272160555949
v -0.22150412421861557 0.08685341340138016 -0.2253621929239179
v -0.22035377050958613 0.0783001335044647 -0.22144937027674516
v -0.21902843803566435 0.06977744149461076 -0.2175320016765629
v -0.2175306002045984 0.06129452406753841 -0.21360839618550337
v -0.21586273042413662 0.05286056791896779 -0.2096768628656988
v -0.21402730210202714 0.04448475974461852 -0.2057357107792813
v -0.21202678864601823 0.036176286240210714 -0.20178324898838307
v -0.20986366346385815 0.02794433410146446 -0.19781778655513646
v -0.20754039996329507 0.019798090024099376 -0.19383763254167347
v -0.20505947155207727 0.011746740703835575 -0.18984109601012633
v -0.20242335163795303 0.003799472836393172 -0.1858264860226274
v -0.19963451362867043 -0.004034526882508219 -0.18179211164130865
v -0.19669543093197783 -0.011746071757148483 -0.17773628192830238
v -0.19360857695562347 -0.019325975091807533 -0.17365730594574086
v -0.1903764251073555 -0.026765050190765752 -0.1695534927557561
v -0.18700144879492217 -0.034054110358303004 -0.16542315142048042
v -0.18348612142607185 -0.04118396889869919 -0.1612645910020461
v -0.17983291640855253 -0.04814543911623471 -0.1570761205625851
v -0.1760443071501126 -0.05492933431518946 -0.15285604916422976
v -0.17212276705850035 -0.061526467799843255 -0.14860268586911235
v -0.16807103666560397 -0.06792910894563593 -0.14431480365639573
v -0.1638929249998722 -0.07413535141264362 -0.13999303117336626
v -0.15959250821389398 -0.08014474493210198 -0.13563846098434115
v -0.15517386246025794 -0.08595683923524707 -0.13125218565363742
v -0.150641063891553 -0.09157118405331448 -0.12683529774557223
v -0.14599818866036804 -0.09698732911753984 -0.12238888982446286
v -0.14124931291929171 -0.10220482415915914 -0.11791405445462622
v -0.13639851282091292 -0.10722321890940802 -0.11341188420037954
v -0.13144986451782056 -0.11204206309952212 -0.10888347162604008
v -0.1264074441626033 -0.11666090646073742 -0.10432990929592476
v -0.12127532790784996 -0.12107929872428953 -0.0997522897743508
v -0.11605759190614953 -0.1252967896214141 -0.09515170562563544
v -0.1107583123100906 -0.12931292888334714 -0.09052924941409564
v -0.1053815652722621 -0.13312726624132423 -0.08588601370404861
v -0.09993142694525294 -0.13673935142658108 -0.08122309105981158
v -0.09441197348165171 -0.1401487341703536 -0.0765415740457015
v -0.08882728103404734 -0.1433549642038774 -0.07184255522603561
v -0.08318142575502878 -0.14635759125838824 -0.06712712716513111
v -0.07747848379718458 -0.14915616506512197 -0.06239638242730497
v -0.07172253131310369 -0.1517502353553143 -0.05765141357687441
v -0.06591764445537505 -0.15413935186020086 -0.05289331317815665
v -0.06006789937658722 -0.15632306431101758 -0.048123173795468654
v -0.05417737222932915 -0.15830092243900012 -0.04334208799312764
v -0.04825013916618976 -0.1600724759753842 -0.03855114833545083
v -0.04229027633975762 -0.16163727465140568 -0.03375144738675517
v -0.036301859902621685 -0.1629948681983002 -0.028944077711357888
v -0.030288966007370903 -0.16414480634730352 -0.024130131873576238
v -0.024255670806593764 -0.16508663882965147 -0.019310702437727145
v -0.018206050452879312 -0.16581991537657975 -0.014486881968127835
v -0.012144181098816452 -0.16634418571932408 -0.009659763029095547
v -0.0060741388969936735 -0.16665899958912025 -0.004830438184947189
v -4.817826407308208e-17 -0.166763906717204 -5.551115123125783e-17
v 0.0060741589762971625 -0.16665860681360217 0.004830458724734503
v 0.012144259562915432 -0.1663433995035056 0.009659844241467066
v 0.018206222827594213 -0.1658187343908963 0.014487062565714403
v 0.024255969838072967 -0.16508506107975623 0.019311019712993267
v 0.03028942166209038 -0.16414282917406742 0.0241306216988198
v 0.036302499367385915 -0.1629924882778118 0.028944774538710746
v 0.042291124021699045 -0.16163448799497127 0.033752384248182866
v 0.048251216692768446 -0.16006927792952794 0.0385523568427523
v 0.05417869844833358 -0.1582973076854637 0.043343598337935794
v 0.060069490356133924 -0.15631902686676047 0.04812501474925011
v 0.06591951348390816 -0.1541348850774004 0.052895512092211376
v 0.07172468889939573 -0.1517453319213653 0.05765399638233635
v 0.07748093767033612 -0.1491508170026371 0.062399373635141794
v 0.08318418086446801 -0.14635178992519796 0.06713054986614382
v 0.08883033954953089 -0.14334870029302976 0.07184643109085923
v 0.09441533479326415 -0.14014199771011435 0.07654592332480471
v 0.09993508766340656 -0.13673213178043392 0.08122793258349648
v 0.10538551922769754 -0.13311955210797036 0.08589136488245121
v 0.11076255055387656 -0.12930470829670543 0.09053512623718571
v 0.11606210270968231 -0.1252880499506215 0.0951581226632161
v 0.12128009676285427 -0.12107002667370029 0.09975926017605914
v 0.12641245378113183 -0.11665108806992362 0.10433744479123157
v 0.13145509483225382 -0.11203168374327385 0.10889158252424952
v 0.13640394098395958 -0.10721226329773276 0.11342057939062979
v 0.14125491330398857 -0.10219327633728209 0.11792334140588907
v 0.14600393286007954 -0.09697517246590426 0.12239877458554355
v 0.15064692071997193 -0.09155840128758103 0.12684578494510995
v 0.15517979795140516 -0.08594341240629409 0.13126327850010505
v 0.159598485622118 -0.08013065542602593 0.13565016126604496
v 0.1638989047998499 -0.07412057995075828 0.1400053392584465
v 0.16807697655234022 -0.06791363558447285 0.1443277184928263
v 0.17212862194732778 -0.0615102719311521 0.14861620498470063
v 0.17605003001555844 -0.054912395271054126 0.15287016871453885
v 0.17983846163980333 -0.048127738589542245 0.15709083552262101
v 0.1834914456658396 -0.04116549154825703 0.16127989521417938
v 0.18700651093944493 -0.03403484380883815 0.16543903759444661
v 0.1903811863063969 -0.02674498503292531 0.16956995246865555
v 0.1936130006124727 -0.019305104882159068 0.17367432964203833
v 0.1966994827034499 -0.011724393018179121 0.1777538589198277
v 0.19963816142510613 -0.004012039102625108 0.18181023010725644
v 0.2024265656232186 0.0038227672028623458 0.1858451330095567
v 0.20506222414356487 0.011770836236643576 0.1898602574319613
v 0.20754266583192255 0.019822978337078943 0.1938572931797029
v 0.20986541953406884 0.027970003842527794 0.19783793005801376
v 0.21202801409578134 0.0362027230913505 0.2018038578721266
v 0.21402797836283763 0.04451194642190742 0.20575676642727414
v 0.21586284118101493 0.052888484172557884 0.20969834552868863
v 0.21753013139609084 0.06132314668166225 0.2136302849816028
v 0.21902737785384288 0.06980674428758092 0.21755427459124937
v 0.22035210940004837 0.07833008732867318 0.22147200416286056
v 0.22150185488048485 0.08688398614329941 0.22538516350166912
v 0.22247414314092984 0.09545925106982005 0.22929544241290778
v 0.2232665030271607 0.1040466924465943 0.23320453070180877
v 0.22387646338495493 0.1126371206119826 0.23711411817360478
v 0.22430155306009003 0.12122134590434534 0.24102589463352858
v 0.2245393008983434 0.12979017866204182 0.24494154988681244
v 0.22458723574549252 0.1383344292234324 0.24886277373868898
v 0.2244428864473149 0.1468449079268774 0.252791255994391
v 0.22410378184958796 0.15531242511073626 0.25672868645915076
v 0.22356745079808918 0.1637277911133693 0.2606767549382009
v 0.22283142213859597 0.17208181627313687 0.2646371512367743
v 0.2218932247168859 0.18036531092839828 0.268611565160103
v 0.22075038737873637 0.18856908541751402 0.2726016865134198
v 0.21940043896992478 0.1966839500788443 0.2766092051019575
v 0.21784240494243867 0.20470205868622085 0.2806351471233384
v 0.2160812971731051 0.21262093875536564 0.28467788434474595
v 0.21412362414496106 0.220439461237473 0.28873512492575365
v 0.21197589434104375 0.2281564970837362 0.29280457702593454
v 0.2096446162443902 0.23577091724534957 0.2968839488048622
v 0.20713629833803737 0.24328159267350738 0.3009709484221101
v 0.20445744910502253 0.250687394319403 0.3050632840372513
v 0.20161457702838262 0.25798719313423063 0.30915866380985935
v 0.1986141905911546 0.2651798600691846 0.31325479589950783
v 0.1954627982763758 0.2722642660754583 0.3173493884657697
v 0.19216690856708316 0.2792392821042459 0.32144014966821854
v 0.18873302994631358 0.2861037791067418 0.32552478766642795
v 0.18516767089710442 0.29285662803413925 0.3296010106199709
v 0.18147733990249265 0.2994966998376326 0.3336665266884209
v 0.1776685454455151 0.30602286546841606 0.3377190440313515
v 0.17374779600920923 0.31243399587768306 0.3417562708083358
v 0.16972160007661194 0.3187289620166278 0.3457759151789473
v 0.16559646613076004 0.32490663483644455 0.34977568530275954
v 0.16137890265469107 0.3309658852883268 0.3537532893393456
v 0.15707541813144182 0.3369055843234687 0.35770643544827896
v 0.1526925210440493 0.34272460289306445 0.36163283178913314
v 0.14823671987555076 0.34842181194830757 0.3655301865214813
v 0.14371452310898325 0.3539960824403924 0.3693962078048968
v 0.13913243922738355 0.35944628532051287 0.37322860379895334
v 0.13449697671378913 0.36477129153986265 0.3770250826632239
v 0.12981464405123688 0.369969972049636 0.38078335255728196
v 0.12509194972276372 0.37504119780102696 0.38450112164070116
v 0.12033540221140701 0.3799838397452291 0.38817609807305453
v 0.11555151000020371 0.3847967688334367 0.3918059900139155
v 0.11074678157219062 0.38947885601684384 0.3953885056228577
v 0.10592772541040527 0.3940289722466441 0.39892135305945414
v 0.10110084999788448 0.3984459884740317 0.40240224048327844
v 0.09627236529025315 0.4027293095065842 0.4058291082776041
v 0.09144728713348854 0.4068804755774126 0.4092008257205049
v 0.0866303328461554 0.41090156077601186 0.4125164943137553
v 0.08182621974681843 0.41479463919187703 0.41577521555912944
v 0.07703966515404298 0.4185617849145025 0.41897609095840127
v 0.07227538638639372 0.42220507203338337 0.4221182220133451
v 0.06753810076243537 0.42572657463801444 0.4252007102257352
v 0.06283252560073325 0.4291283668178904 0.42822265709734547
v 0.05816337821985208 0.43241252266250607 0.4311831641299502
v 0.05353537593835657 0.43558111626135654 0.43408133282532374
v 0.04895323607481203 0.4386362217039362 0.4369162646852399
v 0.04442167594778315 0.44157991307974004 0.4396870612114731
v 0.03994541287583468 0.44441426447826304 0.4423928239057975
v 0.035529164177531894 0.4471413499889998 0.4450326542699871
v 0.031177647171439532 0.44976324370144516 0.44760565380581613
v 0.0268955791761223 0.45228201970509413 0.4501109240150589
v 0.0226876775101455 0.45469975208944124 0.4525475663994894
v 0.018558659492073845 0.45701851494398144 0.45491468246088185
v 0.014513242440472085 0.45924038235820963 0.45721137370101045
v 0.010556143673905465 0.46136742842162043 0.4594367416216493
v 0.00669208051093874 0.46340172722370876 0.4615898877245726
v 0.0029257702701366585 0.4653453528539695 0.46366991351155457
v -0.0007380697299355764 0.4672003794018973 0.46567592048436923
v -0.004294722170713165 0.4689688809569871 0.46760701014479084
v -0.007739469733631389 0.47065293160873367 0.4694622839945936
v -0.011067595100125003 0.4722546054466318 0.47124084353555157
v -0.014274380951629249 0.47377597656017634 0.472941790269439
v -0.017355109969579365 0.4752191190388621 0.4745642256980301
v -0.020305064835410166 0.4765861069721839 0.47610725132309883
v -0.023119528230556876 0.4778790144496365 0.47756996864641954
v -0.025793782836454695 0.4790999155607148 0.4789514791697664
l 0 1
l 1 2
l 2 3
l 3 4
l 4 5
l 5 6
l 6 7
l 7 8
l 8 9
l 9 10
l 10 11
l 11 12
l 12 13
l 13 14
l 14 15
l 15 16
l 16 17
l 17 18
l 18 19
l 19 20
l 20 21
l 21 22
l 22 23
l 23 24
l 24 25
l 25 26
l 26 27
l 27 28
l 28 29
l 29 30
l 30 31
l 31 32
l 32 33
l 33 34
l 34 35
l 35 36
l 36 37
l 37 38
l 38 39
l 39 40
l 40 41
l 41 42
l 42 43
l 43 44
l 44 45
l 45 46
l 46 47
l 47 48
l 48 49
l 49 50
l 50 51
l 51 52
l 52 53
l 53 54
l 54 55
l 55 56
l 56 57
l 57 58
l 58 59
l 59 60
l 60 61
l 61 62
l 62 63
l 63 64
l 64 65
l 65 66
l 66 67
l 67 68
l 68 69
l 69 70
l 70 71
l 71 72
l 72 73
l 73 74
l 74 75
l 75 76
l 76 77
l 77 78
l 78 79
l 79 80
l 80 81
l 81 82
l 82 83
l 83 84
l 84 85
l 85 86
l 86 87
l 87 88
l 88 89
l 89 90
l 90 91
l 91 92
l 92 93
l 93 94
l 94 95
l 95 96
l 96 97
l 97 98
l 98 99
l 99 100
l 100 101
l 101 102
l 102 103
l 103 104
l 104 105
l 105 106
l 106 107
l 107 108
l 108 109
l 109 110
l 110 111
l 111 112
l 112 113
l 113 114
l 114 115
l 115 116
l 116 117
l 117 118
l 118 119
l 119 120
l 120 121
l 121 122
l 122 123
l 123 124
l 124 125
l 125 126
l 126 127
l 127 128
l 128 129
l 129 130
l 130 131
l 131 132
l 132 133
l 133 134
l 134 135
l 135 136
l 136 137
l 137 138
l 138 139
l 139 140
l 140 141
l 141 142
l 142 143
l 143 144
l 144 145
l 145 146
l 146 147
l 147 148
l 148 149
l 149 150
l 150 151
l 151 152
l 152 153
l 153 154
l 154 155
l 155 156
l 156 157
l 157 158
l 158 159
l 159 160
l 160 161
l 161 162
l 162 163
l 163 164
l 164 165
l 165 166
l 166 167
l 167 168
l 168 169
l 169 170
l 170 171
l 171 172
l 172 173
l 173 174
l 174 175
l 175 176
l 176 177
l 177 178
l 178 179
l 179 180
l 180 181
l 181 182
l 182 183
l 183 184
l 184 185
l 185 186
l 186 187
l 187 188
l 188 189
l 189 190
l 190 191
l 191 192
l 192 193
l 193 194
l 194 195
l 195 196
l 196 197
l 197 198
l 198 199
l 199 200
l 200 201
l 201 202
l 202 203
l 203 204
l 204 205
l 205 206
l 206 207
l 207 208
l 208 209
l 209 210
l 210 211
l 211 212
l 212 213
l 213 214
l 214 215
l 215 216
l 216 217
l 217 218
l 218 219
l 219 220
l 220 221
l 221 222
l 222 223
l 223 224
l 224 225
l 225 226
l 226 227
l 227 228
l 228 229
l 229 230
l 230 231
l 231 232
l 232 233
l 233 234
l 234 235
l 235 236
l 236 237
l 237 238
l 238 239
l 239 240
l 240 241
l 241 242
l 242 243
l 243 244
l 244 245
l 245 246
l 246 247
l 247 248
l 248 249
l 249 250
l 250 251
l 251 252
l 252 253
l 253 254
l 254 255
l 255 256
l 256 257
l 257 258
l 258 259
l 259 260
l 260 261
l 261 262
l 262 263
l 263 264
l 264 265
l 265 266
l 266 267
l 267 268
l 268 269
l 269 270
l 270 271
l 271 272
l 272 273
l 273 274
l 274 275
l 275 276
l 276 277
l 277 278
l 278 279
l 279 280
l 280 281
l 281 282
l 282 283
l 283 284
l 284 285
l 285 286
l 286 287
l 287 288
l 288 289
l 289 290
l 290 291
l 291 292
l 292 293
l 293 294
l 294 295
l 295 296
l 296 297
l 297 298
l 298 299
l 299 300
l 300 301
l 301 302
l 302 303
l 303 304
l 304 305
l 305 306
l 306 307
l 307 308
l 308 309
l 309 310
l 310 311
l 311 312
l 312 313
l 313 314
l 314 315
l 315 316
l 316 317
l 317 318
l 318 319
l 319 320
l 320 321
l 321 322
l 322 323
l 323 324
l 324 325
l 325 326
l 326 327
l 327 328
l 328 329
l 329 330
l 330 331
l 331 332
l 332 333
l 333 334
l 334 335
l 335 336
l 336 337
l 337 338
l 338 339
l 339 340
l 340 341
l 341 342
l 342 343
l 343 344
l 344 345
l 345 346
l 346 347
l 347 348
l 348 349
l 349 350
l 350 351
l 351 352
l 352 353
l 353 354
l 354 355
l 355 356
l 356 357
l 357 358
l 358 359
l 359 360
l 360 361
l 361 362
l 362 363
l 363 364
l 364 365
l 365 366
l 366 367
l 367 368
l 368 369
l 369 370
l 370 371
l 371 372
l 372 373
l 373 374
l 374 375
l 375 376
l 376 377
l 377 378
l 378 379
l 379 380
l 380 381
l 381 382
l 382 383
l 383 384
l 384 385
l 385 386
l 386 387
l 387 388
l 388 389
l 389 390
l 390 391
l 391 392
l 392 393
l 393 394
l 394 395
l 395 396
l 396 397
l 397 398
l 398 399
l 399 400
l 400 401
l 401 402
l 402 403
l 403 404
l 404 405
l 405 406
l 406 407
l 407 408
l 408 409
l 409 410
l 410 411
l 411 412
l 412 413
l 413 414
l 414 415
l 415 416
l 416 417
l 417 418
l 418 419
l 419 420
l 420 421
l 421 422
l 422 423
l 423 424
l 424 425
l 425 426
l 426 427
l 427 428
l 428 429
l 429 430
l 430 431
l 431 432
l 432 433
l 433 434
l 434 435
l 435 436
l 436 437
l 437 438
l 438 439
l 439 440
l 440 441
l 441 442
l 442 443
l 443 444
l 444 445
l 445 446
l 446 447
l 447 448
l 448 449
l 449 450
l 450 451
l 451 452
l 452 453
l 453 454
l 454 455
l 455 456
l 456 457
l 457 458
l 458 459
l 459 460
l 460 461
l 461 462
l 462 463
l 463 464
l 464 465
l 465 466
l 466 467
l 467 468
l 468 469
l 469 470
l 470 471
l 471 472
l 472 473
l 473 474
l 474 475
l 475 476
l 476 477
l 477 478
l 478 479
l 479 480
l 480 481
l 481 482
l 482 483
l 483 484
l 484 485
l 485 486
l 486 487
l 487 488
l 488 489
l 489 490
l 490 491
l 491 492
l 492 493
l 493 494
l 494 495
l 495 496
l 496 497
l 497 498
l 498 499
l 499 500
l 500 501
l 501 502
l 502 503
l 503 504
l 504 505
l 505 506
l 506 507
l 507 508
l 508 509
l 509 510
l 510 511
l 511 512
l 512 513
l 513 514
l 514 515
l 515 516
l 516 517
l 517 518
l 518 519
l 519 520
l 520 521
l 521 522
l 522 523
l 523 524
l 524 525
l 525 526
l 526 527
l 527 528
l 528 529
l 529 530
l 530 531
l 531 532
l 532 533
l 533 534
l 534 535
l 535 536
l 536 537
l 537 538
l 538 539
l 539 540
l 540 541
l 541 542
l 542 543
l 543 544
l 544 545
l 545 546
l 546 547
l 547 548
l 548 549
l 549 550
l 550 551
l 551 552
l 552 553
l 553 554
l 554 555
l 555 556
l 556 557
l 557 558
l 558 559
l 559 560
l 560 561
l 561 562
l 562 563
l 563 564
l 564 565
l 565 566
l 566 567
l 567 568
l 568 569
l 569 570
l 570 571
l 571 572
l 572 573
l 573 574
l 574 575
l 575 576
l 576 577
l 577 578
l 578 579
l 579 580
l 580 581
l 581 582
l 582 583
l 583 584
l 584 585
l 585 586
l 586 587
l 587 588
l 588 589
l 589 590
l 590 591
l 591 592
l 592 593
l 593 594
l 594 595
l 595 596
l 596 597
l 597 598
l 598 599
l 599 600
l 600 601
l 601 602
l 602 603
l 603 604
l 604 605
l 605 606
l 606 607
l 607 608
l 608 609
l 609 610
l 610 611
l 611 612
l 612 613
l 613 614
l 614 615
l 615 616
l 616 617
l 617 618
l 618 619
l 619 620
l 620 621
l 621 622
l 622 623
l 623 624
l 624 625
l 625 626
l 626 627
l 627 628
l 628 629
l 629 630
l 630 631
l 631 632
l 632 633
l 633 634
l 634 635
l 635 636
l 636 637
l 637 638
l 638 639
l 639 640
l 640 641
l 641 642
l 642 643
l 643 644
l 644 645
l 645 646
l 646 647
l 647 648
l 648 649
l 649 650
l 650 651
l 651 652
l 652 653
l 653 654
l 654 655
l 655 656
l 656 657
l 657 658
l 658 659
l 659 660
l 660 661
l 661 662
l 662 663
l 663 664
l 664 665
l 665 666
l 666 667
l 667 668
l 668 669
l 669 670
l 670 671
l 671 672
l 672 673
l 673 674
l 674 675
l 675 676
l 676 677
l 677 678
l 678 679
l 679 680
l 680 681
l 681 682
l 682 683
l 683 684
l 684 685
l 685 686
l 686 687
l 687 688
l 688 689
l 689 690
l 690 691
l 691 692
l 692 693
l 693 694
l 694 695
l 695 696
l 696 697
l 697 698
l 698 699
l 699 700
l 700 701
l 701 702
l 702 703
l 703 704
l 704 705
l 705 706
l 706 707
l 707 708
l 708 709
l 709 710
l 710 711
l 711 712
l 712 713
l 713 714
l 714 715
l 715 716
l 716 717
l 717 718
l 718 719
l 719 720
l 720 721
l 721 722
l 722 723
l 723 724
l 724 725
l 725 726
l 726 727
l 727 728
l 728 729
l 729 730
l 730 731
l 731 732
l 732 733
l 733 734
l 734 735
l 735 736
l 736 737
l 737 738
l 738 739
l 739 740
l 740 741
l 741 742
l 742 743
l 743 744
l 744 745
l 745 746
l 746 747
l 747 748
l 748 749
l 749 750
l 750 751
l 751 752
l 752 753
l 753 754
l 754 755
l 755 756
l 756 757
l 757 758
l 758 759
l 759 760
l 760 761
l 761 762
l 762 763
l 763 764
l 764 765
l 765 766
l 766 767
l 767 768
l 768 769
l 769 770
l 770 771
l 771 772
l 772 773
l 773 774
l 774 775
l 775 776
l 776 777
l 777 778
l 778 779
l 779 780
l 780 781
l 781 782
l 782 783
l 783 784
l 784 785
l 785 786
l 786 787
l 787 788
l 788 789
l 789 790
l 790 791
l 791 792
l 792 793
l 793 794
l 794 795
l 795 796
l 796 797
l 797 798
l 798 799
l 799 800
l 800 801
l 801 802
l 802 803
l 803 804
l 804 805
l 805 806
l 806 807
l 807 808
l 808 809
l 809 810
l 810 811
l 811 812
l 812 813
l 813 814
l 814 815
l 815 816
l 816 817
l 817 818
l 818 819
l 819 820
l 820 821
l 821 822
l 822 823
l 823 824
l 824 825
l 825 826
l 826 827
l 827 828
l 828 829
l 829 830
l 830 831
l 831 832
l 832 833
l 833 834
l 834 835
l 835 836
l 836 837
l 837 838
l 838 839
l 839 840
l 840 841
l 841 842
l 842 843
l 843 844
l 844 845
l 845 846
l 846 847
l 847 848
l 848 849
l 849 850
l 850 851
l 851 852
l 852 853
l 853 854
l 854 855
l 855 856
l 856 857
l 857 858
l 858 859
l 859 860
l 860 861
l 861 862
l 862 863
l 863 864
l 864 865
l 865 866
l 866 867
l 867 868
l 868 869
l 869 870
l 870 871
l 871 872
l 872 873
l 873 874
l 874 875
l 875 876
l 876 877
l 877 878
l 878 879
l 879 880
l 880 881
l 881 882
l 882 883
l 883 884
l 884 885
l 885 886
l 886 887
l 887 888
l 888 889
l 889 890
l 890 891
l 891 892
l 892 893
l 893 894
l 894 895
l 895 896
l 896 897
l 897 898
l 898 899
l 899 900
l 900 901
l 901 902
l 902 903
l 903 904
l 904 905
l 905 906
l 906 907
l 907 908
l 908 909
l 909 910
l 910 911
l 911 912
l 912 913
l 913 914
l 914 915
l 915 916
l 916 917
l 917 918
l 918 919
l 919 920
l 920 921
l 921 922
l 922 923
l 923 924
l 924 925
l 925 926
l 926 927
l 927 928
l 928 929
l 929 930
l 930 931
l 931 932
l 932 933
l 933 934
l 934 935
l 935 936
l 936 937
l 937 938
l 938 939
l 939 940
l 940 941
l 941 942
l 942 943
l 943 944
l 944 945
l 945 946
l 946 947
l 947 948
l 948 949
l 949 950
l 950 951
l 951 952
l 952 953
l 953 954
l 954 955
l 955 956
l 956 957
l 957 958
l 958 959
l 959 960
l 960 961
l 961 962
l 962 963
l 963 964
l 964 965
l 965 966
l 966 967
l 967 968
l 968 969
l 969 970
l 970 971
l 971 972
l 972 973
l 973 974
l 974 975
l 975 976
l 976 977
l 977 978
l 978 979
l 979 980
l 980 981
l 981 982
l 982 983
l 983 984
l 984 985
l 985 986
l 986 987
l 987 988
l 988 989
l 989 990
l 990 991
l 991 992
l 992 993
l 993 994
l 994 995
l 995 996
l 996 997
l 997 998
l 998 999
l 999 1000
l 1000 1001
l 1001 1002
l 1002 1003
l 1003 1004
l 1004 1005
l 1005 1006
l 1006 1007
l 1007 1008
l 1008 1009
l 1009 1010
l 1010 1011
l 1011 1012
l 1012 1013
l 1013 1014
l 1014 1015
l 1015 1016
l 1016 1017
l 1017 1018
l 1018 1019
l 1019 1020
l 1020 1021
l 1021 1022
l 1022 1023
l 1023 1024
l 1024 1025
l 1025 1026
l 1026 1027
l 1027 1028
l 1028 1029
l 1029 1030
l 1030 1031
l 1031 1032
l 1032 1033
l 1033 1034
l 1034 1035
l 1035 1036
l 1036 1037
l 1037 1038
l 1038 1039
l 1039 1040
l 1040 1041
l 1041 1042
l 1042 1043
l 1043 1044
l 1044 1045
l 1045 1046
l 1046 1047
l 1047 1048
l 1048 1049
l 1049 1050
l 1050 1051
l 1051 1052
l 1052 1053
l 1053 1054
l 1054 1055
l 1055 1056
l 1056 1057
l 1057 1058
l 1058 1059
l 1059 1060
l 1060 1061
l 1061 1062
l 1062 1063
l 1063 1064
l 1064 1065
l 1065 1066
l 1066 1067
l 1067 1068
l 1068 1069
l 1069 1070
l 1070 1071
l 1071 1072
l 1072 1073
l 1073 1074
l 1074 1075
l 1075 1076
l 1076 1077
l 1077 1078
l 1078 1079
l 1079 1080
l 1080 1081
l 1081 1082
l 1082 1083
l 1083 1084
l 1084 1085
l 1085 1086
l 1086 1087
l 1087 1088
l 1088 1089
l 1089 1090
l 1090 1091
l 1091 1092
l 1092 1093
l 1093 1094
l 1094 1095
l 1095 1096
l 1096 1097
l 1097 1098
l 1098 1099
l 1099 1100
l 1100 1101
l 1101 1102
l 1102 1103
l 1103 1104
l 1104 1105
l 1105 1106
l 1106 1107
l 1107 1108
l 1108 1109
l 1109 1110
l 1110 1111
l 1111 1112
l 1112 1113
l 1113 1114
l 1114 1115
l 1115 1116
l 1116 1117
l 1117 1118
l 1118 1119
l 1119 1120
l 1120 1121
l 1121 1122
l 1122 1123
l 1123 1124
l 1124 1125
l 1125 1126
l 1126 1127
l 1127 1128
l 1128 1129
l 1129 1130
l 1130 1131
l 1131 1132
l 1132 1133
l 1133 1134
l 1134 1135
l 1135 1136
l 1136 1137
l 1137 1138
l 1138 1139
l 1139 1140
l 1140 1141
l 1141 1142
l 1142 1143
l 1143 1144
l 1144 1145
l 1145 1146
l 1146 1147
l 1147 1148
l 1148 1149
l 1149 1150
l 1150 1151
l 1151 1152
l 1152 1153
l 1153 1154
l 1154 1155
l 1155 1156
l 1156 1157
l 1157 1158
l 1158 1159
l 1159 1160
l 1160 1161
l 1161 1162
l 1162 1163
l 1163 1164
l 1164 1165
l 1165 1166
l 1166 1167
l 1167 1168
l 1168 1169
l 1169 1170
l 1170 1171
l 1171 1172
l 1172 1173
l 1173 1174
l 1174 1175
l 1175 1176
l 1176 1177
l 1177 1178
l 1178 1179
l 1179 1180
l 1180 1181
l 1181 1182
l 1182 1183
l 1183 1184
l 1184 1185
l 1185 1186
l 1186 1187
l 1187 1188
l 1188 1189
l 1189 1190
l 1190 1191
l 1191 1192
l 1192 1193
l 1193 1194
l 1194 1195
l 1195 1196
l 1196 1197
l 1197 1198
l 1198 1199
l 1199 1200
l 1200 1201
l 1201 1202
l 1202 1203
l 1203 1204
l 1204 1205
l 1205 1206
l 1206 1207
l 1207 1208
l 1208 1209
l 1209 1210
l 1210 1211
l 1211 1212
l 1212 1213
l 1213 1214
l 1214 1215
l 1215 1216
l 1216 1217
l 1217 1218
l 1218 1219
l 1219 1220
l 1220 1221
l 1221 1222
l 1222 1223
l 1223 1224
l 1224 1225
l 1225 1226
l 1226 1227
l 1227 1228
l 1228 1229
l 1229 1230
l 1230 1231
l 1231 1232
l 1232 1233
l 1233 1234
l 1234 1235
l 1235 1236
l 1236 1237
l 1237 1238
l 1238 1239
l 1239 1240
l 1240 1241
l 1241 1242
l 1242 1243
l 1243 1244
l 1244 1245
l 1245 1246
l 1246 1247
l 1247 1248
l 1248 1249
l 1249 1250
l 1250 1251
l 1251 1252
l 1252 1253
l 1253 1254
l 1254 1255
l 1255 1256
l 1256 1257
l 1257 1258
l 1258 1259
l 1259 1260
l 1260 1261
l 1261 1262
l 1262 1263
l 1263 1264
l 1264 1265
l 1265 1266
l 1266 1267
l 1267 1268
l 1268 1269
l 1269 1270
l 1270 1271
l 1271 1272
l 1272 1273
l 1273 1274
l 1274 1275
l 1275 1276
l 1276 1277
l 1277 1278
l 1278 1279
l 1279 1280
l 1280 1281
l 1281 1282
l 1282 1283
l 1283 1284
l 1284 1285
l 1285 1286
l 1286 1287
l 1287 1288
l 1288 1289
l 1289 1290
l 1290 1291
l 1291 1292
l 1292 1293
l 1293 1294
l 1294 1295
l 1295 1296
l 1296 1297
l 1297 1298
l 1298 1299
l 1299 1300
l 1300 1301
l 1301 1302
l 1302 1303
l 1303 1304
l 1304 1305
l 1305 1306
l 1306 1307
l 1307 1308
l 1308 1309
l 1309 1310
l 1310 1311
l 1311 1312
l 1312 1313
l 1313 1314
l 1314 1315
l 1315 1316
l 1316 1317
l 1317 1318
l 1318 1319
l 1319 1320
l 1320 1321
l 1321 1322
l 1322 1323
l 1323 1324
l 1324 1325
l 1325 1326
l 1326 1327
l 1327 1328
l 1328 1329
l 1329 1330
l 1330 1331
l 1331 1332
l 1332 1333
l 1333 1334
l 1334 1335
l 1335 1336
l 1336 1337
l 1337 1338
l 1338 1339
l 1339 1340
l 1340 1341
l 1341 1342
l 1342 1343
l 1343 1344
l 1344 1345
l 1345 1346
l 1346 1347
l 1347 1348
l 1348 1349
l 1349 1350
l 1350 1351
l 1351 1352
l 1352 1353
l 1353 1354
l 1354 1355
l 1355 1356
l 1356 1357
l 1357 1358
l 1358 1359
l 1359 1360
l 1360 1361
l 1361 1362
l 1362 1363
l 1363 1364
l 1364 1365
l 1365 1366
l 1366 1367
l 1367 1368
l 1368 1369
l 1369 1370
l 1370 1371
l 1371 1372
l 1372 1373
l 1373 1374
l 1374 1375
l 1375 1376
l 1376 1377
l 1377 1378
l 1378 1379
l 1379 1380
l 1380 1381
l 1381 1382
l 1382 1383
l 1383 1384
l 1384 1385
l 1385 1386
l 1386 1387
l 1387 1388
l 1388 1389
l 1389 1390
l 1390 1391
l 1391 1392
l 1392 1393
l 1393 1394
l 1394 1395
l 1395 1396
l 1396 1397
l 1397 1398
l 1398 1399
l 1399 1400
l 1400 1401
l 1401 1402
l 1402 1403
l 1403 1404
l 1404 1405
l 1405 1406
l 1406 1407
l 1407 1408
l 1408 1409
l 1409 1410
l 1410 1411
l 1411 1412
l 1412 1413
l 1413 1414
l 1414 1415
l 1415 1416
l 1416 1417
l 1417 1418
l 1418 1419
l 1419 1420
l 1420 1421
l 1421 1422
l 1422 1423
l 1423 1424
l 1424 1425
l 1425 1426
l 1426 1427
l 1427 1428
l 1428 1429
l 1429 1430
l 1430 1431
l 1431 1432
l 1432 1433
l 1433 1434
l 1434 1435
l 1435 1436
l 1436 1437
l 1437 1438
l 1438 1439
l 1439 1440
l 1440 1441
l 1441 1442
l 1442 1443
l 1443 1444
l 1444 1445
l 1445 1446
l 1446 1447
l 1447 1448
l 1448 1449
l 1449 1450
l 1450 1451
l 1451 1452
l 1452 1453
l 1453 1454
l 1454 1455
l 1455 1456
l 1456 1457
l 1457 1458
l 1458 1459
l 1459 1460
l 1460 1461
l 1461 1462
l 1462 1463
l 1463 1464
l 1464 1465
l 1465 1466
l 1466 1467
l 1467 1468
l 1468 1469
l 1469 1470
l 1470 1471
l 1471 1472
l 1472 1473
l 1473 1474
l 1474 1475
l 1475 1476
l 1476 1477
l 1477 1478
l 1478 1479
l 1479 1480
l 1480 1481
l 1481 1482
l 1482 1483
l 1483 1484
l 1484 1485
l 1485 1486
l 1486 1487
l 1487 1488
l 1488 1489
l 1489 1490
l 1490 1491
l 1491 1492
l 1492 1493
l 1493 1494
l 1494 1495
l 1495 1496
l 1496 1497
l 1497 1498
l 1498 1499
l 1499 1500
l 1500 1501
l 1501 1502
l 1502 1503
l 1503 1504
l 1504 1505
l 1505 1506
l 1506 1507
l 1507 1508
l 1508 1509
l 1509 1510
l 1510 1511
l 1511 1512
l 1512 1513
l 1513 1514
l 1514 1515
l 1515 1516
l 1516 1517
l 1517 1518
l 1518 1519
l 1519 1520
l 1520 1521
l 1521 1522
l 1522 1523
l 1523 1524
l 1524 1525
l 1525 1526
l 1526 1527
l 1527 1528
l 1528 1529
l 1529 1530
l 1530 1531
l 1531 1532
l 1532 1533
l 1533 1534
l 1534 1535
l 1535 1536
l 1536 1537
l 1537 1538
l 1538 1539
l 1539 1540
l 1540 1541
l 1541 1542
l 1542 1543
l 1543 1544
l 1544 1545
l 1545 1546
l 1546 1547
l 1547 1548
l 1548 1549
l 1549 1550
l 1550 1551
l 1551 1552
l 1552 1553
l 1553 1554
l 1554 1555
l 1555 1556
l 1556 1557
l 1557 1558
l 1558 1559
l 1559 1560
l 1560 1561
l 1561 1562
l 1562 1563
l 1563 1564
l 1564 1565
l 1565 1566
l 1566 1567
l 1567 1568
l 1568 1569
l 1569 1570
l 1570 1571
l 1571 1572
l 1572 1573
l 1573 1574
l 1574 1575
l 1575 1576
l 1576 1577
l 1577 1578
l 1578 1579
l 1579 1580
l 1580 1581
l 1581 1582
l 1582 1583
l 1583 1584
l 1584 1585
l 1585 1586
l 1586 1587
l 1587 1588
l 1588 1589
l 1589 1590
l 1590 1591
l 1591 1592
l 1592 1593
l 1593 1594
l 1594 1595
l 1595 1596
l 1596 1597
l 1597 1598
l 1598 1599
l 1599 1600
l 1600 1601
l 1601 1602
l 1602 1603
l 1603 1604
l 1604 1605
l 1605 1606
l 1606 1607
l 1607 1608
l 1608 1609
l 1609 1610
l 1610 1611
l 1611 1612
l 1612 1613
l 1613 1614
l 1614 1615
l 1615 1616
l 1616 1617
l 1617 1618
l 1618 1619
l 1619 1620
l 1620 1621
l 1621 1622
l 1622 1623
l 1623 1624
l 1624 1625
l 1625 1626
l 1626 1627
l 1627 1628
l 1628 1629
l 1629 1630
l 1630 1631
l 1631 1632
l 1632 1633
l 1633 1634
l 1634 1635
l 1635 1636
l 1636 1637
l 1637 1638
l 1638 1639
l 1639 1640
l 1640 1641
l 1641 1642
l 1642 1643
l 1643 1644
l 1644 1645
l 1645 1646
l 1646 1647
l 1647 1648
l 1648 1649
l 1649 1650
l 1650 1651
l 1651 1652
l 1652 1653
l 1653 1654
l 1654 1655
l 1655 1656
l 1656 1657
l 1657 1658
l 1658 1659
l 1659 1660
l 1660 1661
l 1661 1662
l 1662 1663
l 1663 1664
l 1664 1665
l 1665 1666
l 1666 1667
l 1667 1668
l 1668 1669
l 1669 1670
l 1670 1671
l 1671 1672
l 1672 1673
l 1673 1674
l 1674 1675
l 1675 1676
l 1676 1677
l 1677 1678
l 1678 1679
l 1679 1680
l 1680 1681
l 1681 1682
l 1682 1683
l 1683 1684
l 1684 1685
l 1685 1686
l 1686 1687
l 1687 1688
l 1688 1689
l 1689 1690
l 1690 1691
l 1691 1692
l 1692 1693
l 1693 1694
l 1694 1695
l 1695 1696
l 1696 1697
l 1697 1698
l 1698 1699
l 1699 1700
l 1700 1701
l 1701 1702
l 1702 1703
l 1703 1704
l 1704 1705
l 1705 1706
l 1706 1707
l 1707 1708
l 1708 1709
l 1709 1710
l 1710 1711
l 1711 1712
l 1712 1713
l 1713 1714
l 1714 1715
l 1715 1716
l 1716 1717
l 1717 1718
l 1718 1719
l 1719 1720
l 1720 1721
l 1721 1722
l 1722 1723
l 1723 1724
l 1724 1725
l 1725 1726
l 1726 1727
l 1727 1728
l 1728 1729
l 1729 1730
l 1730 1731
l 1731 1732
l 1732 1733
l 1733 1734
l 1734 1735
l 1735 1736
l 1736 1737
l 1737 1738
l 1738 1739
l 1739 1740
l 1740 1741
l 1741 1742
l 1742 1743
l 1743 1744
l 1744 1745
l 1745 1746
l 1746 1747
l 1747 1748
l 1748 1749
l 1749 1750
l 1750 1751
l 1751 1752
l 1752 1753
l 1753 1754
l 1754 1755
l 1755 1756
l 1756 1757
l 1757 1758
l 1758 1759
l 1759 1760
l 1760 1761
l 1761 1762
l 1762 1763
l 1763 1764
l 1764 1765
l 1765 1766
l 1766 1767
l 1767 1768
l 1768 1769
l 1769 1770
l 1770 1771
l 1771 1772
l 1772 1773
l 1773 1774
l 1774 1775
l 1775 1776
l 1776 1777
l 1777 1778
l 1778 1779
l 1779 1780
l 1780 1781
l 1781 1782
l 1782 1783
l 1783 1784
l 1784 1785
l 1785 1786
l 1786 1787
l 1787 1788
l 1788 1789
l 1789 1790
l 1790 1791
l 1791 1792
l 1792 1793
l 1793 1794
l 1794 1795
l 1795 1796
l 1796 1797
l 1797 1798
l 1798 1799
l 1799 1800
l 1800 1801
l 1801 1802
l 1802 1803
l 1803 1804
l 1804 1805
l 1805 1806
l 1806 1807
l 1807 1808
l 1808 1809
l 1809 1810
l 1810 1811
l 1811 1812
l 1812 1813
l 1813 1814
l 1814 1815
l 1815 1816
l 1816 1817
l 1817 1818
l 1818 1819
l 1819 1820
l 1820 1821
l 1821 1822
l 1822 1823
l 1823 1824
l 1824 1825
l 1825 1826
l 1826 1827
l 1827 1828
l 1828 1829
l 1829 1830
l 1830 1831
l 1831 1832
l 1832 1833
l 1833 1834
l 1834 1835
